id,gloss,target,gloss_tokens,target_tokens,token_overlap,matched_tokens
aslg_pc12:073948f81fc8d0184901,"DESC-HOWEVER , HOW BE BANKING SECTOR GO TO RESPOND ?","however , how is the banking sector going to respond ?",9,9,0.666667,GO
aslg_pc12:3ef63ae68ad9c1bf790f,THAT DESC-SUSTAINABLE PRODUCTION FOOD BE DESC-DIRECTLY LINK TO DESC-EFFICIENT USE WATER .,that the sustainable production of food is directly linked to the efficient use of water.,14,15,0.75,FOOD
aslg_pc12:764ed599ffefd6fbbe34,"X-Y HAVE BE GO ON DESC-NOT FOR DESC-JUST ONE DAY OR ONE MONTH , BUT FOR 50 YEAR .","they have been going on not for just one day or one month , but for 50 years .",19,16,0.625,GO
aslg_pc12:15f5df8795502c6346e0,"DESC-INITIALLY , DESC-HOWEVER , COUNCIL BE DESC-NOT PREPARE TO GO THAT DESC-FAR .","initially , however , the council was not prepared to go that far .",14,11,0.727273,GO
aslg_pc12:b597f0522a616d5b0c78,HEALTH BE DESC-NOT COMMODITY TO BE BUY AND SELL ON DESC-INTERNAL MARKET .,health is not a commodity to be bought and sold on the internal market .,14,14,0.75,BUY
aslg_pc12:09a459628f2844908676,"X-IT BE DESC-GOOD THAT , TOMORROW , X-WE FACT FIND MISSION BE GO TO BELARUS .","it is good that , tomorrow , our fact finding mission is going to belarus .",16,13,0.571429,GO
aslg_pc12:21a688a8a66674a7887a,CONSUMER MUST KNOW WHAT X-Y BE BUY AND FOR WHAT X-Y BE PAY .,consumers must know what they are buying and for what they are paying .,15,13,0.454545,BUY
aslg_pc12:69fefe70317cd2dd4b0e,DESC-NEW MINISTRY DESC-HUMAN AND MINORITY RIGHTS IN SERBIUM BE PLAY DESC-IMPORTANT PART IN THIS WORK .,the new ministry of human and minority rights in serbia is playing an important part in this work .,18,18,0.733333,PLAY
aslg_pc12:3a62a18cd11ba66ddbd9,DESC-YET DEVELOPMENT ANIMAL CLONING AS METHOD FOOD PRODUCTION BE BE PURSUE WITHOUT PUBLIC AWARENESS .,yet the development of animal cloning as a method of food production is being pursued without public awareness .,15,18,0.785714,FOOD
aslg_pc12:1e6ef8aa00b8ecd7034c,DESC-APPROPRIATE MANAGEMENT FARM WILL RESULT IN CARBON CAPTURE AND DESC-GREATER FOOD SECURITY .,appropriate management of farms will result in carbon capture and greater food security .,14,13,0.846154,FOOD
aslg_pc12:6abf18ed24681f9576d8,DESC-SECOND EXAMPLE RED TAPE .,second example red tape .,5,4,0.8,RED
aslg_pc12:1430bb07fdfa3d6dc62e,ENSURE FOOD QUALITY HARMONISATION OR DESC-MUTUAL RECOGNITION STANDARD,ensuring food quality harmonisation or mutual recognition of standards,9,9,0.666667,FOOD
aslg_pc12:a14c9973b69a8d88d0cd,"DESC-SEPARATE , BUT NO DESC-LESS DESC-IMPORTANT ISSUE , BE REDUCE RED TAPE WHICH PLAGUE DESC-MANY SME .","a separate , but no less important issue , is reducing the red tape which plagues many smes .",18,16,0.666667,RED
aslg_pc12:3c2fddd65b604ffcaecb,X-I HAVE DESC-FEW COMMENT ABOUT AMENDMENT WHICH HAVE BE TABLE AND WHICH BE GO TO BE DISCUSS .,i have a few comments about the amendments which have been tabled and which are going to be discussed .,19,19,0.533333,GO
aslg_pc12:3f412b35d47aee397f64,"AS X-YOU DESC-WELL KNOW , DESC-LATEST TRIALOGUE DESC-ACTUALLY TAKE PLACE YESTERDAY EVENING .","as you well know , the latest trialogue actually took place yesterday evening .",15,12,0.769231,YESTERDAY
aslg_pc12:a593d192adc0e4bb1298,NOBODY WANT TO SEND WOMAN INTO HOME .,nobody wants to send women into the home .,7,8,0.714286,WOMAN
aslg_pc12:4ed0a396c3d12910ac44,X-WE ALL KNOW X-IT X-IT BE KIND ESCAPISM FOR DESC-MODERN MAN AND WOMAN .,we all know it it is a kind of escapism for the modern man and woman .,17,16,0.785714,WOMAN
aslg_pc12:49ea478f14facf129a38,X-I TRUST THOSE WHO VOTE FOR THIS MADNESS WILL STAND OVER X-IT WHEN X-IT ALL GO DESC-WRONG .,i trust those who voted for this madness will stand over it when it all goes wrong .,21,17,0.777778,GO
aslg_pc12:4a10302d5e54d4e136b9,X-Y BE LINK TO X-WE DESC-TRADITIONAL PRODUCER AND X-WE SET DESC-GREAT STORE BY THIS FOR FUTURE .,they are linked to our traditional producers and we set great store by this for the future .,21,17,0.647059,STORE
aslg_pc12:f829c3eacca9232919df,"SITUATION THIS KIND MAY FAVOR CHILD TRAFFICKING , BECAUSE CHECK IDENTITY CHILD BE MAKE DESC-DIFFICULT .","situations of this kind may favour child trafficking , because checking the identity of the child is made difficult .",15,18,0.571429,CHILD
aslg_pc12:616e3a3ddf089da8e231,COST RUN SE POOL WOULD AMOUNT TO DESC-PERHAPS EUR 1 MILLION PER YEAR .,the cost of running these pools would amount to perhaps eur 1 million per year .,13,14,0.692308,RUN
aslg_pc12:b0c4c3196c1cf30e28bb,AID AGENCY IN DARFUR RUN DESC-LARGEST DESC-HUMANITARIAN OPERATION IN WORLD .,the aid agencies in darfur run the largest humanitarian operation in the world .,12,13,0.8,RUN
aslg_pc12:9cad967e3ae9d9d85bab,DESC-ELDERLY WOMAN HAVE DESC-GREATER DIFFICULTY IN PROTECT X-MSELVES .,elderly women have greater difficulty in protecting themselves .,11,8,0.5,WOMAN
aslg_pc12:3acbc75e5479444f519b,CAR BE BECOME DESC-TOO DESC-EXPENSIVE FOR PEOPLE ON DESC-LOWER INCOME .,cars are becoming too expensive for people on lower incomes .,13,10,0.545455,CAR
aslg_pc12:3230b03a1908189c90ae,X-IT BE DESC-PATENTLY DESC-OBVIOUS THAT DESC-SEXUAL EXPLOITATION CHILD SHOULD BE BRING TO END .,it is patently obvious that the sexual exploitation of children should be brought to an end .,17,16,0.714286,CHILD
aslg_pc12:b61e37023f203f6dcf5e,CHILD PORNOGRAPHY IN ALL X-ITS MANIFESTATION BE NO MORE AND NO DESC-LESS THAN CRIME AGAINST HUMANITY .,child pornography in all its manifestations is no more and no less than a crime against humanity .,18,17,0.764706,CHILD
aslg_pc12:9992258ae0546238a277,THAT CAN DESC-ONLY MEAN THAT DESC-MILITARY ACTION HAVE DESC-LEGITIMATE PART TO PLAY .,that can only mean that military action has a legitimate part to play .,15,13,0.833333,PLAY
aslg_pc12:3d45101e86ad99f15f98,"NO , THIS BE DESC-MERELY PLAY ON PEOPLE X-POSS PREJUDICE , DESC-NOT PROTECT PEOPLE .","no , this is merely playing on people's prejudices , not protecting people .",15,11,0.461538,PLAY
aslg_pc12:81c3dd684cff3db6447d,"SE CHANGE GO IN DIRECTION SIMPLIFICATION , DESC-THUS IMPLEMENT SPECIFIC REQUEST BY EUROPEAN PARLIAMENT .","these changes go in the direction of simplification , thus implementing a specific request by the european parliament .",14,17,0.714286,GO
aslg_pc12:ec474bc427953ceac682,"SE PERIOD ADD DESC-UP AND , AS RESULT , WOMAN X-POSS DESC-PROFESSIONAL CAREER PROGRESS DESC-MUCH MORE DESC-SLOWLY .","these periods add up and , as a result , women's professional careers progress much more slowly .",20,15,0.588235,WOMAN
aslg_pc12:cfa230ff859a48bf7a4a,"DESC-HUNGARIAN TEACHER , AND DESC-INDEED DESC-ENTIRE DESC-HUNGARIAN COMMUNITY IN SLOVAKIUM , BE DESC-JUSTIFIABLY DESC-OUTRAGED .","hungarian teachers , and indeed the entire hungarian community in slovakia , are justifiably outraged .",18,13,0.666667,TEACHER
aslg_pc12:93b6fb86cb97596eff50,"DESC-SADLY , TRAFFICKING IN WOMAN BE DESC-ALSO DESC-FAMILIAR AND DESC-FREQUENT PHENOMENON .","sadly , trafficking in women is also a familiar and frequent phenomenon .",14,11,0.727273,WOMAN
aslg_pc12:989ac4353e1d14e22b09,X-WE MUST DESC-UNCOMPROMISINGLY OPPOSE THIS LAW AND OPPRESSION WOMAN .,we must uncompromisingly oppose this law and the oppression of women .,11,11,0.727273,WOMAN
aslg_pc12:124162e19b1580bce6c4,"EVERY DAY , 72 MILLION CHILD DESC-MAINLY GIRL DO DESC-NOT GO TO SCHOOL .","every day , 72 million children mainly girls do not go to school .",13,11,0.75,CHILD|GO
aslg_pc12:36fb5ba3474e03752e6e,"X-IT WILL GIVE STUDENT , DESC-ACADEMIC AND UNIVERSITY INCREASE ACCESS TO INFORMATION AND RESEARCH .","it will give students , academics and universities increased access to information and research .",15,13,0.571429,STUDENT
aslg_pc12:be36e3487c464b111d3f,"X-WE DESC-NATIONAL CAR , DACIUM , BE ONE EXAMPLE X-I CAN GIVE THIS .","our national car , the dacia , is one example I can give of this .",14,13,0.615385,CAR
aslg_pc12:ed077661faab9a654f14,"IN FACT , X-I BE GO TO RUSSIAN EMBASSY TOMORROW TO GET X-MY VISA .","in fact , I am going to the russian embassy tomorrow to get my visa .",15,14,0.769231,GO
aslg_pc12:c6dec066d31879e290eb,LET X-WE DESC-FINALLY BURY THIS DAMAGE TREATY AND STOP PLAY AT PYROMANIAC FIREFIGHTER .,let us finally bury this damaging treaty and stop playing at pyromaniac firefighters .,15,13,0.6,PLAY
aslg_pc12:51baf5a63e586ff5a3a4,EU STANDARD FOR PLACE FOOD ON MARKET BE DESC-ALREADY AMONG DESC-TOUGHEST IN WORLD .,eu standards for placing food on the market are already among the toughest in the world .,15,16,0.714286,FOOD
aslg_pc12:aa27f77fe558821e33c9,DESC-POSSIBLE SOLUTION WOULD BE TO ALLOW ABSENCE GMO IN FOOD TO BE MENTION ON LABEL .,a possible solution would be to allow the absence of gmo in foods to be mentioned on the label .,16,19,0.785714,FOOD
aslg_pc12:ac5565ee7966a9b686fd,"DESC-OFTEN X-Y BE PEOPLE WITH DISABILITY , OR DESC-EVEN CHILD .","often they are people with disabilities , or even children .",12,9,0.454545,CHILD
aslg_pc12:d474feb2da92a9180640,DISCHARGE 2005 EUROPEAN FOOD SAFETY AUTHORITY VOTE,discharge 2005 european food safety authority vote,6,6,1.0,FOOD
aslg_pc12:659ca6990df7f29c079f,"AMONG DESC-VARIOUS AMENDMENT THAT X-I SUPPORT , X-I WOULD HIGHLIGHT THOSE DESC-DIRECTLY AFFECT CHILD X-POSS GOODS .","among the various amendments that I support , I would highlight those directly affecting children's goods .",20,15,0.625,CHILD
aslg_pc12:7ed2297bed1227028359,X-IT BE DESC-IMPORTANT TO X-WE THAT DESC-SEXUAL AND DESC-REPRODUCTIVE RIGHTS WOMAN BE RECOGNIZE .,it is important to us that the sexual and reproductive rights of women are recognised .,18,15,0.571429,WOMAN
aslg_pc12:8b8ea74e335de10352c5,X-MY FEELING BE THAT DESC-RE BE LOT COOPERATION GO ON BETWEEN MEMBER STATE ON THIS .,my feeling is that there is a lot of cooperation going on between the member states on this .,17,18,0.6,GO
aslg_pc12:1e9dcff5a49ce6028f17,"FUS MR PRESIDENT , COMMISSIONER , X-MY THANKS GO TO MR PARISH FOR THIS DEBATE .","fi mr president , commissioner , my thanks go to mr parish for this debate .",14,13,0.846154,GO
aslg_pc12:de27724d390c751d1e96,"TO WHERE BE X-WE GO TO RETURN X-Y IF , BY CHANCE , X-Y WANT TO ENTER EUROPE ?","to where are we going to return them if , by chance , they want to enter europe ?",19,16,0.714286,GO
aslg_pc12:72291c2777cb7afd5db7,X-WE BELIEVE THAT DISTRIBUTION FOOD TO MOST DEPRIVE PERSON IN COMMUNITY SHOULD BE ABOLISH .,we believe that the distribution of food to the most deprived persons in the community should be abolished .,15,18,0.733333,FOOD
aslg_pc12:7e019f8b6ff5c9e09c4b,"DESC-ONLY YESTERDAY , X-WE HAVE MEETING WITH COMMISSION IN MADRID .","only yesterday , we had a meeting with the commission in madrid .",11,11,0.727273,YESTERDAY
aslg_pc12:c5e1dc9a2fc455926294,"X-WE CAN DESC-NOT ALLOW THAT TO GO ON , BECAUSE SOLVIT PROVIDE X-WE WITH DESC-EXCELLENT SERVICE .","we cannot allow that to go on , because solvit provides us with an excellent service .",19,15,0.6875,GO
aslg_pc12:e2b1dd45dffa8ff154bf,DESC-YOUNG WOMAN MUST BE DESC-ABLE TO MAKE DECISION DESC-FREELY AND DESC-AUTONOMOUSLY .,young women must be able to make decisions freely and autonomously .,15,11,0.75,WOMAN
aslg_pc12:f873f985066ee6cfc85f,VIOLENCE AGAINST WOMAN BE DESC-MAJOR DESC-SOCIAL ISSUE THAT CAN DESC-NOT DESC-SIMPLY BE REDUCE TO WOMAN X-POSS ISSUE .,violence against women is a major social issue that cannot simply be reduced to a women's issue .,22,17,0.5625,WOMAN
aslg_pc12:a7ed880696c9df601add,X-I CONGRATULATE PARLIAMENT ON PUSH MEMBER STATE TO GO DESC-FURR THAN X-Y WANT TO GO .,i congratulate parliament on pushing the member states to go further than they wanted to go .,18,16,0.533333,GO
aslg_pc12:ab71c12ec6e9061af3ed,"COPENHAGEN WILL DESC-NOT SUCCEED UNLESS EUROPE PLAY DESC-STRONG LEAD ROLE , AS X-WE ALL KNOW .","copenhagen will not succeed unless europe plays a strong leading role , as we all know .",17,15,0.75,PLAY
aslg_pc12:d550262e12cad97cbe61,GIRL NO DESC-LONGER GO TO SCHOOL AND WOMAN BE DISAPPEAR FROM DESC-POLITICAL SCENE .,girls no longer go to school and women are disappearing from the political scene .,15,14,0.642857,GO|WOMAN
aslg_pc12:e7b169e97b1747b3c7d0,X-I BE DESC-ACTUALLY DESC-VERY DESC-HOPEFUL THAT TRADE WILL BEGIN TO PLAY DESC-LARGER ROLE IN THIS PARLIAMENT .,i am actually very hopeful that trade will begin to play a larger role in this parliament .,21,17,0.833333,PLAY
aslg_pc12:78b6fae2abe810c36dc9,"X-WE DESC-THIRD CORE ME BE RELATE TO DESC-ECONOMIC CRISIS , WHERE X-WE DESC-ONCE DESC-AGAIN NEED DESC-COMPREHENSIVE SOLUTION .","our third core theme is related to the economic crisis , where we once again need a comprehensive solution .",23,18,0.705882,ME
aslg_pc12:fcff28cba4694d9f86e8,X-WE BE GO TO PROPOSE TO COMMISSION ACTION PLAN THAT X-IT SHOULD HAVE PROPOSE TO X-WE .,we are going to propose to the commission the action plan that it should have proposed to us .,19,18,0.769231,GO
aslg_pc12:bf1e4d45f8a4f8575fab,"THOSE WHO BUY MUST KNOW WHAT X-Y BE BUY , AND THOSE WHO SEEK QUALITY MUST FIND QUALITY !","those who buy must know what they are buying , and those who seek quality must find quality !",18,17,0.769231,BUY
aslg_pc12:550c051b91263725ea19,"DESC-SECONDLY , WHAT TIME DO QUESTION TIME CONTINUE UNTIL DESC-TONIGHT AS X-WE START DESC-LATE ?","secondly , what time does question time continue until tonight as we started late ?",17,13,0.714286,TONIGHT
aslg_pc12:71b9aaef67ca72286fbe,OPPORTUNITY TO PRODUCE MILK SHOULD GO DESC-MAINLY TO PRODUCER WHO HAVE DESC-LOW COST AND WHO ACHIEVE PROFIT .,the opportunity to produce milk should go mainly to producers who have low costs and who achieve a profit .,19,19,0.8125,GO
aslg_pc12:0615b7c10ba7bed17f94,X-I BELIEVE THAT X-WE MUST DESC-NOT MAKE DESC-YOUNG WOMAN CHOOSE BETWEEN HOME LIFE AND CAREER .,i believe that we must not make young women choose between a home life and a career .,19,17,0.823529,WOMAN
aslg_pc12:ea583c463a9182bf054b,"DESC-FIRSTLY , X-WE SAY THAT DESC-INTERNATIONAL RED CROSS HAVE TO HAVE DESC-FREE ACCESS TO TURKMENISTAN .","firstly , we said that the international red cross had to have free access to turkmenistan .",18,15,0.785714,RED
aslg_pc12:1a36e03e3b9cdbdc11cc,"X-IT MUST HAVE DESC-ONLY ONE OBJECTIVE , ONE DESC-SOLE CONCERN PEOPLE , CHILD HAITUS .","it must have only one objective , one sole concern the people , the children of haiti .",15,15,0.692308,CHILD
aslg_pc12:67a5e68651d7d0da1a34,DESC-INTERNATIONAL WOMAN X-POSS DAY BE OCCASION FOR X-WE TO TAKE STOCK X-WE GENDER EQUALITY POLICY .,international women's day is an occasion for us to take stock of our gender equality policy .,19,16,0.625,WOMAN
aslg_pc12:fc424015ddfdf5703363,"DESC-FINALLY , X-IT BE DESC-ALSO WOMAN WHO , TIME AND DESC-AGAIN , ENSURE STABILITY IN AREA FINANCES .","finally , it is also women who , time and again , ensure stability in the area of finances .",18,16,0.75,WOMAN
aslg_pc12:e11283a9db50e5501b7b,UKIP DESC-FULLY SUPPORT EQUALITY FOR MAN AND WOMAN .,in writing . ukip fully supports equality for men and women .,9,10,0.555556,WOMAN
aslg_pc12:a54ec32db3df57823118,WHAT MECHANISM BE X-WE GO TO USE TO ENSURE THAT ALL PARTY MEET COMMITMENT X-Y UNDERTAKE ?,what mechanisms are we going to use to ensure that all parties meet the commitments they undertake ?,18,17,0.5625,GO
aslg_pc12:3503679f3ad211f380e0,"X-WE NEED TO TACKLE THIS AT DESC-INTERNATIONAL LEVEL , BOTH WITHIN AND OUTSIDE EUROPE .","we need to tackle this at international level , both within and outside europe .",15,13,0.866667,OUTSIDE
aslg_pc12:5a487395f5eb7c868e8d,"DESC-FINALLY , X-I COME TO THIS DESC-HIGH LEVEL GROUP , THIS THINK TANK THAT BE LAUNCH DAY BEFORE YESTERDAY .","finally , I come to this high level group , this think tank that was launched the day before yesterday .",20,18,0.777778,YESTERDAY
aslg_pc12:5c76d4adc39bd42ca89f,"DESC-HERE , X-WE SHOULD TAKE SIDE FOOD SELF DETERMINATION MORE DESC-DECISIVELY .","here , we should take the side of food self determination more decisively .",13,12,0.833333,FOOD
aslg_pc12:ef8e35b60799da18c5f2,"DESC-THIRDLY , FINANCING BY BUSINESS STUDENT WORK EXPERIENCE PLACEMENT AND DESC-SCIENTIFIC RESEARCH WHICH X-Y HAVE ORDER .","thirdly , financing by businesses of student work experience placements and scientific research which they have ordered .",18,16,0.647059,STUDENT
aslg_pc12:abd184eab0dd44e3a213,EUROPEAN AGRICULTURE MUST ENSURE FOOD SECURITY TO X-ITS DESC-OWN CONSUMER AND CONTRIBUTE TO FEED DESC-STEADILY GROW WORLD POPULATION .,european agriculture must ensure food security to its own consumers and contribute to feeding a steadily growing world population .,21,19,0.736842,FOOD
aslg_pc12:2c66ac78e3882d6aba43,"THIS APPLY DESC-NOT DESC-ONLY TO CAR AND TELEVISION , BUT DESC-ALSO TO BREAD , VEGETABLE , MEAT AND MILK .","this applies not only to cars and televisions , but also to bread , vegetables , meat and milk .",19,16,0.666667,CAR
aslg_pc12:5a194f17ab915549ffd6,"DESC-NOT DESC-EVEN IN FRANCE , FOR EXAMPLE , DO X-WE DARE TO GO DESC-SO DESC-FAR .","not even in france , for example , do we dare to go so far .",18,13,0.866667,GO
aslg_pc12:86f8e1f8eca161b5aa16,X-I VOTE IN FAVOR DESC-JOINT MOTION FOR RESOLUTION ON FUTURE CAR INDUSTRY .,i voted in favour of the joint motion for a resolution on the future of the car industry .,14,18,0.714286,CAR
aslg_pc12:0749e98bdab7abcb0135,X-I DESC-REFORE THINK THAT CAR INDUSTRY HAVE DESC-IMPORTANT ROLE TO PLAY IN CONNECTION WITH DESC-REGIONAL DEVELOPMENT .,i therefore think that the car industry has an important role to play in connection with regional development .,20,18,0.777778,CAR|PLAY
aslg_pc12:a1a6c6958fc6f07a44a5,EU HAVE KEY ROLE TO PLAY IN RECOVERY THAT REGION .,the eu has a key role to play in the recovery of that region .,10,14,0.9,PLAY
aslg_pc12:28c803b0889667d61178,THIS CAMPAIGN SHOULD DESC-ALERT PARENT TO RISK THAT X-Y CHILD FACE .,this campaign should alert parents to the risks that their children face .,13,12,0.538462,CHILD
aslg_pc12:4d7cd1f12392a34a2cd1,EUROPEAN FARMER AND PRODUCER MUST ADHERE TO DESC-MANY RULE AND X-Y PRODUCE DESC-HIGH QUALITY FOOD AND GOODS .,european farmers and producers must adhere to many rules and they produce high quality food and goods .,20,17,0.647059,FOOD
aslg_pc12:d1a5140da36bbecc2091,"EL MR PRESIDENT , COMMISSIONER , REALITY GO BEYOND ANYTHING SAY IN THIS HOUSE .","el mr president , commissioner , reality goes beyond anything said in this house .",12,12,0.833333,GO
aslg_pc12:0a46dc02bb5cd20c0bee,"THREAT BE INSTABILITY IN REGION , IF SE COUNTRY REMAIN OUTSIDE EURO AREA .","the threat is instability in the region , if these countries remain outside the euro area .",12,15,0.75,OUTSIDE
aslg_pc12:bf490408563e3baa1471,"FACT BE , ROS? WINE BE PRODUCE FROM FERMENTATION DESC-PREDOMINANTLY RED GRAPE OR MUST .","the fact is , rosé wine is produced from the fermentation of predominantly red grapes or must .",14,16,0.692308,RED
aslg_pc12:d8c367df1daef1d0985d,X-YOU TIME HAVE RUN OUT .,your time has run out .,6,5,0.5,RUN
aslg_pc12:0d205dffaf35557afddb,"CAR 21 BE , AND REMAIN , DESC-PRAISEWORTHY PLAN , BUT X-IT BE DESC-FAR FROM DESC-SUFFICIENT .","cars 21 was , and remains , a praiseworthy plan , but it is far from sufficient .",16,13,0.615385,CAR
aslg_pc12:97c4e15b619f684252d2,"X-WE BE PREPARE TO GRANT DISCHARGE , BUT DESC-NOW X-WE DESC-REALLY MUST GO STEP DESC-FURR .","we are prepared to grant discharge , but now we really must go a step further .",19,15,0.666667,GO
aslg_pc12:cf4bb04c832555216c75,DESC-SUCCESSFULLY BALANCE DESC-PROFESSIONAL AND DESC-PERSONAL LIFE BE START TO BECOME DESC-STRENUOUS TASK FOR WOMAN .,successfully balancing professional and personal life is starting to become a strenuous task for women .,18,15,0.666667,WOMAN
aslg_pc12:90b7e3640598f510a6dd,THAT BE DESC-NOT LEADERSHIP THAT BE NEED IN RUN DESC-UP TO COPENHAGEN .,that is not the leadership that is needed in the run up to copenhagen .,14,14,0.727273,RUN
aslg_pc12:c2a477a3b8bd0e282b70,SK DESC-DRAMATIC FALL IN DESC-GLOBAL DEMAND FOR CAR HAVE DESC-ALSO AFFECT EUROPE .,sk the dramatic fall in global demand for cars has also affected europe .,15,13,0.692308,CAR
aslg_pc12:015bf2a592fd3a4bb8d4,X-WE BE LET PERPETRATOR GO DESC-UNPUNISHED AND BE PLAY DESC-FAST AND DESC-LOOSE WITH VICTIM .,we are letting the perpetrator go unpunished and are playing fast and loose with the victim .,18,16,0.642857,GO|PLAY
aslg_pc12:80a611c7b219a80ec8c9,X-Y ESTABLISH X-MSELVES AS MODEL FOR WORK TOWARDS GENDER EQUALITY AND PROMOTION WOMAN X-POSS RIGHTS .,they established themselves as models for working towards gender equality and the promotion of women's rights .,18,16,0.5,WOMAN
aslg_pc12:01ed4a15fefb387a6c48,"GO DESC-BACK TO JUNE COUNCIL , DESC-MANY X-YOU BE TALK ABOUT FUTURE COMMISSION .","going back to the june council , many of you were talking about the future commission .",15,15,0.642857,GO
aslg_pc12:07ca83b2700d53017d6c,"X-MY DESC-PARTICULAR GRATITUDE GO TO MR DEMETRIOU , WHOSE DESC-PREVIOUS DESC-EXCELLENT RECOMMENDATION PROVIDE START POINT FOR X-MY REPORT .","my particular gratitude goes to mr demetriou , whose previous excellent recommendation provided a starting point for my report .",22,18,0.722222,GO
aslg_pc12:53e314028f302eda7bef,THIS SHOULD BE WARN FOR ANY COUNTRY OUTSIDE EUROZONE .,this should be a warning for any country outside the eurozone .,9,11,0.888889,OUTSIDE
aslg_pc12:63a3a75ae02b2538cde6,"IF TRAIN PASS RED STOP SIGNAL , BRAKE BE DESC-ALSO DESC-AUTOMATICALLY APPLY .","if a train passes a red stop signal , the brakes are also automatically applied .",13,14,0.583333,RED
aslg_pc12:d5f1468ffe01d9661b32,BECAUSE DESC-SUCH DEMAND BE DESC-ONLY MAKE STATE OUTSIDE EUROPEAN UNION .,because such demands are only made of states outside the european union .,12,12,0.545455,OUTSIDE
aslg_pc12:60382ec2ab3aebfac9d1,"AS DESC-OR SPEAKER BEFORE X-I HAVE SAY , X-WE NEED FOOD PRODUCE DESC-LOCALLY BY DESC-LOCAL FARMER .","as other speakers before me have said , we need food produced locally by local farmers .",20,15,0.529412,FOOD
aslg_pc12:dfbccb82f102346e6545,"X-I WOULD LIKE X-YOU , COMMISSIONER , TO REMOVE THIS SECTION FROM NOVEL FOOD REGULATION .","i would like you , commissioner , to remove this section from the novel foods regulation .",15,14,0.857143,FOOD
aslg_pc12:5d6aed64093dd58784d6,THIS ISSUE BE DESC-NOT DESC-JUST ABOUT WOMAN X-IT BE DESC-ALSO ABOUT SOCIETY .,this issue is not just about women it is also about society .,16,12,0.666667,WOMAN
aslg_pc12:2b92b02ab5d2fe987062,X-WE BE GO TO HAVE TO MOVE OVER TO SYSTEM DESC-OWN RESOURCE NO MATTER WHAT .,we are going to have to move over to a system of own resources no matter what .,17,17,0.666667,GO
aslg_pc12:078acb22a2ffbe912263,"DESC-LAST BUT DESC-NOT DESC-LEAST , LANGUAGE PLAY DESC-IMPORTANT ROLE IN FORM AND STRENGN IDENTITY .","last but not least , languages play an important role in forming and strengthening identity .",17,14,0.714286,PLAY
aslg_pc12:c336297efe415c4b6322,DESC-ONLY 15 % DESC-DISABLED CHILD BE INTEGRATE INTO SCHOOL SYSTEM .,only 15 % of disabled children are integrated into the school system .,10,10,0.555556,CHILD
aslg_pc12:a7d4ae2dba3b60c8be50,"FR MR PRESIDENT , COMMISSIONER , LET X-WE TALK ABOUT REALITY CAR DEALER .","fr mr president , commissioner , let us talk about the reality of car dealers .",12,13,0.75,CAR
aslg_pc12:b61dfbdd701cd849c18c,DESC-EQUAL TREATMENT AND ACCESS FOR MAN AND WOMAN IN PERFORM ART,equal treatment and access for men and women in the performing arts,12,12,0.545455,WOMAN
aslg_pc12:f14c087b1b399b4268c9,MOBILITY BE DESC-NOT DESC-JUST ABOUT CAR .,mobility is not just about cars .,8,6,0.571429,CAR
aslg_pc12:28d4d052ee26cb3a5391,DESC-ULTIMATELY CONSUMER WILL DECIDE IF X-Y WANT TO BUY SEAL PRODUCT .,ultimately consumers will decide if they want to buy seal products .,13,11,0.615385,BUY
aslg_pc12:01189de455f2c3efb805,VIEW WITHIN X-MY DESC-OWN GROUP ABOUT PROPOSE BUY DESC-BACK PROGRAM DESC-ALSO DIVERGE DESC-WIDELY .,the views within my own group about the proposed buy back programme also diverge widely .,18,15,0.666667,BUY
aslg_pc12:1cc93d4bc4c0f7f58939,"IN SWEDEN DESC-ALONE , WITH POPULATION NINE MILLION , 380 WOMAN BE DESC-ABUSED EVERY DAY .","in sweden alone , with a population of nine million , 380 women are abused every day .",14,14,0.769231,WOMAN
aslg_pc12:1b9b2c858085d0b98316,DESC-FINANCIAL CRISIS HAVE DESC-REFORE HIT CAR MANUFACTURE DESC-PARTICULARLY DESC-HARD .,the financial crisis has therefore hit car manufacturing particularly hard .,13,10,0.6,CAR
aslg_pc12:6c10f7e0db03b804aa89,DESC-BROADER CAMPAIGN TO PROMOTE EMPOWERMENT WOMAN HELP TO COMBAT VIOLENCE .,the broader campaign to promote the empowerment of women helps to combat violence .,11,13,0.7,WOMAN
aslg_pc12:a33e209997909257dfa1,"DESC-RE BE FOOD SECURITY PROBLEM AND CLIMATE CHANGE , AREA IN WHICH EUROPE BE DESC-NOW LEADER .","there are the food security problems and climate change , an area in which europe is now the leader .",17,18,0.733333,FOOD
aslg_pc12:fb7680ab944a1f5e3fb2,"X-IT BE DESC-NOT COMMIT TO FOOD SECURITY , BUT TO COMPETITIVENESS , WHICH DESC-ONLY FAVOR DESC-LARGE DESC-MULTINATIONAL .","it is not committed to food security , but to competitiveness , which only favours large multinationals .",20,15,0.625,FOOD
aslg_pc12:60a5087a7c00d8f445a2,X-WE BE GO THROUGH SPECIFIC CRISIS IN SPORT .,we are going through a specific crisis in sport .,9,9,0.666667,GO
aslg_pc12:bb62c917c96a3769f8c7,THIS INSTITUTION HAVE PLAY AND CONTINUE TO PLAY DESC-CRUCIAL ROLE DURING DESC-CURRENT DESC-FINANCIAL AND DESC-ECONOMIC CRISIS .,this institution has played and continues to play a crucial role during the current financial and economic crisis .,20,18,0.8,PLAY
aslg_pc12:a73ece08910bc95d99b9,"WITH ALL THIS GO ON , WHOM DO LEFT CHOOSE TO CRITICISE IN THAT PART WORLD ?","with all this going on , whom do the left choose to criticise in that part of the world ?",15,18,0.933333,GO
aslg_pc12:bced7f7c1ecb36f9a9a9,"DE MADAM PRESIDENT , LADY AND GENTLEMAN , MORE WOMAN HAVE ENTER LABOR MARKET .","de madam president , ladies and gentlemen , more women have entered the labour market .",12,13,0.583333,WOMAN
aslg_pc12:8306ac846c03445009dd,"X-WE FARMER WOULD DESC-ALSO BE DESC-ABLE TO CONCENTRATE ON X-Y DESC-REAL JOB DESC-AGAIN , DESC-NAMELY PRODUCE FOOD .","our farmers would also be able to concentrate on their real job again , namely producing food .",23,16,0.666667,FOOD
aslg_pc12:025e693f57d3aeac9fb6,ISSUE THAT RELATE TO CHILD LABOR MUST BE GIVE TOP PRIORITY IN EU TRADE AGREEMENT .,issues that relate to child labour must be given top priority in eu trade agreements .,15,15,0.733333,CHILD
aslg_pc12:c774925b3323099b87d0,X-I APPRECIATE THAT SOLIDARITY PLAY LEAD ROLE IN RELATION BETWEEN EU MEMBER STATE .,i appreciate that solidarity plays a leading role in relations between eu member states .,14,14,0.642857,PLAY
aslg_pc12:7c55c40ee951ba640fbe,ISSUE HARMONISE AND DESC-MUTUALLY RECOGNIZE STANDARD WITH REGARD TO FOOD BE DESC-VERY DESC-IMPORTANT FOR ENSURE DESC-HUMAN HEALTH .,the issue of harmonising and mutually recognising standards with regard to food is very important for ensuring human health .,21,19,0.666667,FOOD
aslg_pc12:ed8bac77a4535597e145,SINCE X-I BE CHILD DESC-RE HAVE BE ONE VEGETABLE THAT X-I HATE PEA .,since I was a child there has been one vegetable that I hate peas .,16,14,0.538462,CHILD
aslg_pc12:ff052e06c36cde975a9d,"WHAT , THOUGH , BE X-YOU GO TO CONCLUDE IN JUNE WITH REGARD TO 2020 STRATEGY ?","what , though , are you going to conclude in june with regard to the 2020 strategy ?",14,14,0.769231,GO
aslg_pc12:aded42e7453d18f91aeb,THIS DESC-MONETARY IRON CURTAIN DESC-SEPARATE THOSE OUTSIDE EURO AREA FROM THOSE WITHIN X-IT .,this monetary iron curtain separates those outside the euro area from those within it .,16,14,0.785714,OUTSIDE
aslg_pc12:96bec483bedda7ce1371,X-WE CAN ACHIEVE DESC-FURR SAVINGS RUN INTO MILLION IF X-WE IMPROVE COOPERATION BETWEEN INSTITUTION .,we can achieve further savings running into millions if we improve cooperation between the institutions .,17,15,0.6,RUN
aslg_pc12:8b72807013fc031785c2,"AS DESC-FAR AS TECHNOLOGY GO , DESC-ELECTRIC VEHICLE TECHNOLOGY DESC-ALREADY EXIST .","as far as technology goes , electric vehicle technology already exists .",13,10,0.666667,GO
aslg_pc12:e6862a78857c381d28c9,TODAY BE DESC-INTERNATIONAL DAY FOR ELIMINATION VIOLENCE AGAINST WOMAN .,in writing . today is the international day for the elimination of violence against women .,10,14,0.7,WOMAN
aslg_pc12:241a2901394552c064d2,"FARMER LIKE TO BUY INGREDIENT AND TO MIX X-Y DESC-OWN RATION , AND DESC-GENERALLY DESC-LARGER FARMER DO THIS .","farmers like to buy ingredients and to mix their own rations , and generally larger farmers do this .",21,17,0.625,BUY
aslg_pc12:4958d4bceb7e9f5178e7,GENDER EQUALITY DO DESC-NOT DESC-ONLY BENEFIT WOMAN X-IT DESC-ALSO BENEFIT MAN .,gender equality does not only benefit women it also benefits men .,15,11,0.583333,WOMAN
aslg_pc12:71155365986faa6071a1,"OVER DESC-RECENT DECADE , WOMAN HAVE BECOME MORE INVOLVE IN DESC-POLITICAL DECISION MAKE IN MOST EU COUNTRY .","over recent decades , women have become more involved in political decision making in most eu countries .",18,16,0.625,WOMAN
aslg_pc12:a9e94c7b1ca90959879c,"X-IT BE PEOPLE DESC-LIVE IN BELARUS STUDENT , MAN AND WOMAN , SOCIETY .","it is the people living in belarus the students , men and women , society .",13,13,0.461538,STUDENT|WOMAN
aslg_pc12:35124bb18e2cd911c53b,X-WE HEAR COUNCIL AND COMMISSION YESTERDAY .,we heard the council and the commission yesterday .,7,8,0.714286,YESTERDAY
aslg_pc12:24ac7d886cbf7a51da47,PARLIAMENT DESC-ACTUALLY HAVE DESC-VERY DESC-SIGNIFICANT ROLE TO PLAY IN HOW THAT RESEARCH WILL BE DO .,parliament actually has a very significant role to play in how that research will be done .,18,16,0.8125,PLAY
aslg_pc12:c85fe3b79c1d8a213097,"AS PRESIDENT BARROSO SAY YESTERDAY IN QUESTION HOUR , WHAT HAVE BE DO DESC-SO DESC-FAR BE DESC-NOT DESC-ENOUGH .","as president barroso said yesterday in the question hour , what has been done so far is not enough .",21,18,0.705882,YESTERDAY
aslg_pc12:2001736f81befb9e0cee,"DELEGATION BE DESC-DUE TO GO TO IRAN FROM 8 10 JANUARY , BUT THAT DELEGATION VISIT BE CANCEL .","the delegation was due to go to iran from 8 10 january , but that delegation visit was cancelled .",16,16,0.769231,GO
aslg_pc12:382ca2f9f14a8a0aacd1,"COMMISSIONER KRO , X-YOU HAVE REPUTATION AS WOMAN STEEL .","commissioner kroes , you have a reputation as a woman of steel .",9,11,0.777778,WOMAN
aslg_pc12:cbc7db89994e97129c1e,"LADY AND GENTLEMAN , X-I BE DESC-NOT GO TO GIVE FLOOR TO EVERYONE WHO RAISE DESC-BLUE CARD .","ladies and gentlemen , I am not going to give the floor to everyone who raises a blue card .",19,18,0.588235,GO
aslg_pc12:4bd38b6a0ac56dc26df6,HOW WILL COMMISSION GO ABOUT REDRESS IMBALANCE BETWEEN SECURITY AND FREEDOM ?,how will the commission go about redressing the imbalance between security and freedom ?,11,13,0.909091,GO
aslg_pc12:96e01f87b42e835d9449,NUTRITION AND HEALTH CLAIM MAKE ON FOOD VOTE,nutrition and health claims made on foods vote,8,8,0.625,FOOD
aslg_pc12:a66b9cb1ca211b4e6552,EXPERIENCE GAIN IN APPLY FOOD HYGIENE REGULATION EUROPEAN PARLIAMENT AND COUNCIL DEBATE,experience gained in applying the food hygiene regulations of the european parliament and of the council debate,12,17,0.75,FOOD
aslg_pc12:4dd3276d98a9592d9fac,"DESC-HOWEVER , X-WE DESC-ALSO NEED TO OFFER DESC-BETTER PROTECTION TO PASSENGER WHEN AIRLINE GO DESC-BANKRUPT .","however , we also need to offer better protection to passengers when an airline goes bankrupt .",19,15,0.733333,GO
aslg_pc12:5d68bd940ff4fed6c73a,ALL DESC-SUDDEN DESC-RE BE GO TO BE DESC-SECOND VOTE .,all of a sudden there is going to be a second vote .,12,12,0.666667,GO
aslg_pc12:30bd82035ac8fa8a909e,DESC-FIRST SHOULD DESC-ALREADY BE PRODUCE IN 20US DESC-WELCOME SWEDISH PRESIDENCY X-POSS DESC-ACTIVE ROLE IN GET STRATEGY GO .,the first should already be produced in 20i welcome the swedish presidency's active role in getting the strategy going .,22,19,0.555556,GO
aslg_pc12:6b2fd5c9d8c5079eb7b4,X-WE DESC-FINALLY MUST GUARANTEE FOOD SOVEREIGNTY DESC-INSTEAD USE DESC-FREE TRADE MODEL DICTATE BY WTO .,we finally must guarantee food sovereignty instead of using the free trade model dictated by the wto .,18,17,0.75,FOOD
aslg_pc12:5397213fa8e05fcc27eb,"DE FOR X-ITS SURVIVAL , EVERY STATE NEED TO MAINTAIN FOOD SELF SUFFICIENCY .","in writing . de for its survival , every state needs to maintain food self sufficiency .",13,14,0.846154,FOOD
aslg_pc12:a26581de2c3b1a00ad9b,"RISK TO DESC-VULNERABLE GROUP , FOR EXAMPLE , CHILD COME DESC-ALONE , MUST DESC-ALSO BE MINIMIZE .","the risks to vulnerable groups , for example , children coming alone , must also be minimised .",16,14,0.571429,CHILD
aslg_pc12:c7a17b3bfd2d78ecffcd,X-IT DRAW ATTENTION TO FOOD SECURITY AND SUPPLY DESC-HIGH QUALITY PRODUCT AT DESC-REASONABLE PRICE .,it draws attention to food security and the supply of high quality products at a reasonable price .,17,17,0.75,FOOD
aslg_pc12:c83046645dc4e7e4ac1d,"DE MADAM PRESIDENT , X-I WILL GO DESC-STRAIGHT TO COMMISSIONER FOR CLARIFICATION .","de madam president , I will go straight to the commissioner for clarification .",13,12,0.846154,GO
aslg_pc12:068855109fb0b361cdf1,"YESTERDAY , X-WE DEBATE THIS DESC-NEW FACILITY .","yesterday , we debated this new facility .",8,6,0.625,YESTERDAY
aslg_pc12:df7dd4bcd776ee200f63,X-IT GIVE WOMAN IN DESC-PARTICULAR DESC-COMPLETELY DESC-NEW OPPORTUNITY IN AREA SELF EMPLOYMENT IN DESC-SMALL AND MEDIUM SIZE ENTERPRISE .,it gives women in particular completely new opportunities in the area of self employment in small and medium sized enterprises .,23,20,0.611111,WOMAN
aslg_pc12:9c8ccc11507a020c6c2f,X-IT BE GO TO BE DESC-EXTREMELY DESC-DIFFICULT DEBATE .,it is going to be an extremely difficult debate .,11,9,0.666667,GO
aslg_pc12:e9e1967e89245dc80801,"DESC-LASTLY , EUROPEAN FARMER PRODUCE FOOD TO DESC-HIGHEST QUALITY AND STANDARD .","lastly , european farmers produce food to the highest quality and standards .",12,11,0.727273,FOOD
aslg_pc12:e2374a1376fa5d29cf88,INTERNET DESC-ALSO BRING PORNOGRAPHY AND ONLINE GAMBLING INTO X-WE HOME AND INTO CHILD X-POSS ROOM .,the internet also brings pornography and online gambling into our homes and into children's rooms .,18,15,0.466667,CHILD
aslg_pc12:131b26babcd3231b7553,WHAT WILL BE DESC-CRUCIALLY DESC-IMPORTANT BE HOW X-WE PLAY EU POLICY IN DESC-EAST IN COME MONTH .,what will be crucially important is how we play eu policy in the east in the coming months .,20,18,0.75,PLAY
aslg_pc12:3a018726683743e46800,X-WE MAKE DEBT AND PASS X-Y ON TO X-WE CHILD .,we made debts and passed them on to our children .,13,10,0.4,CHILD
aslg_pc12:801c5b31b29683f83676,PERPETRATOR DESC-SEXUAL ABUSE SHOULD BE DENY OPPORTUNITY TO PURSUE DESC-PROFESSIONAL ACTIVITY WHICH INVOLVE CONTACT WITH CHILD .,perpetrators of sexual abuse should be denied the opportunity to pursue professional activities which involve contact with children .,18,18,0.705882,CHILD
aslg_pc12:6d7cbbf5a8839dee0c1e,"THAT BE GO TO BE DESC-VITAL PART THAT START , AND X-WE BE FOLLOW THAT WITH DESC-GREAT INTEREST .","that is going to be a vital part that starts , and we are following that with great interest .",20,18,0.666667,GO
aslg_pc12:35fa9ecac9ddaa9e6c12,"AT THAT POINT , DESC-INTERNATIONAL COMMUNITY DESC-REALLY WILL HAVE ROLE TO PLAY .","at that point , the international community really will have a role to play .",13,13,0.916667,PLAY
aslg_pc12:29b41d5147b25eb8e3a8,X-IT BE X-WE OBLIGATION TO GIVE DESC-BEST DESC-POSSIBLE PROTECTION TO X-WE CHILD .,it is our obligation to give the best possible protection to our children .,17,13,0.583333,CHILD
aslg_pc12:6dff362d98f9f22a6abe,X-WE CITIZEN SHOULD KNOW THAT FOOD WHICH X-Y RECEIVE COME FROM EU PROGRAM AND FROM EU FUND .,our citizens should know that the food which they receive comes from eu programmes and from eu funds .,19,18,0.5625,FOOD
aslg_pc12:484612e03c6b3049ea8b,X-I BE SADDEN THAT X-I STAND DESC-HERE DESC-TONIGHT AND X-WE DO DESC-NOT HAVE RESOLUTION .,i am saddened that I stand here tonight and we do not have a resolution .,20,15,0.733333,TONIGHT
aslg_pc12:106c83458b27260af1be,INCENTIVE TO ENCOURAGE DESC-SUSTAINABLE CULTIVATION ENERGY CROP SHOULD DESC-NOT JEOPARDISE FOOD PRODUCTION .,incentives to encourage sustainable cultivation of energy crops should not jeopardise food production .,14,13,0.769231,FOOD
aslg_pc12:f7750162cf3e35083438,"DESC-SECONDLY , RUN SHIP AGROUND FOR ON SITE DISMANTLE MUST BE REGARD AS DESC-UNACCEPTABLE .","secondly , running ships aground for on site dismantling must be regarded as unacceptable .",15,13,0.642857,RUN
aslg_pc12:12b45eac4c723e44ead3,"YESTERDAY , WITH YESIN CZECH SENATE , X-WE TAKE DESC-HUGE STEP DESC-FORWARD .","yesterday , with theyesin the czech senate , we took a huge step forward .",13,12,0.666667,YESTERDAY
aslg_pc12:fcca44561456ec2a4e86,"MR PRESIDENT , YESTERDAY IN X-MY HOME CITY BIRMINGHAM X-WE HOLD CAR CRISIS SUMMIT .","mr president , yesterday in my home city of birmingham we held a car crisis summit .",15,15,0.857143,CAR|YESTERDAY
aslg_pc12:656c4a3b1790e458b68c,"X-I CAN DESC-NOT GO ANY DESC-FURR , BECAUSE X-WE DO DESC-NOT HAVE DESC-LEGAL TOOL .","i cannot go any further , because we do not have the legal tools .",19,13,0.642857,GO
aslg_pc12:6c2c6d0c34519ba160b9,"SE MUST REMAIN DESC-NATIONAL MATTER AND DESC-REFORE , EU SHOULD DESC-NOT GO DESC-DOWN THIS ROUTE .","these must remain national matters and therefore , the eu should not go down this route .",18,15,0.733333,GO
aslg_pc12:f4bbb576feed59213416,THROUGHOUT WORLD CAR INDUSTRY BE UNDER PRESSURE .,throughout the world the car industry is under pressure .,7,9,0.857143,CAR
aslg_pc12:b3f5638ffe6eb161959b,THIS DESC-ALSO GO FOR EXPENDITURE UNDER EUROPEAN DESC-ECONOMIC RECOVERY PLAN .,this also goes for expenditure under the european economic recovery plan .,12,11,0.818182,GO
aslg_pc12:378c37e59fee90995a55,"DESC-IMPORTANT INITIATIVE HAVE BE LAUNCH IN THIS AREA , BUT X-I BELIEVE THAT X-WE NEED TO GO DESC-FURR .","important initiatives have been launched in this area , but I believe that we need to go further .",21,17,0.684211,GO
aslg_pc12:d440d0d89ec3b83df6f0,FOUR TIME MORE WOMAN THAN MAN ACROSS EUROPE WORK PART TIME .,four times more women than men across europe work part time .,11,11,0.8,WOMAN
aslg_pc12:214d25b8dcc1d81e6c28,"DESC-REFORE X-WE CONTRIBUTION CAN , AND WILL , DESC-FREQUENTLY BE OUTSIDE HEALTHCARE SECTOR X-ITSELF .","therefore our contribution can , and will , frequently be outside the healthcare sector itself .",16,13,0.714286,OUTSIDE
aslg_pc12:af3cd496a459f682760c,THIS CONCERN DESC-MAINLY CAR AND TURBULENCE IN AEROPLANE .,this concerns mainly cars and turbulence in aeroplanes .,9,8,0.555556,CAR
aslg_pc12:1757b4e6335eb4e92bd1,"IN 2009 , X-IT HAVE DESC-ALREADY BE ANNOUNCE THAT 225 WILL GO .","in 2009 , it has already been announced that 225 will go .",11,9,0.545455,GO
aslg_pc12:24a06d5e362151cb73c6,WHO BE STORE X-IT ?,who is storing it ?,5,4,0.4,STORE
aslg_pc12:0b5c8f6c5c77dcf5e3b5,"FOR EXAMPLE , EXPORT ROAD VEHICLE AND CAR HAVE FALL BY 51.3 % AND 59.4 % , DESC-RESPECTIVELY .","for example , exports of road vehicles and cars have fallen by 51.3 % and 59.4 % , respectively .",13,13,0.583333,CAR
aslg_pc12:283819b7a5aa3497791c,DESC-RE BE DESC-LESS THAN 50 DAY TO GO TO COPENHAGEN .,there are less than 50 days to go to copenhagen .,11,9,0.555556,GO
aslg_pc12:0dd2d97f937b2668fce4,X-I PROMISE THAT BE DESC-ONLY TIME X-I BE GO TO QUOTE KEYNE DESC-APPROVINGLY .,i promise that is the only time I am going to quote keynes approvingly .,17,14,0.615385,GO
aslg_pc12:d317aff13a1e81f8542a,"WHEREVER DESC-RE BE PEOPLE WORK DESC-TOGER , THING WILL GO DESC-WRONG .","wherever there are people working together , things will go wrong .",13,10,0.454545,GO
aslg_pc12:7fe2d9cc7270c283b2ad,X-IT BE GO TO BE ON X-YOU TABLE .,it is going to be on your table .,10,8,0.625,GO
aslg_pc12:16b4697c7c7e61da16af,"WOMAN RETURN TO WORK AFTER GIVE BIRTH , AND DO DESC-NOT TAKE MATERNITY LEAVE .","women return to work after giving birth , and do not take maternity leave .",14,13,0.785714,WOMAN
aslg_pc12:5c280b0c24b6093083eb,WHAT BE GO ON AND WHY BE DESC-RE NO DESC-COMMON POSITION ?,what is going on and why is there no common position ?,13,11,0.636364,GO
aslg_pc12:d79e18b96ba3b379bb79,X-WE BE DESC-READY TO PLAY X-WE PART .,we are ready to play our part .,10,7,0.625,PLAY
aslg_pc12:da155663544355e8f1e6,THIS BE GO TO BE DESC-VERY DESC-HIGH PRIORITY FOR X-WE TEAM IN COME MONTH .,this is going to be a very high priority for our team in the coming months .,17,16,0.6,GO
aslg_pc12:5777e445ef416eab68d5,"MR PRESIDENT , X-I DO DESC-NOT NEED TO GO OVER DESC-MUCH WHAT DESC-PREVIOUS SPEAKER HAVE SAY .","mr president , I do not need to go over much of what the previous speaker has said .",19,17,0.764706,GO
aslg_pc12:f9f4314345de502f610f,"HOW CAN DESC-CLEAR SCHEME PUBLIC PARTNERSHIP BE CREATE , DESC-MAINLY AS PART TECHNOLOGY PARK AND ENTERPRISE INCUBATOR ?","how can clear schemes of public partnership be created , mainly as part of technology parks and enterprise incubators ?",18,18,0.705882,PARK
aslg_pc12:f967c0cf357e9baf8b62,"FR MR PRESIDENT , CAN X-YOU TELL X-I WHER OR DESC-NOT X-YOU BE GO TO ACT ?","fr mr president , can you tell me whether or not you are going to act ?",19,15,0.625,GO
aslg_pc12:567f8e048985e0d68a6d,RED SOIL DESC-ANGRY MAR ?,the red soil of angry mars ?,5,6,0.6,RED
aslg_pc12:4c9e28525c780dbf5d7a,USE PCB WASTE OILS IN DESC-IRISH FOOD RECYCLE PLANT DEBATE,use of pcb waste oils in an irish food recycling plant debate,11,12,0.818182,FOOD
aslg_pc12:55df31c229fe00ea37f7,X-WE NEED TO PUT THIS FOOD AID SCHEME ON DESC-PERMANENT FOOTING FOR FUTURE .,we need to put this food aid scheme on a permanent footing for the future .,15,15,0.866667,FOOD
aslg_pc12:f233c6fc895ef8422456,4.3 % GREECE X-POSS GDP GO ON DEFENSE .,4.3 % of greece's gdp goes on defence .,7,6,0.285714,GO
aslg_pc12:710aa067a84d9ffa90fa,EXPERIENCE SHOW THAT NUMBER CHILD AMONG VICTIM DESC-HUMAN TRAFFICKING BE DESC-STEADILY INCREASE .,experience shows that the number of children among the victims of human trafficking is steadily increasing .,14,16,0.538462,CHILD
aslg_pc12:140ad2ca00e3c03f3776,"MADAM PRESIDENT , DESC-HONORABLE MEMBER , THAILAND BE GO THROUGH DESC-TRAGIC PHASE IN X-ITS DESC-POLITICAL HISTORY .","madam president , honourable members , thailand is going through a tragic phase in its political history .",18,15,0.625,GO
aslg_pc12:1f96f20413cd1d968409,EUROPEAN UNION X-POSS FOOD SAFETY REGULATION BE MOST DESC-STRINGENT AND DESC-HIGH LEVEL IN WORLD .,the european union's food safety regulations are the most stringent and high level in the world .,17,16,0.625,FOOD
aslg_pc12:95b8fd50c1013697f435,FOOD CRISIS BE ONE DESC-MAIN THREAT HANG OVER PEACE AND STABILITY IN WORLD .,the food crisis is one of the main threats hanging over peace and stability in the world .,14,17,0.714286,FOOD
aslg_pc12:7261e8eec5389197f734,RESEARCHER BEAR AND TRAIN IN EUROPE BE WORK OUTSIDE EUROPEAN UNION .,researchers born and trained in europe are working outside the european union .,11,12,0.545455,OUTSIDE
aslg_pc12:ceca679cc6f4ab838bfd,THAT BE GO DESC-TOO DESC-FAR .,that is going too far .,7,5,0.5,GO
aslg_pc12:f1261a55e128eb892c45,X-IT GO WITHOUT SAY THAT THIS REVIEW WILL BE CONDUCT DESC-ENTIRELY UNDER AUTHORITY AFGHAN GOVERNMENT .,it goes without saying that this review will be conducted entirely under the authority of the afghan government .,17,18,0.705882,GO
aslg_pc12:43121db9a37282b4df3f,"DESC-HOWEVER , X-WE MUST DESC-NOT GO TO DESC-OR EXTREME , EIR .","however , we must not go to the other extreme , either .",13,10,0.636364,GO
aslg_pc12:4be28a927ce2536ddbd1,"X-WE COMMITTEE BE DESC-RIGHT , BUT X-WE MUST GO DESC-FURR .","our committee was right , but we must go further .",13,9,0.6,GO
aslg_pc12:3b76724f9fb66a6a4cfb,X-I HOPE X-WE WILL CONTINUE TO GO DESC-FORWARD IN ATMOSPHERE DESC-MUTUAL COOPERATION FOR BENEFIT EUROPE .,i hope we will continue to go forward in an atmosphere of mutual cooperation for the benefit of europe .,19,19,0.882353,GO
aslg_pc12:247ccaeddbc0e3a2f1b6,"FINANCE MUST PLAY DESC-CONSTRUCTIVE ROLE , AND DESC-NOT DESC-DESTRUCTIVE ONE , IN X-WE ECONOMY .","finance must play a constructive role , and not a destructive one , in our economies .",16,14,0.714286,PLAY
aslg_pc12:09a59b34b2c4be692700,X-WE WILL CLARIFY DESC-FINAL POSITION X-WE GROUP DESC-TONIGHT .,we will clarify the final position of our group tonight .,12,10,0.777778,TONIGHT
aslg_pc12:5c5621b19fb162b70243,"AT DESC-LAST RECKONING , AROUND 85 % FOOD BE BUY ON DESC-OPEN MARKET .","at the last reckoning , around 85 % of the food was bought on the open market .",12,14,0.727273,BUY|FOOD
aslg_pc12:a0bfd055fff2c2e500e1,"DESC-THIRDLY , FOOD CHAIN INFORMATION INCLUDE WRITE COMMUNICATION FROM FARMER TO SLAUGHTERHOUSE AND X-ITS OFFICIAL VETERINARIAN .","thirdly , food chain information includes a written communication from the farmer to the slaughterhouse and its official veterinarian .",17,18,0.764706,FOOD
aslg_pc12:75617590f208addcb982,"DESC-ONCE DESC-AGAIN , X-YOU HAVE TO GO DESC-DOWN DESC-WRONG ROAD AND ADVOCATE SYSTEM THAT DO DESC-NOT WORK .","once again , you have to go down the wrong road and advocate a system that does not work .",22,18,0.833333,GO
aslg_pc12:b0071d4f6040894346d0,EQUALITY BETWEEN WOMAN AND MAN BE DESC-FUNDAMENTAL DESC-RIGHT AND DESC-COMMON VALUE EUROPEAN UNION .,equality between women and men is a fundamental right and common value of the european union .,16,16,0.692308,WOMAN
aslg_pc12:512bc8de697cc689ef60,X-IT CAN DESC-NOT BE DENY THAT MORHOOD BE DESC-STILL HINDRANCE TO DESC-YOUNG WOMAN X-POSS CAREER .,it cannot be denied that motherhood is still a hindrance to young women's careers .,20,14,0.4375,WOMAN
aslg_pc12:6fd1c4df296d409fb627,"ASK PORTUGUESE , WHOSE DEBT INTEREST GO DESC-UP EVERY TIME COMMISSIONER DECIDE TO TALK ABOUT ECONOMICS .","ask the portuguese , whose debt interest goes up every time a commissioner decides to talk about economics .",16,17,0.8125,GO
aslg_pc12:9289038abdec26168c96,CHURCH SCHOOL WILL DESC-NOT BE DESC-ABLE TO DESC-SELECT TEACHER ON BASIS X-Y RELIGION .,church schools will not be able to select teachers on the basis of their religion .,17,15,0.666667,TEACHER
aslg_pc12:bf002a40affc4549681c,THIS BE WHAT X-WE BE GO TO ADOPT DESC-NOW .,this is what we are going to adopt now .,11,9,0.6,GO
aslg_pc12:cad9761149d361cd889d,CAR BE DESC-AVAILABLE IN ANY MODEL AS DESC-LONG AS X-IT BE DESC-ENVIRONMENTALLY DESC-FRIENDLY .,a car is available in any model as long as it is environmentally friendly .,18,14,0.769231,CAR
aslg_pc12:935d446d748af76e03b2,NEXT ITEM BE DEBATE ON SIX MOTION FOR RESOLUTION CONCERN WOMAN X-POSS RIGHTS IN AFGHANISTAN .,the next item is the debate on six motions for resolutions concerning women's rights in afghanistan .,16,16,0.5625,WOMAN
aslg_pc12:39c6d8afbcc61a78b1ea,"NO EUROPEAN , NO CHILD DESC-WESTERN CIVILISATION , NO DESC-CIVILISED DESC-HUMAN BE COULD DISAGREE .","no european , no child of western civilisation , no civilised human being could disagree .",15,13,0.818182,CHILD
aslg_pc12:07beba462d60c8b37be7,"IF X-YOU GO DESC-DOWN THAT PATH , X-WE WILL BE IN AGREEMENT , AND EUROPE BE SOLUTION .","if you go down that path , we will be in agreement , and europe is the solution .",18,16,0.875,GO
aslg_pc12:5cf090c9160e402fafad,DESC-POLITICAL DISCUSSION ABOUT WHER BABIESAND DESC-SMALL CHILD X-POSS FINGERPRINT BE DESC-REALLY NEED BE DESC-NOT DESC-YET OVER .,the political discussion about whether babiesand small children's fingerprints are really needed is not yet over .,22,16,0.529412,CHILD
aslg_pc12:db3161539af2e8d2904a,"MR PRESIDENT , LADY AND GENTLEMAN , X-MY THANKS GO TO BOTH RAPPORTEUR FOR X-Y DESC-EXCELLENT WORK .","mr president , ladies and gentlemen , my thanks go to both rapporteurs for their excellent work .",18,15,0.647059,GO
aslg_pc12:62d29f50f09eda481930,"FUS MR PRESIDENT , LADY AND GENTLEMAN , X-MY THANKS GO TO THREE RAPPORTEUR .","fi mr president , ladies and gentlemen , my thanks go to the three rapporteurs .",13,13,0.615385,GO
aslg_pc12:d7a1146376db982e6408,PROTEST BE DESC-MANY AND X-Y BE DESC-STILL GO ON .,the protests are many and they are still going on .,12,10,0.4,GO
aslg_pc12:142d033b096a5f4a5b3c,SINCE THIS PROPOSAL GO THROUGH DESC-RE BE NO VOTE ON DESC-ORIGINAL REPORT .,since this proposal went through there was no vote on the original report .,14,13,0.692308,GO
aslg_pc12:5adacff58203caba9d3a,AND DESC-HERE DESC-RENEWABLE ENERGY SOURCE WILL PLAY DESC-ABSOLUTELY KEY ROLE AS X-WE DESC-BASICALLY HAVE TWO DESC-POSSIBLE OPTION .,and here renewable energy sources will play an absolutely key role as we basically have two possible options .,23,18,0.789474,PLAY
aslg_pc12:a77d8d13cb450f7d63f1,"IN THIS REGARD , X-IT WILL DESC-SURELY BE DESC-WHOLLY DESC-BENEFICIAL TO DEDICATE YEAR 2011 TO THIS ME .","in this regard , it will surely be wholly beneficial to dedicate the year 2011 to this theme .",19,16,0.8,ME
aslg_pc12:d36a47d00a995427f2e4,ENSURE FOOD QUALITY HARMONISATION OR DESC-MUTUAL RECOGNITION STANDARD DESC-SHORT PRESENTATION,ensuring food quality harmonisation or mutual recognition of standards short presentation,12,11,0.727273,FOOD
aslg_pc12:df1da2eae46177157495,VIOLENCE AGAINST WOMAN BE PROBLEM THAT RELATE TO DESC-LARGE NUMBER DESC-DIFFERENT POLICY AREA .,violence against women is a problem that relates to a large number of different policy areas .,15,16,0.642857,WOMAN
aslg_pc12:edbd79a999db64ccf8fb,DESC-SAME GO FOR SOME EQUIPMENT FOR PEOPLE WITH DISABILITY SE PROVISION BE HEAD IN DESC-RIGHT DIRECTION .,the same goes for some equipment for people with disabilities these provisions are heading in the right direction .,18,18,0.5625,GO
aslg_pc12:096ec04acb9efc2cce3e,"DESC-FIRST , X-WE LEARN SOMETHING DESC-POSITIVE THAT CONSUMER IN EUROPE ENJOY DESC-VIGOROUS COMPETITION IN CAR SALE MARKET .","first , we learned something positive that consumers in europe enjoy vigorous competition in the car sales market .",20,17,0.705882,CAR
aslg_pc12:ea489186b03e3bb52fbf,"RESTRUCTURING EUROPEAN CAR INDUSTRY , IN DESC-PARTICULAR OPEL CASE DEBATE","restructuring of the european car industry , in particular the opel case debate",10,12,0.9,CAR
aslg_pc12:5cfcc51f8e344732ed0d,"IN MEANTIME , X-WE NOTICE BOARD AND COMPUTER BE GO DESC-WRONG .","in the meantime , our notice board and computer are going wrong .",12,11,0.583333,GO
aslg_pc12:4decf13592ce453ad85a,"RESULT BE THAT DESC-LESS CAR BE BE SELL , AND DESC-NOW LOOK AT OPEL ANTWERP .","the result is that less cars are being sold , and now look at opel antwerp .",16,15,0.692308,CAR
aslg_pc12:37a3ad6bde4ae02e4b04,MR BERLUSCONUS SAY THAT X-Y CAN ALL GO AND HAVE BEER WHENEVER X-Y WANT TO .,mr berlusconi says that they can all go and have a beer whenever they want to .,17,16,0.733333,GO
aslg_pc12:efff4675b9916145b43a,"X-I MAY BE DESC-WRONG , BUT X-I THINK X-WE HAVE GO DESC-DIRECTLY ON TO COMMITTEE REGION .","i may be wrong , but I think we have gone directly on to the committee of the regions .",20,18,0.75,GO
aslg_pc12:9099d8be81b8b79c4996,NEXT ITEM BE STATEMENT BY PRESIDENT ON DESC-INTERNATIONAL WOMAN X-POSS DAY .,the next item is the statement by the president on international women's day .,13,13,0.615385,WOMAN
aslg_pc12:7355930dd15213811d8f,"PT X-MY THANKS GO TO X-MY COLLEAGUE , PASQUALINA NAPOLETANO , FOR X-SHE DESC-EXCELLENT REPORT .","pt my thanks go to my colleague , pasqualina napoletano , for her excellent report .",17,13,0.785714,GO
aslg_pc12:26070f7d737447d9ef07,"DESC-NOT DESC-JUST HAMA DESC-MILITANT WHO TRIGGER DESC-MILITARY CONFLICT , BUT DESC-INNOCENT CHILD , WOMAN AND MAN .","not just the hamas militants who triggered the military conflict , but innocent children , women and men .",19,16,0.533333,CHILD|WOMAN
aslg_pc12:1fc0fc339e5d95930eb0,"DESC-NOWADAYS , X-IT BE DESC-NOT DESC-ONLY MATTER GIVE FLOWER TO WOMAN X-WE KNOW .","nowadays , it is not only a matter of giving flowers to women we know .",17,14,0.571429,WOMAN
aslg_pc12:2fb2d67251342fb49784,THIS GO DESC-COMPLETELY AGAINST RESPECT FOR DESC-INTERNATIONAL LAW .,this goes completely against respect for international law .,10,8,0.777778,GO
aslg_pc12:ed22742243ef31329d46,X-IT WOULD DESC-ALSO ENABLE EUROPEAN CONSUMER TO KNOW DESC-EXACTLY WHICH COUNTRY GOODS X-Y BUY COME FROM .,it would also enable european consumers to know exactly which country the goods they buy come from .,20,17,0.777778,BUY
aslg_pc12:8a64f04de761828ca0a5,EUROPEAN UNION CAN AND MUST PLAY LEAD ROLE IN THIS .,the european union can and must play a leading role in this .,10,12,0.9,PLAY
aslg_pc12:7ac1c1c820cc0aaa9ae3,X-IT BE DESC-ALSO DESC-ESSENTIAL TO ADOPT DESC-EFFECTIVE MEASURE TO INCREASE REPRESENTATION WOMAN IN SCIENCE AND DESC-SCIENTIFIC RESEARCH .,it is also essential to adopt effective measures to increase the representation of women in science and scientific research .,22,19,0.722222,WOMAN
aslg_pc12:229da9b06da1eb927021,X-IT BE DESC-IMPORTANT TO ENSURE AT DESC-LEAST THAT THIS MONEY DO DESC-NOT GO TO X-WE .,it is important to ensure at least that this money does not go to the us .,20,16,0.6875,GO
aslg_pc12:c794245af963d73f688f,"X-IT HAVE RATIFY ENERGY CHARTER TREATY AND , DESC-REFORE , PLAY BY DESC-TRANSPARENT RULE .","it has ratified the energy charter treaty and , therefore , plays by transparent rules .",15,13,0.5,PLAY
aslg_pc12:c31a9836390a781d6740,"THANKS TO REGULATION WHICH X-WE BE GO TO ADOPT TOMORROW , DESC-EXCESSIVE PRICE WILL BE ELIMINATE .","thanks to the regulation which we are going to adopt tomorrow , excessive prices will be eliminated .",17,16,0.666667,GO
aslg_pc12:b2eb04cf685d631717ff,X-WE FOOD BE CHARACTERISE BY X-ITS ACKNOWLEDGE REPUTATION AND QUALITY .,our food is characterised by its acknowledged reputation and quality .,12,10,0.545455,FOOD
aslg_pc12:70adda1d75e77a57aaec,DESC-MUCH DESC-SAME GO FOR EU 2020 STRATEGY .,much the same goes for the eu 2020 strategy .,8,8,0.714286,GO
aslg_pc12:6959bdb225ad3bc6b942,DESC-NOW X-WE DESC-ALSO HAVE OPPORTUNITY TO REQUEST THAT COMMISSION GO DESC-FURR IN PROVIDE CONSUMER WITH DESC-GREATER POWER .,now we also have the opportunity to request that the commission goes further in providing consumers with greater power .,22,19,0.684211,GO
aslg_pc12:eda6b89a22e9fc4117c6,X-Y BE DESC-ADDITIONAL CHANGE . RELATION TO THOSE X-WE ADOPT YESTERDAY AT 17 .,they are new changes in relation to those we adopted yesterday at 17.they are additional changes .,14,16,0.538462,YESTERDAY
aslg_pc12:5722cecfccbb981d4c21,"DESC-FIRSTLY , X-MY DESC-BEST WISH GO TO MR BOWUS , WITH WHOM X-WE HAVE WORK DESC-GREAT DEAL .","firstly , my best wishes go to mr bowis , with whom we have worked a great deal .",20,16,0.705882,GO
aslg_pc12:ce5f009bbb490a54d2d4,DESC-SOCIAL INTEGRATION WOMAN BELONG TO DESC-ETHNIC MINORITY GROUP,social integration of women belonging to ethnic minority groups,10,9,0.555556,WOMAN
aslg_pc12:98d09f0f9ea9a5064a9e,CONSUMER WILL REJECT NOVEL FOOD IF X-Y CAN DESC-NOT BE DESC-CERTAIN THAT WHAT X-WE BE OFFER BE DESC-INDEED DESC-SAFE .,consumers will reject novel foods if they cannot be certain that what we are offering is indeed safe .,25,18,0.578947,FOOD
aslg_pc12:ad7d675b8464340dcff2,"THIS LAW HAVE DESC-LITTLE , IF ANYTHING , TO DO WITH PROTECTION CHILD .","this law has little , if anything , to do with the protection of children .",12,13,0.75,CHILD
aslg_pc12:99edb374c43a7d80c7fc,WHY SHOULD X-Y BE INTEREST IN INTRICACY CODECISION IF X-Y CHILD FACE DESC-SUCH DESC-UNCERTAIN FUTURE ?,why should they be interested in the intricacies of codecision if their children face such an uncertain future ?,19,18,0.625,CHILD
aslg_pc12:8baa497c2ac541a74caa,"WHAT BE BE SAY , DESC-REFORE , BE THAT X-IT BE DESC-NOT GO TO EXIST .","what is being said , therefore , is that it is not going to exist .",16,13,0.5,GO
aslg_pc12:9257f379e8729c28a6b6,DECISION MAKE TODAY BE DESC-IMPRACTICABLE AND GO DESC-TOO DESC-FAR .,the decision made today is impracticable and goes too far .,12,10,0.6,GO
aslg_pc12:16f7278a1e916bc77df9,RISK ANALYSIS APPROACH FOR RESIDUE DESC-VETERINARY MEDICINAL PRODUCT IN FOOD ANIMAL ORIGIN .,the risk analysis approach for residues of veterinary medicinal products in food of animal origin .,13,15,0.769231,FOOD
aslg_pc12:c11167c4ac0a868fb6a0,"AS EXAMPLE , THIS MAKE X-IT DESC-DIFFICULT FOR X-Y TO PARK X-Y CAR IN DESIGNATE PARKING SPACE .","as an example , this makes it difficult for them to park their cars in designated parking spaces .",20,17,0.588235,CAR|PARK
aslg_pc12:89a1492065c6450b7a1b,THIS DESC-HEATED DEBATE SHOW THAT SOMETHING BE GO ON .,this heated debate shows that something is going on .,10,9,0.6,GO
aslg_pc12:eff828891d5ce9c99385,EUROPE HAVE DESC-PARTICULAR RESPONSIBILITY TO GUARANTEE FOOD SAFETY IN WORLD .,europe has a particular responsibility to guarantee food safety in the world .,11,12,0.818182,FOOD
aslg_pc12:e65ab98406574208b1ef,FOR EXAMPLE HOW DESC-MANY ACCOUNT OUTSIDE BUDGET DO COUNCIL HAVE IN 2007 ?,for example how many accounts outside the budget did the council have in 2007 ?,12,13,0.75,OUTSIDE
aslg_pc12:339496b381e2446dbb1e,"THOSE CONCEPT GO HAND IN HAND , AND X-I WOULD AGREE WITH THAT .","those concepts go hand in hand , and I would agree with that .",13,12,0.833333,GO
aslg_pc12:646209c917b6db8ceee9,"IF COMMISSION WOULD WORK WITH EU FOOD PRODUCER ON THIS , X-WE COULD MAKE PROGRESS .","if the commission would work with eu food producers on this , we could make progress .",15,15,0.866667,FOOD
aslg_pc12:c1fac0153ba98a1d1b76,THAILAND BE GO THROUGH DESC-VERY DESC-SERIOUS PERIOD IN X-ITS HISTORY .,thailand is going through a very serious period in its history .,13,11,0.666667,GO
aslg_pc12:5daac20ded3667aaa62f,"DESC-MEANWHILE , MONEY GO TO NABUCCO PIPELINE WILL EASE X-WE TROUBLE ENERGY RELIANCE ON RUSSIUM .","meanwhile , money going to the nabucco pipeline will ease our troubling energy reliance on russia .",16,15,0.625,GO
aslg_pc12:fe59674bebef5d3c3be5,"AT ONE TIME X-I HAVE NINE WOMAN MEMBER COMMISSION , WHICH X-I BELIEVE BE DESC-VERY DESC-IMPORTANT .","at one time I had nine women members of the commission , which I believe is very important .",19,17,0.625,WOMAN
aslg_pc12:e574b281e3dc0d74fc69,CAP REFORM WILL DETERMINE FARMERSABILITY TO PRODUCE FOOD .,cap reform will determine the farmersability to produce food .,8,9,1.0,FOOD
aslg_pc12:046b9a30dacc728e4ae5,"FOR THIS REASON , PARLIAMENT HOPE TO PLAY DESC-FUNDAMENTAL ROLE IN APPLICATION AND ADAPTATION THIS INSTRUMENT .","for this reason , parliament hopes to play a fundamental role in the application and adaptation of this instrument .",16,18,0.866667,PLAY
aslg_pc12:bf08e18d077fc11e6594,"SCREENING , DESC-PARTICULARLY AS X-WE GET DESC-OLDER , DESC-ALSO PLAY DESC-IMPORTANT PART IN MAINTAIN HEALTH .","screening , particularly as we get older , also plays an important part in maintaining health .",18,14,0.733333,PLAY
aslg_pc12:48e10153f86a81745bfb,X-IT BE DESC-BAD THING THAT DESC-PRIME MINISTER HAVE CALL ON POPULATION TO STOP BUY DESC-CERTAIN NEWSPAPER .,it is a bad thing that the prime minister has called on the population to stop buying certain newspapers .,20,19,0.611111,BUY
aslg_pc12:54d7e0d1c09c2657bfc9,"IF X-WE BE GO TO INSTALL X-Y , WHO WILL BE PAY ?","if we are going to install them , who will be paying ?",13,11,0.636364,GO
aslg_pc12:558ed0741680959e6211,"EMPHASISE THAT FIGHT AGAINST HUNGER MUST BE BASE ON RECOGNITION DESC-RIGHT TO FOOD SOVEREIGNTY ,","emphasising thatthe fight against hunger must be based on recognition of the right to food sovereignty,",15,16,0.733333,FOOD
aslg_pc12:db073657e2d053b467e5,"WOMAN WHO SERVE TIME IN PRISON , AND TWO WHOSE CHILD BE DESC-STILL IN PRISON ?","a woman who served time in prison , and two of whose children are still in prison ?",15,16,0.692308,CHILD|WOMAN
aslg_pc12:8660f952537e9a2bb436,EDUCATE CHILD MIGRANT DESC-SHORT PRESENTATION,educating the children of migrants short presentation,6,7,0.333333,CHILD
aslg_pc12:b8a0e9d9092b46f510a3,"THIS GO FOR X-MY COLLEAGUE AS DESC-WELL AS FOR VICE PRESIDENT EUROPEAN COMMISSION , JACQUE BARROT .","this goes for my colleagues as well as for the vice president of the european commission , jacques barrot .",17,18,0.666667,GO
aslg_pc12:9a6c1441f8abdec588e1,X-I THINK THAT X-WE CONTRIBUTION WILL PLAY DESC-MAJOR ROLE DESC-HERE .,i think that our contribution will play a major role here .,14,11,0.75,PLAY
aslg_pc12:e5012a7affc724c2b514,SACRIFICE WOMAN AND X-Y RIGHTS ON ALTAR SOME ALLEGE DESC-ECONOMIC INTEREST LEAD TO DESC-SOCIAL DECLINE .,sacrificing women and their rights on the altar of some alleged economic interests leads to social decline .,18,17,0.529412,WOMAN
aslg_pc12:d150d33fdc4664156564,DESC-SUCH CHILD CAN REMAIN IN X-Y DESC-OWN DESC-CULTURAL CIRCLE OR X-Y CAN SEARCH OUT ANOR ONE .,such children can remain in their own cultural circle or they can search out another one .,21,16,0.6875,CHILD
aslg_pc12:b76fbb8fde58ef66124b,"X-WE HAVE DESC-ALREADY , THANKS TO EUROPEAN RESEARCH , GO ONE STEP DESC-FORWARD .","we have already , thanks to european research , gone one step forward .",14,11,0.769231,GO
aslg_pc12:e4684cec2a5646366961,EVERY BRITISH CHILD BE BEAR OWE AROUND GBP 20 000 .,every british child is born owing around gbp 20 000 .,8,8,0.625,CHILD
aslg_pc12:19190c4e05ab871da99d,"SK WHEN WORKER EMIGRATE , CHILD DESC-OFTEN BECOME VICTIM X-Y DESC-FAMILIESIMPROVED DESC-FINANCIAL CIRCUMSTANCE .","sk when workers emigrate , children often become the victims of their familiesimproved financial circumstances .",16,14,0.5,CHILD
aslg_pc12:d0608d82b1e0df2437a2,X-IT BE DESC-ALSO DESC-ESSENTIAL THAT UNITE STATE PLAY X-ITS PART IN THIS DESC-EXTREMELY DESC-IMPORTANT MATTER .,it is also essential that the united states plays its part in this extremely important matter .,21,16,0.647059,PLAY
aslg_pc12:034ba268d9586964ac2e,THAT MEAN THAT X-WE MUST GO OUT INTO REST WORLD AND PUT PRESSURE ON DESC-OR COUNTRY .,that means that we must go out into the rest of the world and put pressure on other countries .,18,19,0.705882,GO
aslg_pc12:25f22198b36ae299138a,PEOPLE X-POSS SENSE REALITY WITH REGARD TO CLIMATE PROTECTION SEEM TO HAVE GO OUT WINDOW .,people's sense of reality with regard to climate protection seems to have gone out of the window .,16,17,0.666667,GO
aslg_pc12:d6ad7b8f9534a347a1af,LATVIUM WILL CONTINUE TO PLAY DESC-ACTIVE PART IN DETERMINATION AND IMPLEMENTATION THIS POLICY IN FUTURE .,latvia will continue to play an active part in the determination and implementation of this policy in the future .,16,19,0.866667,PLAY
aslg_pc12:8a4b798f6da91ec19a6e,COMMISSIONER DESC-RIGHTLY SAY THAT X-WE NEED TO GET WOMAN OUT RECESSION AND DESC-BACK WORK .,the commissioner rightly said that we need to get women out of the recession and back working .,17,17,0.6875,WOMAN
aslg_pc12:7904ed3655d7401a090a,PT YESTERDAY BE DESC-INTERNATIONAL WOMAN X-POSS DAY .,pt yesterday was international women's day .,9,6,0.444444,WOMAN|YESTERDAY
aslg_pc12:83603ca45be3436188ec,X-I WOULD LIKE TO ADD DESC-JUST ONE MORE SENTENCE CONCERN CHARTER WOMAN X-POSS RIGHTS .,i would like to add just one more sentence concerning the charter of women's rights .,17,15,0.6875,WOMAN
aslg_pc12:bd60bca281f1bef987b2,DESC-COMMON DESC-AGRICULTURAL POLICY AND DESC-GLOBAL FOOD SECURITY,the common agricultural policy and global food security,10,8,0.875,FOOD
aslg_pc12:1e8673765b9cbfae400e,"MORE DESC-RECENTLY , X-WE HAVE FOCUS ON REDUCE CAR EMISSION IN ORDER TO COMBAT AIR POLLUTION AND CLIMATE CHANGE .","more recently , we have focused on reducing car emissions in order to combat air pollution and climate change .",20,18,0.75,CAR
aslg_pc12:8e6de1b0a2770a51f26a,X-I DO DESC-SO BECAUSE X-I WANT TO CAUTION THAT X-WE MAY BE GO DESC-BACK TO FUTURE .,i do so because I want to caution that we may be going back to the future .,21,17,0.8125,GO
aslg_pc12:cd5c7271dfa82e8f135f,X-I BELIEVE DESC-REFORE THAT MAN MUST DESC-ALSO MAKE COMMITMENT TO COMBAT VIOLENCE AGAINST WOMAN .,i believe therefore that men must also make a commitment to combat violence against women .,17,15,0.6875,WOMAN
aslg_pc12:5107d56da24d8be710fa,"SOME MEMBER STATE BEHAVE LIKE CHILD , HIDE X-Y MISDEED .","some member states behaved like children , hiding their misdeeds .",10,9,0.3,CHILD
aslg_pc12:5f149a4c3b9606d1d9cd,YESTERDAY BE DESC-INTERNATIONAL WOMAN X-POSS DAY .,yesterday was international women's day .,8,5,0.375,WOMAN|YESTERDAY
aslg_pc12:6c31deab21fbc1add7fe,PERCENTAGE WOMAN REPRESENT ROMANIUM BE 36 % .,the percentage of women representing romania is 36 % .,5,7,0.2,WOMAN
aslg_pc12:cc09e0d50f0230671f6a,"THAT , DESC-N , BE YEAR WHICH SHOULD DESC-FURR DEVELOP EUROPEAN UNION X-POSS COMMITMENT TO CHILD .","that , then , is a year which should further develop the european union's commitment to children .",17,15,0.5,CHILD
aslg_pc12:77ec5cf6fe0898f90c0d,"IN NEXT DESC-FEW YEAR , X-WE BE GO TO DESC-GRADUALLY DRIVE DESC-BACK SE EMISSION TO ZERO .","in the next few years , we are going to gradually drive back these emissions to zero .",19,16,0.5625,GO
aslg_pc12:b6d0ef5cdf9a45fdfe7f,MISSION GO TO KIEV .,the mission went to kiev .,4,5,0.75,GO
aslg_pc12:3d05f40fa11bdfe7a888,ONE CAN DESC-NOT DEMAND ANTI CAR POLICY WHILST DESC-ALSO DEMAND THAT CAR PLANT BE LEAVE DESC-OPEN .,one cannot demand an anti car policy whilst also demanding that car plants be left open .,19,16,0.666667,CAR
aslg_pc12:d6343d5904eb53a2fa89,"DESC-SUCH CHARGE WOULD BE DESC-DISCRIMINATORY , SINCE DESC-PRIVATE CAR BE DESC-ALSO DESC-RESPONSIBLE FOR CONGESTION .","such a charge would be discriminatory , since private cars are also responsible for congestion .",18,14,0.846154,CAR
aslg_pc12:869578061372120d7d7b,X-IT COULD BE DESC-PARTICULARLY DESC-BENEFICIAL TO X-WE AGRI FOOD SECTOR .,it could be particularly beneficial to our agri food sector .,14,10,0.75,FOOD
aslg_pc12:88287d3062265fe5d95c,X-I WOULD DESC-EVEN GO STEP DESC-FURR .,i would even go a step further .,9,7,0.625,GO
aslg_pc12:c27e49ad138e6484f674,WOMAN AND CHILD BE SELL LIKE COMMODITY OVER DESC-COUNTER THROUGHOUT X-WE MEMBER STATE .,women and children are sold like commodities over the counter throughout our member states .,15,14,0.4,CHILD|WOMAN
aslg_pc12:7c8dda5f8ab50204f94d,"LABOR CLAUSE IN CONTRACT BE DESC-GOOD , BUT X-Y DO DESC-NOT GO DESC-FAR DESC-ENOUGH .","the labour clauses in the contract are good , but they do not go far enough .",18,15,0.6,GO
aslg_pc12:310934f2e0e817804b68,"THAT DO DESC-NOT MEAN THAT IRELAND BE DESC-NOT PREPARE TO PLAY X-ITS PART , DESC-ESPECIALLY IN PEACEKEEP ROLE .","that does not mean that ireland is not prepared to play its part , especially in peacekeeping roles .",21,17,0.588235,PLAY
aslg_pc12:961f7c977bc99b4a81e7,X-IT GO WITHOUT SAY THAT X-WE VOTE AGAINST REPORT .,it goes without saying that we voted against the report .,11,10,0.6,GO
aslg_pc12:0eb3be92b0110e3a114e,"SAFETY REMAIN X-WE TOP PRIORITY , COURSE , WHERE CAR TYRE BE CONCERN .","safety remains our top priority , of course , where car tyres are concerned .",12,12,0.5,CAR
aslg_pc12:9cec7944fcc28a3d12e1,X-IT DIVIDE DESC-RAR THAN UNITE MAN AND WOMAN .,it divides rather than unites men and women .,10,8,0.3,WOMAN
aslg_pc12:8a65b172a7abf2978bbd,"ALLOW FARM TO GO BUST WOULD BE DESC-IRRESPONSIBLE ON DESC-SOCIAL , DESC-ECONOMIC AND DESC-ENVIRONMENTAL GROUNDS .","allowing farms to go bust would be irresponsible on social , economic and environmental grounds .",18,14,0.8,GO
aslg_pc12:6b794f2ec9c3f88530c5,DEVELOPMENT INTERNET BE CONTRIBUTE TO PROLIFERATION DESC-NEW THREAT FOR X-WE CHILD .,the development of the internet is contributing to the proliferation of new threats for our children .,13,16,0.461538,CHILD
aslg_pc12:c38818522d98af50baf0,"X-WE DESC-ALSO WORK DESC-TOGER WITH COUNCIL , WHICH HAVE DISCUSS MORE OR DESC-LESS DESC-SAME PROPOSAL IN DESC-200IT BE DESC-NATIONAL REGULATOR WHO BE DESC-RESPONSIBLE FOR SAFETY INSTALLATION RUN IN X-Y COUNTRY .","we also worked together with the council , which had discussed more or less the same proposals in 200it is the national regulators who are responsible for the safety of the installations running in their countries .",38,35,0.551724,RUN
aslg_pc12:8fdeff234ddba9bd07ac,"IN 1970 , HAITUS BE DESC-ALMOST SELF DESC-SUFFICIENT WHERE FOOD BE CONCERN .","in the 1970s , haiti was almost self sufficient where food was concerned .",12,12,0.6,FOOD
aslg_pc12:5b88523aa574ef0fff82,X-WE DESC-PRIMARY GOAL MUST BE TO ENSURE DESC-HIGH QUALITY FOOD PRODUCTION IN EUROPE .,our primary goal must be to ensure high quality food production in europe .,16,13,0.8,FOOD
aslg_pc12:c2c04a5358d8d62ddefd,"IF X-WE TRANSFER SUM FROM ONE PROGRAM TO ANOR , X-WE RUN RISK UNDERMINE BOTH .","if we transfer sums from one programme to another , we run the risk of undermining both .",16,16,0.642857,RUN
aslg_pc12:c305e46025aa05717935,COMMISSIONER DESC-JUST SPEAK ABOUT FISHERY LABEL AND MAKE DESC-SURE PEOPLE KNOW WHAT X-Y BE BUY .,the commissioner just spoke about the fisheries labelling and making sure people know what they are buying .,18,17,0.470588,BUY
aslg_pc12:99b4db3a1f31325a06d7,PROBLEM X-WE FACE IN TERM RESOURCE USE GO BEYOND ENERGY .,the problems we face in terms of resource use go beyond energy .,11,12,0.727273,GO
aslg_pc12:6e13bee18e7f4e8dd06d,BE X-YOU GO TO STOP THIS ?,are you going to stop this ?,7,6,0.571429,GO
aslg_pc12:568b5b0edeb2e9db52e6,"IF THIS BE GO TO HAPPEN , EU WILL HAVE SOMETHING TO GAIN .","if this is going to happen , the eu will have something to gain .",12,13,0.818182,GO
aslg_pc12:3ea6e5d092797879f2e3,"DESC-HOWEVER , CLIMATE , FOOD AND DESC-SOCIAL CRISIS BE DESC-ALSO MAKE X-Y IMPACT FEEL DESC-JUST AS DESC-MUCH .","however , climate , food and social crises are also making their impact felt just as much .",21,15,0.588235,FOOD
aslg_pc12:031fa0e84e344cf581aa,DESC-HOPEFULLY THING WILL GO DESC-FORWARD .,hopefully things will go forward .,7,5,0.666667,GO
aslg_pc12:e9c6475b39707d32e6ae,X-I BE DESC-NOT SAY X-IT BE GO TO BE DESC-EASY .,i am not saying it is going to be easy .,14,10,0.6,GO
aslg_pc12:1f23edaf330f27a80fe2,"AS X-YOU CAN DESC-ONLY GO DESC-FORWARDS , X-I ASK THAT X-YOU JUSTIFY CONFIDENCE X-WE HAVE PLACE IN X-YOU .","as you can only go forwards , I ask that you justify the confidence we have placed in you .",24,18,0.823529,GO
aslg_pc12:0e3a2c5201d5a3e99f0c,"SE CAR BE DESC-NOW DESC-NOT BE MANUFACTURE IN ANTWERP , BUT IN DESC-SOUTH KOREA .","these cars are now not being manufactured in antwerp , but in south korea .",16,13,0.583333,CAR
aslg_pc12:5db50da21f27090001cf,X-I BE VIEW THAT SE DESC-GENERAL TREND SHOULD DESC-NOT GO DESC-UNNOTICED .,i am of the view that these general trends should not go unnoticed .,15,13,0.615385,GO
aslg_pc12:b0405a389c41ca04b853,X-I THINK DESC-RE BE DESC-STILL DESC-LONG WAY TO GO .,i think there is still a long way to go .,13,10,0.636364,GO
aslg_pc12:bf1cf3c92da652bbf86a,X-WE BE GO IN OPPOSITE DIRECTION .,we are going in the opposite direction .,7,7,0.571429,GO
aslg_pc12:5bd63f76178ad3f7b3cc,THOSE WHO PROFIT FROM EXPLOITATION DESC-DESPERATE OR MANIPULATE PEOPLE WITHIN DESC-GRAY ECONOMY MUST DESC-NOT GO DESC-UNPUNISHED .,those who profit from exploitation of desperate or manipulated people within the grey economy must not go unpunished .,20,18,0.823529,GO
aslg_pc12:96bd943963c63a12fc5e,X-IT BE PERMIT TO USE DESC-CERTAIN CATEGORY 1 MATERIAL IN PET FOOD .,it is permitted to use certain category 1 material in pet food .,13,11,0.692308,FOOD
aslg_pc12:8ec515e1f79ec290c745,SE WOMAN IN DESC-WHITE DESC-FEARLESSLY DRAW ATTENTION TO DESC-HUMAN RIGHTS ABUSE IN X-Y COUNTRY .,these women in white fearlessly drew attention to human rights abuses in their country .,18,14,0.533333,WOMAN
aslg_pc12:f7019fa717af983beb5a,"X-IT DESC-ALSO REFLECT LISBON STRATEGY , AS X-IT WOULD REDUCE RED TAPE .","it also reflects the lisbon strategy , as it would reduce red tape .",14,12,0.75,RED
aslg_pc12:27301d986dfc284f7a2c,"IN THIS INSTANCE , X-I HAVE TO ASK WHAT BE GO ON DESC-HERE .","in this instance , I have to ask what is going on here .",14,12,0.714286,GO
aslg_pc12:ac4bb9b8bc4d5fd8246b,"X-WE NEED TO RESTRUCTURE FORM DESC-ECONOMIC COLLABORATION , PROCESS IN WHICH MACRO REGION CAN PLAY DESC-SIGNIFICANT ROLE .","we need to restructure forms of economic collaboration , a process in which macro regions can play a significant role .",19,19,0.777778,PLAY
aslg_pc12:75a8c92813f8b1bac782,"THIS DESC-TECHNOLOGICAL FUNCTION BE DESC-EXPLICITLY DESCRIBE IN FOOD ADDITIVE REGULATION , WHICH BE ADOPT BY PARLIAMENT .","this technological function is explicitly described in the food additives regulation , which was adopted by parliament .",17,16,0.666667,FOOD
aslg_pc12:a3a38327f0bc1f44620b,"AS LUCK WOULD HAVE X-IT , MOST THOSE MILLION GO TO FOUR DESC-MAIN LEFT WING NEWSPAPER .","as luck would have it , most of those millions went to the four main left wing newspapers .",17,17,0.705882,GO
aslg_pc12:8a9fc9307aa5d087c7f6,DESC-RE MUST BE ZERO TOLERANCE FOR PAEDOPHILIA AND CHILD PORNOGRAPHY IN EUROPEAN UNION .,there must be zero tolerance for paedophilia and child pornography in the european union .,14,14,0.857143,CHILD
aslg_pc12:5beeaceb698ea34ef2a4,"THIS BUDGET BE GO DESC-AHEAD , DEVELOP AND TAKE SHAPE AT DESC-DIFFICULT TIME .","this budget is going ahead , developing and taking shape at a difficult time .",14,13,0.615385,GO
aslg_pc12:c51f77c33c17386eb509,COMMUNICATE BENEFIT DESC-ECONOMIC INTEGRATION TO DESC-LOCAL CITIZEN WILL PLAY DESC-IMPORTANT ROLE IN THIS .,communicating the benefits of economic integration to local citizens will play an important role in this .,16,16,0.714286,PLAY
aslg_pc12:7b54fe885a654850dba2,X-I WOULD LIKE TO GO STEP DESC-FURR .,i would like to go a step further .,9,8,0.666667,GO
aslg_pc12:2f2870a95c98fc52f87e,POLICEMAN WHO BE KILL BE MARRY AND HAVE CHILD .,the policeman who was killed was married and had children .,9,10,0.375,CHILD
aslg_pc12:c161dee7ae04ca51bdf7,"AS DESC-FAR AS X-MY INFORMATION GO , EUR 8 MILLION BE ALLOCATE FOR WHOLE YEAR VOLUNTEER .","as far as my information goes , eur 8 million was allocated for the whole year of volunteering .",16,16,0.6,GO
aslg_pc12:bad96814ec8c5ac77134,X-I WOULD LIKE TO ASK COMMISSIONER BARROT WHAT IMPLICATION BE GO TO BE FOR VISA APPLICANT .,i would like to ask commissioner barrot what the implications are going to be for visa applicants .,17,17,0.733333,GO
aslg_pc12:45187e4184a2ec2ce6b1,MAN HAVE DESC-JUST AS DESC-MUCH DESC-RIGHT TO SEE X-Y CHILD DEVELOP AS WOMAN HAVE TO ENJOY CAREER SUCCESS .,men have just as much right to see their children develop as women have to enjoy career success .,22,18,0.647059,CHILD|WOMAN
aslg_pc12:1d0b8bcd3c421bc26a26,X-WE BE DETERMINE TO PLAY KEY ROLE IN THIS DESC-IMPORTANT AREA .,we are determined to play a key role in this important area .,13,12,0.692308,PLAY
aslg_pc12:5230f97ecbe2eed6183c,CHILD ASK FOR TOY IN SE LETTER .,children ask for toys in these letters .,7,7,0.428571,CHILD
aslg_pc12:53b27da1be50be12baae,"FOR DESC-BETTER OR FOR DESC-WORSE , X-WE BE SHAPE EUROPE X-POSS FUTURE BY HOW X-WE RAISE X-WE CHILD .","for better or for worse , we are shaping europe's future by how we raise our children .",23,16,0.5625,CHILD
aslg_pc12:32491a9d5a40286669ec,"AS DESC-USUAL , CHILD X-POSS RIGHTS COUNT FOR NOTHING IN FACE PRESSURE FROM DESC-CERTAIN LOBBY GROUP .","as usual , children's rights count for nothing in the face of pressure from certain lobby groups .",18,16,0.705882,CHILD
aslg_pc12:2be335631cba9e175807,DESC-RE BE DESC-ONLY ONE WAY TO GET DESC-COMMERCIAL VEHICLE MARKET GO DESC-AGAIN .,there is only one way to get the commercial vehicles market going again .,16,13,0.615385,GO
aslg_pc12:bc88644f1a7fc7f15b77,DESC-OR ISSUE THAT THIS PARLIAMENT BE WORK ON THIS WEEK BE DESC-HUMAN TRAFFICKING AND VIOLENCE AGAINST WOMAN .,the other issue that this parliament is working on this week is human trafficking and violence against women .,19,18,0.6875,WOMAN
aslg_pc12:ccea7d4b4558b7d7c2e8,DESC-EQUAL TREATMENT BETWEEN SELF EMPLOY MAN AND WOMAN,equal treatment between self employed men and women,9,8,0.555556,WOMAN
aslg_pc12:2472ad7bcdb0b98ba5e0,"AS MATTER FACT , X-I BE GO TO HAVE ANOR DESC-SUCH MEETING TOMORROW MORNING .","as a matter of fact , I am going to have another such meeting tomorrow morning .",15,15,0.666667,GO
aslg_pc12:2b3d63a869ba1ac389c3,"PRICE RISE BE FEEL MOST BY DESC-LOW INCOME FAMILY , WHO SPEND DESC-SIGNIFICANT PROPORTION X-Y BUDGET ON FOOD .","price rises are felt most by low income families , who spend a significant proportion of their budget on food .",20,19,0.631579,FOOD
aslg_pc12:95cbfd9095f45ba66966,"DESC-RE BE , DESC-HOWEVER , MORE TO BE DO IN ORDER TO TACKLE PROBLEM STORE OZONE DEPLETE SUBSTANCE .","there is , however , more to be done in order to tackle the problem of stored ozone depleting substances .",18,18,0.6,STORE
aslg_pc12:cce21b2882194de1dc98,"DESC-LASTLY , LET X-WE ACKNOWLEDGE WOMAN IRAN .","lastly , let us acknowledge the women of iran .",8,8,0.5,WOMAN
aslg_pc12:821e379959ca6838044b,"DESC-HOWEVER , WAGE DISCRIMINATION BETWEEN WOMAN AND MAN EXIST ON LABOR MARKET .","however , wage discrimination between women and men exists on the labour market .",12,12,0.583333,WOMAN
aslg_pc12:e2e670655d9573ae70a4,THIS BE DESC-VERY DESC-MUCH CASE WITH DEBATE ON AUTHORISATION FOOD ADDITIVE DESC-SUCH AS THROMBIN .,this is very much the case with the debate on the authorisation of food additives such as thrombin .,17,18,0.8,FOOD
aslg_pc12:efeb8110d8588f19ac4c,"DESC-ORWISE , X-WE RUN RISK BECOME DESC-IRRELEVANT .","otherwise , we run the risk of becoming irrelevant .",9,8,0.5,RUN
aslg_pc12:9ddaf0f0a7ec844af79a,"X-IT BE DESC-NOW DESC-CLOSE TO END SPANISH PRESIDENCY , WITH FIVE WEEK TO GO .","it is now close to the end of the spanish presidency , with five weeks to go .",16,16,0.714286,GO
aslg_pc12:3eae246db445ee40403b,DESC-THIRD NETWORK BE GO TO RUIN THROUGH LACK RESOURCE TO MAINTAIN X-IT .,a third of the network is going to ruin through lack of resources to maintain it .,14,16,0.615385,GO
aslg_pc12:849b51173e3675bef2d9,"DESC-HOWEVER , TODAY X-WE BE TELL THAT JUNK FOOD ERA BE OVER .","however , today we are told that the junk food era is over .",13,12,0.666667,FOOD
aslg_pc12:e49f2896ddf0a62b37b8,"ACCORD TO ILO , DESC-ROUGHLY 218 MILLION CHILD BE INVOLVE IN CHILD LABOR AT DESC-PRESENT .","according to the ilo , roughly 218 million children are involved in child labour at present .",15,14,0.615385,CHILD
aslg_pc12:a8cf21c01b717444b0b0,FOOD WHICH COME FROM ANIMAL THAT HAVE BE FEED GMO FEEDSTUFF MUST BE LABEL .,foods which come from animals that have been fed gmo feedstuffs must be labelled .,14,14,0.615385,FOOD
aslg_pc12:4327fbc8ea074edf3cb4,CUT RED TAPE BE DESC-IMPORTANT IN THIS CONTEXT .,cutting red tape is important in this context .,9,8,0.666667,RED
aslg_pc12:4c22fa92d4b00cf3abc0,X-I BE VOTING IN FAVOR ANGELILLUS REPORT ON COMBATE DESC-SEXUAL EXPLOITATION CHILD AND CHILD PORNOGRAPHY .,i am voting in favour of the angelilli report on combating the sexual exploitation of children and child pornography .,17,19,0.625,CHILD
aslg_pc12:6441618b45f6c1dfa81a,"SE TWO THING GO DESC-TOGER , BUT DESC-FAR DESC-TOO DESC-LITTLE BE BE DO AT MOMENT .","these two things go together , but far too little is being done at the moment .",18,15,0.571429,GO
aslg_pc12:7b3bda47543512930431,X-WE AGREE WITH THAT AND X-WE BE GO DESC-FURR IN THIS MATTER THAN X-WE WOULD DESC-PERHAPS DESC-NORMALLY HAVE DO .,we agree with that and we are going further in this matter than we would perhaps normally have done .,25,19,0.684211,GO
aslg_pc12:0cf90acb5f7bdbda0bb3,ELIMINATION VIOLENCE AGAINST WOMAN DEBATE,elimination of violence against women debate,5,6,0.8,WOMAN
aslg_pc12:0dd5e56c80e0d43a2c0e,SUSTAINABILITY AS DESC-OVERALL CONCEPT FOR EUROPEAN AGRICULTURE WILL GUARANTEE DESC-HEALTHY FOOD AND DESC-HEALTHY ENVIRONMENT .,sustainability as the overall concept for european agriculture will guarantee healthy food and a healthy environment .,17,16,0.928571,FOOD
aslg_pc12:b7158b675fb1ea7debc7,X-WE FAMILY RUN FARM DESC-URGENTLY NEED MARKET SUPPORT MEASURE .,our family run farms urgently need market support measures .,11,9,0.545455,RUN
aslg_pc12:ddffa94dff8b91708ce9,"WOMAN BE DESC-PARTICULARLY DESC-VULNERABLE TO PROSTITUTION , RAPE , ARRANGE MARRIAGE AND BRIDE TRAFFICKER .","women are particularly vulnerable to prostitution , rape , arranged marriages and bride traffickers .",14,12,0.538462,WOMAN
aslg_pc12:b9ba128e999d1f890698,"IF SOME DO DESC-NOT WISH TO GO HOME , X-Y CAN ASK X-Y GAOLER FOR DESC-POLITICAL ASYLUM .","if some do not wish to go home , they can ask their gaolers for political asylum .",20,16,0.764706,GO
aslg_pc12:d4de51ea9e1976eb96db,REPRESENTATIVE DESC-CIVIL SOCIETY HAVE SET DESC-GREAT STORE BY THIS .,the representatives of civil society have set great store by this .,11,11,0.8,STORE
aslg_pc12:466cbcde52a68f507bb4,X-I BE EXPLAIN TO DESC-FRENCH LISTENER WHAT TAKE PLACE YESTERDAY IN LUXEMBOURG .,i was explaining to french listeners what took place yesterday in luxembourg .,14,12,0.571429,YESTERDAY
aslg_pc12:33662a58195f876035d6,COMMISSION X-POSS PROPOSAL SEEK TO ENSURE DESC-EQUAL TREATMENT FOR SELF EMPLOY MAN AND WOMAN .,the commission's proposal seeks to ensure equal treatment for self employed men and women .,16,14,0.5,WOMAN
aslg_pc12:e45a2f3fb5d378b96c51,"DESC-CURRENTLY IN EUROPE , X-IT BE DESC-NOT DESC-POSSIBLE TO BUY TRAIN TICKET IN DESC-CIVILISED MANNER .","currently in europe , it is not possible to buy a train ticket in a civilised manner .",19,16,0.8,BUY
aslg_pc12:807652f3efa6b638e248,FUTURE CHILD BE TOPIC REQUIRE AND DESC-DESERVING X-WE ATTENTION .,the future of children is a topic requiring and deserving of our attention .,11,13,0.454545,CHILD
aslg_pc12:fa072175ad8b9cf045c8,SHOULD TECHNOLOGY INSTALL IN CAR WHICH BE DESC-CAPABLE COMMUNICATE WITH ROADSIDE TRANSMITTER COME DESC-FIRST ?,should the technology installed in the car which is capable of communicating with a roadside transmitter come first ?,16,18,0.733333,CAR
aslg_pc12:b514e8814baad9b17e64,X-IT BE ABOUT LEVEL PLAY FIELD .,it is about the level playing field .,7,7,0.571429,PLAY
aslg_pc12:bc098ead70a1f2830d0f,"WITH REGARD TO DESC-INTELLECTUAL PROPERTY RIGHTS , FTA CONTAIN DESC-AMBITIOUS COMMITMENT GO BEYOND WTO RULE .","with regard to intellectual property rights , the fta contains ambitious commitments going beyond wto rules .",16,15,0.666667,GO
aslg_pc12:a60c60f0a5f3ea598021,"SINCE MAY 2008 , COUNCIL X-POSS INFORMATION WORK GROUP HAVE GO THROUGH PROPOSAL DESC-TWICE .","since may 2008 , the council's information working group has gone through the proposal twice .",14,13,0.5,GO
aslg_pc12:d8e3771861c5d32f71ec,X-IT BE DESC-TYPICAL AND DESC-UNACCEPTABLE THAT REPORT REFER DESC-SOLELY TO CHILD DESC-LEGAL DESC-IMMIGRANT .,it is typical and unacceptable that the report refers solely to the children of legal immigrants .,19,16,0.6,CHILD
aslg_pc12:cc05a9a877af32ccd69b,X-I BE DESC-VERY DESC-HAPPY ABOUT WAY THAT VOTE HAVE GO .,i am very happy about the way that the vote has gone .,13,12,0.583333,GO
aslg_pc12:7bbea04a33ef900a2090,"IN THIS HOUSE , X-WE BE GO TO TALK EUROPE AND MORE EUROPE .","in this house , we are going to talk of europe and more europe .",13,13,0.75,GO
aslg_pc12:8ad81d6e1c2a2ac9e23c,X-I DESC-REALLY HOPE THIS WILL GO DESC-FURR .,i really hope this will go further .,10,7,0.666667,GO
aslg_pc12:73db815e61af489ab266,X-I BE DESC-REFORE DESC-VERY DESC-PLEASED THAT ME EU 2020 STRATEGY BE DESC-NOW SUSTAINABILITY .,i am therefore very pleased that the theme of the eu 2020 strategy is now sustainability .,17,15,0.615385,ME
aslg_pc12:4ef92da4bbf39d552318,ONE DESC-FINAL EXAMPLE COMPANY WHOSE MANAGEMENT CONSIST AT DESC-LEAST 30 % WOMAN ACHIEVE DESC-BETTER BUSINESS SUCCESS .,one final example companies whose management consists of at least 30 % women achieve better business success .,17,15,0.733333,WOMAN
aslg_pc12:746477a1d24f0d6760e3,"TODAY , YESTERDAY X-POSS DECISION BY DESC-EXTRAORDINARY COUNCIL MINISTER BE BE IMPLEMENT .","today , yesterday's decision by the extraordinary council of ministers is being implemented .",13,12,0.416667,YESTERDAY
aslg_pc12:a663dced336c9ce5dd07,X-YOU BE TELL X-WE THAT X-YOU BE GO TO GET EUROPE OUT CRISIS .,you are telling us that you are going to get europe out of the crisis .,16,15,0.583333,GO
aslg_pc12:9d13112d8ecef5ea5895,"DESC-HOWEVER , DOG BE GUARDIAN ANGEL .","however , dogs are guardian angels .",6,5,0.333333,DOG
aslg_pc12:be13dec84d7e7dbdad4f,"DESC-FINALLY , X-I THINK X-IT BE DESC-CLEAR THAT STAKEHOLDER HAVE PLAY DESC-VITAL ROLE THROUGHOUT IMPLEMENTATION PROCESS .","finally , I think it is clear that stakeholders have played a vital role throughout the implementation process .",20,17,0.705882,PLAY
aslg_pc12:1980a7dc65d9a97145e6,X-I DESC-REFORE DESC-STRONGLY REJECT QUOTA WOMAN IN APPOINTMENT EUROPEAN COMMISSION .,i therefore strongly reject the quota of women in the appointment of the european commission .,13,15,0.666667,WOMAN
aslg_pc12:280159653a5ebe0044ef,X-IT AFFECT AND DEFINE WOMAN X-POSS DESC-EVERYDAY LIFE .,it affects and defines women's everyday lives .,11,7,0.3,WOMAN
aslg_pc12:cabd83af3df3f9b38fb2,TIME DESC-REALLY BE RUN OUT .,time really is running out .,6,5,0.5,RUN
aslg_pc12:d3c72c7bddfdeee5be88,X-WE BE DESC-NOT GO DESC-BACK TO BUSINESS AS DESC-USUAL .,we are not going back to business as usual .,13,9,0.636364,GO
aslg_pc12:ad61583b36637f8705a6,"DESC-HERE , X-I WOULD LIKE TO UNDERLINE THAT THIS REPORT BE ABOUT EQUALITY BETWEEN WOMAN AND MAN .","here , I would like to underline that this report is about equality between women and men .",18,16,0.722222,WOMAN
aslg_pc12:bd6811ffa98d40c786a7,EUROPEAN PARLIAMENT PLAY DESC-ACTIVE ROLE IN COMBATE TERRORISM AND IN SUPPORT VICTIM DESC-TERRORIST ATTACK .,the european parliament plays an active role in combating terrorism and in supporting the victims of terrorist attacks .,16,18,0.571429,PLAY
aslg_pc12:94a287ef8b34d50bd10f,DESC-CURRENT TURMOIL RUN RISK DIVIDE COUNTRY .,the current turmoil runs the risk of dividing the country .,7,10,0.571429,RUN
aslg_pc12:ba3e2a3ba2181cac1fd1,X-WE MUST RETURN TO THIS TOPIC AND X-WE NEED TO GO DESC-LITTLE DESC-FURR DESC-STILL .,we must return to this topic and we need to go a little further still .,19,15,0.785714,GO
aslg_pc12:404e14567b1168df2298,TURKEY PLAY KEY ROLE IN ENERGY SECURITY AND IN DIALOGUE BETWEEN CIVILISATION .,turkey plays a key role in energy security and in the dialogue between civilisations .,12,14,0.818182,PLAY
aslg_pc12:006def71df8afca585b1,"PERPETRATOR , SEVENTEEN YEAR DESC-OLD DESC-FORMER STUDENT AT SCHOOL , DESC-LATER DESC-COMMITTED SUICIDE .","the perpetrator , a seventeen year old former student at the school , later committed suicide .",15,14,0.916667,STUDENT
aslg_pc12:bd7087dacb37848a1f48,"THIS ADDITIVE BE , IN X-MY OPINION , EXAMPLE FOOD SECTOR DEVELOPMENT WHICH WILL BENEFIT CONSUMER .","this additive is , in my opinion , an example of a food sector development which will benefit consumers .",15,17,0.8,FOOD
aslg_pc12:d60711605fee2faa5747,X-IT GO WITHOUT SAY THAT THIS BE SCANDAL .,it goes without saying that this is a scandal .,9,9,0.555556,GO
aslg_pc12:69303a51259faf46c244,"X-I HAVE BE ARGUE IN FAVOR OPPOSITE FOR 30 YEAR , BOTH WITHIN AND OUTSIDE THIS PARLIAMENT .","i have been arguing in favour of the opposite for 30 years , both within and outside this parliament .",16,17,0.6875,OUTSIDE
aslg_pc12:18f561d8e5f1611a1a04,2007 DISCHARGE EUROPEAN FOOD SAFETY AUTHORITY,2007 discharge european food safety authority,5,5,1.0,FOOD
aslg_pc12:e4bc5a72fed9b6014ad2,"AS HAVE DESC-OFTEN BE SAY BEFORE , FOOD SECURITY OUGHT TO BE DESC-HUMAN DESC-RIGHT .","as has often been said before , food security ought to be a human right .",16,14,0.769231,FOOD
aslg_pc12:4dbdfc0e24cc7ba25949,"DESC-MOREOVER , X-I BE ASTONISH THAT CHANCELLOR MERKEL BE BRING DESC-INTERNATIONAL DESC-MONETARY FUND INTO PLAY .","moreover , I am astonished that chancellor merkel is bringing the international monetary fund into play .",18,15,0.666667,PLAY
aslg_pc12:ab7a98e9258a2081a552,QUARTET WILL HAVE DESC-CRUCIAL ROLE TO PLAY IN MONTH DESC-AHEAD .,the quartet will have a crucial role to play in the months ahead .,12,13,0.818182,PLAY
aslg_pc12:37c5c07b52687b5c60b9,X-I BELIEVE THAT ALL THIS GO DESC-COMPLETELY AGAINST ALL X-WE DESC-INTERNATIONAL COMMITMENT .,i believe that all of this goes completely against all of our international commitments .,16,14,0.615385,GO
aslg_pc12:c2d6af9d9b2db05c0ef3,X-WE DO DESC-NOT HAVE TO GO DESC-VERY DESC-FAR .,we do not have to go very far .,12,8,0.8,GO
aslg_pc12:1bb2f1f129b751083993,"FOLLOW DESC-RECENT CRISIS IN FOOD PRICE , FOOD SECURITY SHOULD BE EU PRIORITY .","following the recent crisis in food prices , food security should be an eu priority .",13,14,0.75,FOOD
aslg_pc12:60b7e26ea800b0da5ecd,X-WE HAVE TO ADMIT THAT X-WE BE DESC-STILL DESC-FAR FROM ACHIEVE ANYTHING DESC-SIGNIFICANT IN AREA CHILD PARTICIPATION .,we have to admit that we are still far from achieving anything significant in the area of child participation .,22,19,0.777778,CHILD
aslg_pc12:2c46cd61b69630c8336f,X-IT BE DESC-UNACCEPTABLE TO GO ON THINK THAT WAY .,it is unacceptable to go on thinking that way .,11,9,0.636364,GO
aslg_pc12:6d8174d8cfc7c9b91f6b,WITHIN CAR 21 X-WE HAVE ESTABLISH DESC-BASIC CONDITION FOR DESC-FORWARD LOOK CAR INDUSTRY AND BE DESC-CONSTANTLY IMPROVE X-Y .,within cars 21 we have established the basic conditions for a forward looking car industry and are constantly improving them .,22,19,0.555556,CAR
aslg_pc12:37efba2429d5666ac321,"BREAST CANCER REMAIN DESC-MAIN CAUSE DEATH AMONG WOMAN AGE 35 TO 5ACCORD TO WORLD HEALTH ORGANIZATION , CANCER BE DESC-MAIN CAUSE DEATH WORLDWIDE .","breast cancer remains the main cause of death among women aged 35 to 5according to the world health organization , cancer is the main cause of death worldwide .",23,26,0.647059,WOMAN
aslg_pc12:e744cca409ec6755d260,X-WE MARKET ACCESS CONDITION BE DESC-IMPORTANT CONDITION BECAUSE X-Y AFFECT FOOD AND X-Y AFFECT HEALTH X-WE RESIDENT .,our market access conditions are important conditions because they affect food and they affect the health of our residents .,22,19,0.533333,FOOD
aslg_pc12:a21379033ebd45c55e24,"MR BROK , WILL X-YOU PLEASE LEAVE CHAMBER AND HAVE X-YOU DISCUSSION OUTSIDE .","mr brok , will you please leave the chamber and have your discussion outside .",14,13,0.916667,OUTSIDE
aslg_pc12:7670637e30a96d6a3461,X-IT GO WITHOUT SAY THAT X-WE NEED DESC-SUCH COOPERATION MORE THAN DESC-EVER .,it goes without saying that we need such cooperation more than ever .,16,12,0.714286,GO
aslg_pc12:5f0bf0bd0967923f1b7d,"CITIZEN WANT TO FEEL EUROPEAN WHEN X-Y BE INSIDE UNION , BUT DESC-ALSO WHEN OUTSIDE EUROPE .","citizens want to feel european when they are inside the union , but also when outside europe .",17,16,0.6875,OUTSIDE
aslg_pc12:64541cb06ea825074965,EUROPEAN UNION MUST CONTINUE TO PLAY LEAD ROLE AND TO SPEAK WITH ONE VOICE ON DESC-ENVIRONMENTAL ISSUE .,the european union must continue to play a leading role and to speak with one voice on environmental issues .,18,19,0.823529,PLAY
aslg_pc12:cddf43a73a460b60523b,X-WE WILL ALL GO BY SCREEN .,we will all go by the screen .,7,7,0.857143,GO
aslg_pc12:345a99e5851f850dd62c,MATERNITY LEAVE BE DESC-ALSO PROVIDE FOR ALL WOMAN .,maternity leave is also provided for all women .,9,8,0.555556,WOMAN
aslg_pc12:e78cc98296115386333f,DESC-RE X-YOU HAVE X-IT X-I BE DESC-NOT GO TO PROLONG SE ANSWER .,there you have it I am not going to prolong these answers .,17,12,0.5,GO
aslg_pc12:4341ca7af1fa404b0810,DESC-ELECTRIC CAR PROJECT DATE DESC-BACK TO 2006 ALL INSTITUTION AGREE THAT X-IT BE DESC-VALID PROJECT .,the electric car project dates back to 2006 all the institutions agree that it is a valid project .,18,17,0.666667,CAR
aslg_pc12:2797aa2aa03e3557d384,"DESC-NEW TECHNOLOGY WILL ENABLE X-WE TO HAVE DESC-SAFER , DESC-GREENER CAR .","new technologies will enable us to have safer , greener cars .",14,10,0.583333,CAR
aslg_pc12:20b1e00016918c61d116,"AROUND WORLD , THIS GO HAND IN HAND WITH EXTREMISM , WHICH POSE DESC-LONG TERM THREAT AS DESC-WELL .","around the world , this goes hand in hand with extremism , which poses a long term threat as well .",18,18,0.8125,GO
aslg_pc12:8457863d7bfca3724edf,ISRAELI RESPONSE BE DESC-TOTALLY DESC-DISPROPORTIONATE AND DEATH DESC-YOUNG CHILD BE DESC-PARTICULARLY DESC-SHAMEFUL .,the israeli response is totally disproportionate and the deaths of young children are particularly shameful .,17,15,0.666667,CHILD
aslg_pc12:5029c14681f94623f061,SIMPLIFICATION AND REDUCE RED TAPE WILL REMAIN AT HEART COMMISSION X-POSS AGENDA .,simplification and reducing red tape will remain at the heart of the commission's agenda .,13,14,0.692308,RED
aslg_pc12:6bf641f59a3cec0aecd9,IF X-WE WANT THIS SCHEME TO BE DESC-EFFECTIVE X-IT MUST DESC-NOT BE ACCOMPANY BY INCREASE IN RED TAPE .,if we want this scheme to be effective it must not be accompanied by an increase in red tape .,22,19,0.842105,RED
aslg_pc12:003149490e1f6a4bcb18,THING WILL DESC-NOT GO DESC-WELL WITH DESC-PRESENT TARGET PERCENTAGE .,things will not go well with the present target percentages .,12,10,0.7,GO
aslg_pc12:7b6bf4c9618fe7c6c2fe,X-WE BE GO THROUGH DESC-VERY DESC-DIFFICULT AND DESC-TENSE PERIOD WITH IRAN .,we are going through a very difficult and tense period with iran .,15,12,0.692308,GO
aslg_pc12:08d65bdf47841b5832dc,"IN X-WE AUDIENCE DESC-TONIGHT X-WE HAVE SOME MUSICIAN , SOME PRODUCER AND , DESC-INDEED , SOME DESC-INTERESTED PARTY .","in our audience tonight we have some musicians , some producers and , indeed , some interested parties .",20,15,0.642857,TONIGHT
aslg_pc12:c4619bba3f5e31617db4,"X-WE JOIN TODAY WITH THOSE DESC-HEROIC WOMAN , AND X-WE BE THINK ABOUT X-Y AND X-Y DESC-DIFFICULT SITUATION .","we join today with those heroic women , and we are thinking about them and their difficult situation .",23,17,0.625,WOMAN
aslg_pc12:9c6f82e6bd6ab5f6aa1a,THIS BE DESC-ALSO REASON WHY DESC-YOUNG WOMAN BE POSTPONE MORHOOD AND GIVE PRIORITY TO DESC-PROFESSIONAL CAREER .,this is also a reason why young women are postponing motherhood and giving priority to a professional career .,19,18,0.625,WOMAN
aslg_pc12:e26c8aa722d73fb55574,"THAT BE PART DISCUSSION , AS X-YOU KNOW , THAT BE DESC-CURRENTLY GO ON .","that is part of the discussion , as you know , that is currently going on .",14,14,0.666667,GO
aslg_pc12:943f2ff4a7ee22c98dff,"YESTERDAY , EU JUSTICE MISSION DESC-OPEN X-ITS DESC-FIRST WAR CRIME TRIAL IN KOSOVO .","yesterday , the eu justice mission opened its first war crimes trial in kosovo .",15,13,0.714286,YESTERDAY
aslg_pc12:5f30f156d06892f83870,X-WE HEART GO OUT DESC-TOO TO DESC-FRENCH STUDENT WHO BE DETAIN BY IRANIAN AUTHORITY .,our hearts go out too to the french student who was detained by the iranian authorities .,17,16,0.5625,GO|STUDENT
aslg_pc12:b3231399ebf267a0e90d,"DESC-YES , THAT BE DESC-LOW LEVEL IN 2009 DESC-20IT SHOULD GO AT CRUISE SPEED BY 2011 , AS SHOULD ANTI CRISIS DELIVERY .","yes , that was low level in 2009 20it should go at cruising speed by 2011 , as should anti crisis delivery .",21,18,0.833333,GO
aslg_pc12:71a133fd462192b4b7ff,AGRICULTURE DESC-ACTUALLY HAVE DESC-CRUCIAL PLACE AND ROLE TO PLAY IN FIGHT AGAINST DESC-GLOBAL WARM .,agriculture actually has a crucial place and a role to play in the fight against global warming .,17,17,0.8,PLAY
aslg_pc12:7f53c650bb40924aa739,FOR X-I X-IT GO WITHOUT SAY THAT DATUM PROTECTION LAW MUST BE RESPECT .,for me it goes without saying that data protection laws must be respected .,15,13,0.5,GO
aslg_pc12:c782b06fdc5a75801b4b,X-WE SHALL DESC-NOW GO TO DESC-MAIN ITEM ON THIS AFTERNOON X-POSS AGENDA .,we shall now go to the main item on this afternoon's agenda .,16,12,0.714286,GO
aslg_pc12:85f10bc4da2aabde2f6c,WHEN BE THIS GO TO END ?,when is this going to end ?,6,6,0.666667,GO
aslg_pc12:77649e51f249542a957d,X-WE DESC-ALSO NEED TO ACT IN UNISON TO PREVENT ENTERPRISE PLAY OFF ONE MEMBER STATE AGAINST ANOR .,we also need to act in unison to prevent enterprises playing off one member state against another .,19,17,0.722222,PLAY
aslg_pc12:20655a6a95dd95c91e30,PIECE MEAT GLUE DESC-TOGER WITH THROMBIN SHOULD DESC-NEVER BE ALLOW TO GO ON SALE AS HAM .,a piece of meat glued together with thrombin should never be allowed to go on sale as ham .,18,18,0.764706,GO
aslg_pc12:eba922dc2cb433e91b14,X-WE DESC-REFORE GO DESC-FURR IN X-WE ALTERNATIVE RESOLUTION .,we therefore go further in our alternative resolution .,12,8,0.555556,GO
aslg_pc12:6d78943de35bed0d7555,"DESC-RE BE NO GO DESC-BACK , EIR FOR X-YOU OR FOR X-WE .","there is no going back , either for you or for us .",15,11,0.416667,GO
aslg_pc12:93280396d8df4e8507c1,QUESTION BE HOW DESC-MUCH GAS X-WE DESC-ACTUALLY NEED TO STORE AND HOW TO FINANCE X-IT .,the question is how much gas we actually need to store and how to finance it .,19,16,0.8,STORE
aslg_pc12:e59292807a6da14ef41a,"DESC-CONSEQUENTLY , X-Y DESC-ALSO WISH TO SEE EUROPEAN WORKER CONTINUE TO DEAL WITH SE CAR IN FUTURE .","consequently , they also wish to see european workers continuing to deal with these cars in the future .",19,17,0.588235,CAR
aslg_pc12:d938fc4829c49ffda7ce,DESC-NATURAL ORDER BE MAN AND WOMAN .,the natural order is man and woman .,7,7,0.714286,WOMAN
aslg_pc12:5cc406bb704685845a04,WOMAN WANT TO GROW WITH X-Y BUSINESS .,women want to grow with their businesses .,8,7,0.5,WOMAN
aslg_pc12:cef31db158cd24c25616,"PL COMMISSIONER , IMPLEMENTATION LISBON STRATEGY BE DESC-NOT GO DESC-VERY DESC-WELL .","pl commissioner , implementation of the lisbon strategy is not going very well .",13,12,0.727273,GO
aslg_pc12:44a19c4d6bada1f8ecad,"THIS CAN BE CASE FOR WOMAN , DESC-DISABLED PEOPLE , OR DESC-LONG TERM DESC-UNEMPLOYED .","this can be the case for women , disabled people , or the long term unemployed .",15,14,0.846154,WOMAN
aslg_pc12:e0cf92901b47d1d40b68,DESC-RE BE DESC-STILL DESC-VERY DESC-LONG WAY TO GO .,there is still a very long way to go .,12,9,0.666667,GO
aslg_pc12:dbccca43822820fc7cb2,X-WE MUST DESC-NOT ALLOW FOOD IN QUESTION TO BE DESC-OPEN TO MISLEAD CONSUMER .,we must not allow the foods in question to be open to misleading consumers .,16,14,0.642857,FOOD
aslg_pc12:58f1458525b67dcdd0fa,X-Y BE DESC-VERY DESC-MUCH IN LINE WITH DIRECTION IN WHICH X-WE BE GO .,they are very much in line with the direction in which we are going .,17,14,0.615385,GO
aslg_pc12:5b2387625b63aeba7577,X-WE WOULD LIKE TO HEAR DESC-TONIGHT HOW COMMISSION BE PROPOSE TO APPROACH THAT PROCESS .,we would like to hear tonight how the commission is proposing to approach that process .,16,15,0.733333,TONIGHT
aslg_pc12:05eef31233c900bdb869,X-WE CAN DESC-NOT AGREE THAT EVERYONE HOLD EUROPEAN PASSPORT BE DESC-USUAL SUSPECT WHOSE FINGERPRINT BE TO BE STORE .,we cannot agree that everyone holding the european passport is a usual suspect whose fingerprints are to be stored .,21,19,0.611111,STORE
aslg_pc12:606fff95f599a5d49b11,WOMAN BE DESC-STILL AT DESC-VERY DESC-HIGH RISK BECOME DESC-POOR OR HAVE TO DESC-LIVE IN POVERTY .,women are still at a very high risk of becoming poor or having to live in poverty .,20,17,0.6875,WOMAN
aslg_pc12:c1afbcc2b474d7ac8792,DESC-HIGH REPRESENTATIVE HAVE DESCRIBE DESC-HUMAN RIGHTS AS SILVER THREAD THAT WILL RUN THROUGH ALL X-WE DESC-EXTERNAL POLICY .,the high representative has described human rights as a silver thread that will run through all our external policy .,21,19,0.736842,RUN
aslg_pc12:83f5886272f17baa8b24,X-I WOULD LIKE TO EXTEND X-MY THANKS TO ALL SE WOMAN .,i would like to extend my thanks to all of these women .,13,12,0.727273,WOMAN
aslg_pc12:f611cd1c21e03cdeb14b,X-IT BE DESC-NOT ABOUT WHO BE GO TO DO WHAT BECAUSE DESC-CERTAIN THING X-YOU DESC-SIMPLY CAN DESC-NOT DO .,it is not about who is going to do what because certain things you simply cannot do .,24,17,0.647059,GO
aslg_pc12:b62255bfcd492152096e,"DESC-FINALLY , X-I DESC-VERY DESC-MUCH LOOK DESC-FORWARD TO GO TO LAPLAND THIS WEEKEND .","finally , I very much look forward to going to lapland this weekend .",17,12,0.769231,GO
aslg_pc12:5f2bfe28df40695b7512,X-I BELIEVE X-WE DESC-OFTEN PLAY DESC-DOWN ACHIEVEMENT THAT EUROPE HAVE ATTAIN .,i believe we often play down the achievement that europe has attained .,15,12,0.692308,PLAY
aslg_pc12:4d7100057a05a00cd090,X-HE BE DESC-NOT SAY WHY X-HE DO DESC-NOT PLAY X-HE ROLE .,he is not saying why he did not play his role .,16,11,0.5,PLAY
aslg_pc12:46eba59c39138580cb93,"THIS BE DESC-NOT CASE , AND X-I DESC-ALSO SAY THIS TO MR F?LE YESTERDAY .","this was not the case , and I also said this to mr füle yesterday .",17,15,0.733333,YESTERDAY
aslg_pc12:a708cebe2caa81c2e4ee,HOW BE X-WE GO TO RESOLVE THIS ?,how are we going to resolve this ?,8,7,0.625,GO
aslg_pc12:9d20f88fa2717843e684,"YESTERDAY , REPORTER WITHOUT FRONTIER RANK SRUS LANKA NUMBER 162 ON PRESS FREEDOM INDEX OUT 175 COUNTRY .","yesterday , reporters without frontiers ranked sri lanka number 162 on the press freedom index out of 175 countries .",14,16,0.642857,YESTERDAY
aslg_pc12:b5a679b2a369f5a9abc2,"YESTERDAY , UNITE NATION SECRETARY DESC-GENERAL ASK FOR POLICE AND DESC-MILITARY REINFORCEMENT UN PEACEKEEPING MISSION AS DESC-WELL .","yesterday , the united nations secretary general asked for police and military reinforcements of the un peacekeeping mission as well .",19,19,0.705882,YESTERDAY
aslg_pc12:a5ea3d92e62022ec8fb5,COURSE THIS MEAN DESC-SUBSTANTIAL EXPENSE RUN INTO MILLION EURO BUT ONE CAN DESC-NOT COMPROMISE WITH SECURITY MEASURE .,of course this means a substantial expense running into millions of euros but one cannot compromise with security measures .,19,19,0.555556,RUN
aslg_pc12:a6bd2d5870a5b5a2574e,"POPULATION FINLAND BE FIVE MILLION , AND AROUND 100 000 CAR WILL BE SELL THIS YEAR .","the population of finland is five million , and around 100 000 cars will be sold this year .",13,15,0.833333,CAR
aslg_pc12:c4560990d435f65479c3,X-I WILL DESC-ALSO GO TO DOMINICAN REPUBLIC .,i will also go to the dominican republic .,9,8,0.777778,GO
aslg_pc12:65862afe89f57378252a,WHAT BE SE PEOPLE GO TO DO DESC-N ?,what are these people going to do then ?,9,8,0.444444,GO
aslg_pc12:73b0792e91d825f207e3,"IN X-MY HOMELAND , X-WE SEE NEO NAZI TRY TO BUY PROPERTY DESC-ALMOST ON DESC-WEEKLY BASIS .","in my homeland , we see neo nazis trying to buy property almost on a weekly basis .",19,16,0.764706,BUY
aslg_pc12:4a301dc128525b0ff69f,X-WE HAVE DESC-ALWAYS MAINTAIN THAT DESC-RE SHOULD BE RECONCILIATION DIALOGUE AND THAT DIALOGUE SHOULD GO ON .,we have always maintained that there should be a reconciliation dialogue and that the dialogue should go on .,19,18,0.733333,GO
aslg_pc12:94ee1f82fa6ea94a4330,"AS ENGLISH TEACHER , X-I BE DESC-PARTICULARLY DESC-AWARE THIS .","as an english teacher , I am particularly aware of this .",11,10,0.7,TEACHER
aslg_pc12:51c01f0ae63cbdaec480,ADDITION VITAMIN AND MINERAL AND DESC-CERTAIN DESC-OR SUBSTANCE TO FOOD VOTE,addition of vitamins and minerals and of certain other substances to foods vote,13,13,0.454545,FOOD
aslg_pc12:86b62fca004620f2b98f,"LOT WORK REMAIN TO BE DO , DESC-ESPECIALLY CONCERN CHILD UNDER THREE YEAR DESC-OLD .","a lot of work remains to be done , especially concerning children under three years old .",15,15,0.571429,CHILD
aslg_pc12:247c0c9a3e1f4a8e68ca,X-I BELIEVE THAT PARLIAMENT HAVE PLAY DESC-CONSTRUCTIVE PART IN THIS REFORM TREATY .,i believe that parliament has played a constructive part in this reform treaty .,14,13,0.714286,PLAY
aslg_pc12:8c2d80d66b8f433e8657,ATTAIN THIS GOAL WILL HELP X-WE OVERCOME SE DESC-DIFFICULT TIME X-WE BE GO THROUGH .,attaining this goal will help us overcome these difficult times we are going through .,17,14,0.533333,GO
aslg_pc12:6cd8489d9689ee3baffa,X-IT GO DESC-RIGHT TO HEART DESC-CURRENT DEBATE ON COPYRIGHT AND INTERNET .,it goes right to the heart of the current debates on copyright and the internet .,14,15,0.692308,GO
aslg_pc12:8bf32ea08ab41d3e054f,X-I WOULD BE DESC-GRATEFUL IF MR BROK AND MR SARYUSZ WOLSKUS WOULD GO AND HAVE X-Y DISCUSSION DESC-SOMEWHERE DESC-ELSE .,i would be grateful if mr brok and mr saryusz wolski would go and have their discussions somewhere else .,24,19,0.722222,GO
aslg_pc12:e22866c18a5a34365567,THIS REGULATION ON PET WILL GO DESC-DOWN IN HISTORY .,this regulation on pets will go down in history .,10,9,0.8,GO
aslg_pc12:24d44ead180f4c1e305c,"DESC-REFORE , TEN THOUSAND GREEK WORKER WHO MARCH YESTERDAY BE DESC-ABSOLUTELY DESC-RIGHT .","therefore , the tens of thousands of greek workers who marched yesterday were absolutely right .",14,14,0.416667,YESTERDAY
aslg_pc12:6bea660c7e650a2c2795,"POLICE FORCE BE SWEEP THROUGH ROMA FAMILY WITH HELICOPTER , DOG AND ARM POLICE OFFICER .","the police forces are sweeping through roma families with helicopters , dogs and armed police officers .",14,15,0.384615,DOG
aslg_pc12:1a33d64f2a490b769073,"DESC-OBVIOUSLY , X-WE HAVE LOT WORK TO DO TO EDUCATE ADULT ABOUT DANGER FOR CHILD .","obviously , we have a lot of work to do to educate adults about the dangers for children .",16,17,0.666667,CHILD
aslg_pc12:22c9436e2bbfac5175ce,"DESC-THIRDLY , X-WE MUST DESC-ALSO TAKE DESC-ELECTRIC CAR INTO ACCOUNT IN X-WE CO2 EMISSION CALCULATION .","thirdly , we must also take electric cars into account in our co2 emissions calculations .",19,14,0.666667,CAR
aslg_pc12:1eaccd40f5d4364c77d6,"YESTERDAY , DESC-RE BE MEETING CONFERENCE PRESIDENT , AND DESC-ALSO MEETING BUREAU .","yesterday , there was a meeting of the conference of presidents , and also a meeting of the bureau .",12,17,0.6,YESTERDAY
aslg_pc12:b443c59f0f0d620932df,WOMAN ACCOUNT FOR 75 % WORLD X-POSS DESC-POOR .,women account for 75 % of the world's poor .,8,7,0.375,WOMAN
aslg_pc12:4b1cce64b3299e92b35b,"WOMAN MUST HAVE DESC-UNIVERSAL AND DESC-EASY ACCESS TO INFORMATION ON HEALTH ASPECT SEX , REPRODUCTION AND DESC-MEDICAL SERVICE .","women must have universal and easy access to information on health aspects of sex , reproduction and medical services .",20,18,0.764706,WOMAN
aslg_pc12:c228421a5ac2f8147d80,BE COUNCIL PREPARE TO INCREASE FOOD AID ?,is the council prepared to increase food aid ?,7,8,0.714286,FOOD
aslg_pc12:4321ebd73b2f98dd7bb5,X-I DESC-WELCOME COUNTRY OR NATION BASE DECISION WHICH HAVE GO DESC-FURR .,i welcome country or nation based decisions which have gone further .,14,11,0.538462,GO
aslg_pc12:0093e9fefae17ef80b61,FOR THIS REASON DESC-TOO NUMBER WOMAN MEP SHOULD INCREASE ONE DESC-THIRD TO HALF .,for this reason too the numbers of women meps should increase a one third to a half .,15,17,0.714286,WOMAN
aslg_pc12:ee6477f47c762aa5930f,DESC-RE BE SUMMIT YESTERDAY BETWEEN EU AND JAPAN IN PRAGUE .,there was a summit yesterday between the eu and japan in prague .,11,12,0.727273,YESTERDAY
aslg_pc12:10b7ea21b18adf520faa,"IN DESC-OR WORD , X-WE MUST GO BEYOND 2 ?CELSIUS .","in other words , we must go beyond 2 ° celsius .",10,8,0.6,GO
aslg_pc12:a46f326636015af14481,"IN DESC-CURRENT CRISIS , EXTEND FOOD PROGRAM AND FINANCING X-IT FROM COMMUNITY BUDGET BE DESC-FULLY DESC-JUSTIFIED .","in the current crisis , extending the food programme and financing it from the community budget are fully justified .",19,18,0.705882,FOOD
aslg_pc12:dffc44969bc464374813,ONE SE GROUP BE WOMAN .,one of these groups are women .,5,6,0.2,WOMAN
aslg_pc12:d8499ff017d3ea63c8ef,DESC-NOW X-WE GO INTO CONCILIATION .,now we go into conciliation .,7,5,0.714286,GO
aslg_pc12:1fee7454c55ee972af2d,"IN DESC-RECENT MONTH , EUROPEAN UNION HAVE STRENGN X-ITS DESC-EXTERNAL POLICY ON WOMAN X-POSS RIGHTS .","in recent months , the european union has strengthened its external policy on women's rights .",18,14,0.5625,WOMAN
aslg_pc12:358a611eb216e37d98d4,NO MENTION BE MAKE FACT THAT CANADA DO DESC-NOT PLAY DESC-PARTICULARLY DESC-POSITIVE ROLE IN COPENHAGEN .,no mention is made of the fact that canada did not play a particularly positive role in copenhagen .,18,18,0.75,PLAY
aslg_pc12:11166325324f8722613f,VICTIM PROTECTION BE DESC-CENTRAL ASPECT AND DESC-CERTAINLY ONE MOST DISCUSS DESC-HERE DESC-TONIGHT .,victim protection is a central aspect and certainly the one most discussed here tonight .,16,14,0.769231,TONIGHT
aslg_pc12:6cf8533097e84569bb78,"DESC-JUST YESTERDAY , DESC-NEW CLASH TAKE PLACE AMONG DESC-ETHNIC KYRGYZ , RUSSIAN AND TURK .","just yesterday , new clashes took place among ethnic kyrgyz , russians and turks .",15,12,0.615385,YESTERDAY
aslg_pc12:4a986909c93a65012b99,X-IT BE ONE TEN EUROPEAN AIRLINE WHICH GO INTO BANKRUPTCY THIS YEAR .,it is one of tens of european airlines which went into bankruptcy this year .,13,14,0.615385,GO
aslg_pc12:901e44841c1519c4ac49,THIS FORUM WILL FOCUS DESC-SPECIFICALLY ON CHILD LABOR .,this forum will focus specifically on child labour .,9,8,0.777778,CHILD
aslg_pc12:6da1d52e2aa76bde0efd,X-WE WILL WRITE THING THAT MAY SEEM DESC-SIMPLE AND GO WITHOUT SAY BUT THAT BE DESC-ACTUALLY DESC-VERY DESC-IMPORTANT .,we will write things that may seem simple and go without saying but that are actually very important .,23,18,0.736842,GO
aslg_pc12:d180b7f74fad2faa9b0a,X-WE OWE X-IT TO X-WE CHILD .,we owe it to our children .,9,6,0.666667,CHILD
aslg_pc12:a578e41700208acc4934,"FOR THAT , X-YOU NEED OFFICIAL WHO HAVE DESC-LITTLE BIT MORE TIME TO GO DESC-RE .","for that , you need officials who have a little bit more time to go there .",17,15,0.75,GO
aslg_pc12:d29d18e33e4dbe09c197,THIS DOCUMENT GO DESC-MUCH DESC-WIDER AND DEMAND DESC-AUTOMATIC EXCHANGE IN ALL AREA .,this document goes much wider and demands automatic exchange in all areas .,15,12,0.692308,GO
aslg_pc12:c355f68dd7f75bca16b4,X-I THINK X-YOU NEED TO THINK DESC-CAREFULLY ABOUT ANNOUNCEMENT X-YOU MAKE AS X-YOU GO TO COPENHAGEN .,i think you need to think carefully about the announcements you make as you go to copenhagen .,21,17,0.785714,GO
aslg_pc12:563e4e9cac040c36fda4,"X-I HAVE DESC-COMPLETE CONFIDENCE IN COMMISSIONER KRO , WHO BE GO TO EXAMINE EVERY ASPECT THIS DEAL .","i have complete confidence in commissioner kroes , who is going to examine every aspect of this deal .",18,17,0.722222,GO
aslg_pc12:04716aa3c2cf4e34a749,"DESC-HOWEVER , X-WE BE DESC-STILL PLAY CATCH DESC-UP .","however , we are still playing catch up .",11,7,0.555556,PLAY
aslg_pc12:1bbb1c26124cbfd13f2e,DESC-RE BE DESC-CLEAR AND DESC-UNAMBIGUOUS EVIDENCE THAT DESC-MANY CHILD FROM MIGRANT FAMILY BE DESC-LESS EDUCATE THAN X-Y PEER .,there is clear and unambiguous evidence that many children from migrant families are less educated than their peers .,24,18,0.526316,CHILD
aslg_pc12:a7e2f832131bc78a3ec2,OPPOSITION PARTY BE DESC-RIGHTLY GO TO BOYCOTT X-Y .,the opposition parties are rightly going to boycott them .,10,9,0.4,GO
aslg_pc12:cda82362b9b5845e947c,"DESC-HUNGARY DESC-RECENTLY GO THROUGH DESC-VERY DESC-DIFFICULT DESC-FINANCIAL CRISIS , AS RESULT X-ITS DESC-ECONOMIC POLICY .","hungary recently went through a very difficult financial crisis , as a result of its economic policy .",20,16,0.8,GO
aslg_pc12:f847b3bd95444b6a4827,FR X-I BE DESC-NOW GO TO SPEAK IN DESC-FRENCH .,fr I am now going to speak in french .,12,9,0.636364,GO
aslg_pc12:eaf490d58755d6b41e3e,"PNEUMOCOCCAL BACTERIUM BE LEAD CAUSE PNEUMONIA , WHICH TAKE LIFE TWO MILLION CHILD EVERY YEAR .","pneumococcal bacteria are the leading cause of pneumonia , which takes the lives of two million children every year .",14,18,0.571429,CHILD
aslg_pc12:4deb4dd07a17a40b1034,DESC-VARIOUS DESC-HIGH LEVEL EVENT HAVE PLACE DESC-GLOBAL FOOD SECURITY DESC-HIGH ON DESC-INTERNATIONAL AGENDA .,various high level events have placed global food security high on the international agenda .,18,14,0.769231,FOOD
aslg_pc12:40125f8454c237dbd681,THIS BE NANNY STATE GO DESC-MAD .,this is the nanny state gone mad .,7,7,0.571429,GO
aslg_pc12:ea6df7e0e6c1b1016a53,DESC-RE BE DEMAND BY THIS HOUSE TO GO FOR MEDIA PLURALISM APPROACH WHICH HAVE BE PROMISE .,there is the demand by this house to go for the media pluralism approach which has been promised .,17,18,0.6875,GO
aslg_pc12:43b741b65eccdd28c03e,"AS FOR GAS , X-WE BE GO TO HAVE GAS WAR .","as for gas , we are going to have a gas war .",11,11,0.7,GO
aslg_pc12:1fce41054629bdde4734,THAT BE KEY ISSUE ADDRESS YESTERDAY .,that was the key issue addressed yesterday .,6,7,0.666667,YESTERDAY
aslg_pc12:41e3a7d2a0734195ce3f,X-I BE GO TO MENTION TWO X-Y .,i am going to mention two of them .,9,8,0.5,GO
aslg_pc12:4dab6b04ff297001788a,"THING HAVE GO DESC-HORRIBLY , DESC-HORRIBLY DESC-WRONG .","things have gone horribly , horribly wrong .",9,6,0.5,GO
aslg_pc12:3f3df1d6a5e0cc7cc54d,LET THIS BE DESC-FIRST DRAFT CHARTER WOMAN X-POSS RIGHTS .,let this be the first draft of a charter of women's rights .,11,12,0.636364,WOMAN
aslg_pc12:1a99c7b80c37f7bd692e,X-WE PRIORITY BE TO ENSURE SAFETY CHILD TRAVEL DESC-ALONE TO AVOID KIDNAPPING AND TRAFFICKING CHILD .,our priority is to ensure the safety of children travelling alone to avoid kidnapping and trafficking of children .,17,18,0.6,CHILD
aslg_pc12:8dd298b62543142c8078,"ON THIS POINT , X-I WANT TO STRESS IMPORTANCE CHILD CARE FACILITY .","on this point , I want to stress the importance of child care facilities .",12,13,0.833333,CHILD
aslg_pc12:bb5476e8dff27f6bb6bc,COMMISSION DESC-ALSO WANT TO SET DESC-UP EUROPEAN DESC-FINANCIAL COALITION AGAINST DESC-COMMERCIAL IMAGE CHILD PORNOGRAPHY .,the commission also wants to set up a european financial coalition against commercial images of child pornography .,18,17,0.8,CHILD
aslg_pc12:531ab4439886a866cd0a,X-IT MUST BECOME DESC-LEGAL OBLIGATION TO BLOCK ACCESS TO WEBSITE WHICH SPREAD CHILD PORNOGRAPHY .,it must become a legal obligation to block access to websites which spread child pornography .,16,15,0.8,CHILD
aslg_pc12:a2b750ddd42e5b0813d3,HOW BE X-YOU GO TO DEAL WITH IPPC DIRECTIVE ON DESC-INDUSTRIAL EMISSION ?,how are you going to deal with the ippc directive on industrial emissions ?,14,13,0.642857,GO
aslg_pc12:4779f445a7dc1cc314d7,EUROPEAN PARLIAMENT HAVE ASK FOR THIS DESC-TWICE WHEN BE COMMISSION GO TO DELIVER ?,the european parliament has asked for this twice when is the commission going to deliver ?,14,15,0.642857,GO
aslg_pc12:69f0a2bbef22120eb1e4,"FROM OUTSIDE , WHAT X-WE CAN DO BE LIMIT .","from the outside , what we can do is limited .",9,9,0.666667,OUTSIDE
aslg_pc12:e367a6807af21cb51598,X-I GUARANTEE X-HE THAT DESC-GREAT MAJORITY BRITISH MEP BE GO TO TREAT X-HE WITH DESC-GREAT RESPECT .,i guarantee him that the great majority of british meps are going to treat him with great respect .,21,18,0.625,GO
aslg_pc12:56321d9dc8116a663f11,"DESC-HOWEVER , PAST EXPERIENCE BE DESC-LESS ENCOURAGE THAN BE INDICATE YESTERDAY BY DESC-SEVERAL MEMBER DURING DEBATE .","however , past experience is less encouraging than was indicated yesterday by several members during the debate .",18,16,0.666667,YESTERDAY
aslg_pc12:e8b1c3fbdd4c2b243abb,DESC-RE BE DESC-MANY WAY TO GO ABOUT THIS .,there are many ways to go about this .,10,8,0.555556,GO
aslg_pc12:f912e639e287e776d829,"WHICHEVER TOUR OPERATOR X-WE BE TALK ABOUT , DESC-RE BE FIX PRICE FOR CHILD .","whichever tour operator we are talking about , there are fixed prices for children .",15,13,0.428571,CHILD
aslg_pc12:83bb23b5ef4c48151b7c,X-MY THREE SPECIFIC REMARK DESC-FIRST ONE CONCERN MODIFICATION IN WHICH X-I PLAY DESC-SMALL PART X-MYSELF .,my three specific remarks the first one concerns a modification in which I played a small part myself .,20,18,0.705882,PLAY
aslg_pc12:79a192c3817121f83179,DESC-EQUAL TREATMENT BETWEEN MAN AND WOMAN ENGAGE IN SELF EMPLOY CAPACITY,equal treatment between men and women engaged in a self employed capacity,12,12,0.583333,WOMAN
aslg_pc12:45a3caee9ec63771d9ed,COMMISSION ADOPT X-ITS PROPOSAL YESTERDAY AND X-IT WILL BE DESC-PRESENT TO COUNCIL AND PARLIAMENT DESC-VERY DESC-SOON .,the commission adopted its proposal yesterday and it will be presented to the council and parliament very soon .,21,18,0.764706,YESTERDAY
aslg_pc12:1b56c9e945bd039ff4cf,EXCEPT WILL THIS DESC-NOT DESC-N COMPROMISE PROMOTION DESC-HIGH QUALITY FOOD ?,except will this not then compromise the promotion of high quality foods ?,13,12,0.727273,FOOD
aslg_pc12:b4fbe3b1a46e3a1c9c55,WHAT X-WE SHOULD BE DO BE PROMOTE QUALITY FOOD .,what we should be doing is promoting quality food .,10,9,0.666667,FOOD
aslg_pc12:ad1bc8d553c62fb789cb,X-YOU HAVE DESC-NOT MENTION DESC-SMART METER IN CAR AT ALL AND DESC-YET X-YOU HAVE TALK ABOUT DESC-SMART CHARGE .,you have not mentioned smart meters in cars at all and yet you have talked about smart charging .,24,18,0.588235,CAR
aslg_pc12:59327685080c285cbf66,"OVER 100 PERSON , DESC-MAINLY CHILD , BE POISON FROM EAT CONTAMINATE FISH AND BE TREAT DESC-IMMEDIATELY .","over 100 persons , mainly children , were poisoned from eating contaminated fish and were treated immediately .",16,14,0.428571,CHILD
aslg_pc12:3f744051903bb62462c2,X-I BE DESC-CERTAIN X-WE BE GO TO WORK DESC-FRUITFULLY AND DESC-EFFECTIVELY DESC-TOGER FOR DESC-FURR ENLARGEMENT EUROPEAN UNION .,i am certain we are going to work fruitfully and effectively together for further enlargement of the european union .,24,19,0.666667,GO
aslg_pc12:375c6e1a870ae42e0978,X-HE HAVE TO GO ON HUNGER STRIKE WHAT FINE FREEDOM FIGHTER !,he had to go on a hunger strike what fine freedom fighters !,12,12,0.75,GO
aslg_pc12:e069610ce95584ddfb21,"DESC-YES , WOMAN ENCOUNTER SPECIFIC DIFFICULTY .","yes , women encounter specific difficulties .",6,5,0.5,WOMAN
aslg_pc12:f3c327e7c9a08b269068,"COMMITTEE ON ENVIRONMENT , PUBLIC HEALTH AND FOOD SAFETY HAVE DESC-ALWAYS CALL FOR X-Y TO BE ABOLISH .","the committee on the environment , public health and food safety has always called for them to be abolished .",18,18,0.666667,FOOD
aslg_pc12:8dd43741ed41fcdf8ef8,"IN UK , X-WE ESTIMATE DESC-APPROXIMATELY 5 000 VICTIM , WHICH 330 BE CHILD .","in the uk , we estimate approximately 5 000 victims , of which 330 are children .",11,11,0.545455,CHILD
aslg_pc12:0b31997b7695dc681d7a,X-IT BE WORTH REPEAT THAT THIS DATUM CAN BE STORE FOR DESC-UP TO 90 YEAR !,it is worth repeating that this data can be stored for up to 90 years !,16,14,0.6,STORE
aslg_pc12:7a3c640c82329e2b2113,QUESTION QUOTA FOR WOMAN ON BOARD DESC-LARGE COMPANY BE UNDER DISCUSSION .,the question of quotas for women on the boards of large companies is under discussion .,12,15,0.5,WOMAN
aslg_pc12:98e36a6fe0f715fb13d8,"DESC-HOWEVER , X-WE MEP MUST CONTINUE TO ELIMINATE INEQUALITY BETWEEN MAN AND WOMAN .","however , we meps must continue to eliminate the inequalities between men and women .",14,13,0.571429,WOMAN
aslg_pc12:d75af9b48e104e376c4f,PUBLIC ADMINISTRATION PLAY KEY ROLE IN PROCESS MIGRATE TO SEPA .,public administration plays a key role in the process of migrating to sepa .,10,13,0.8,PLAY
aslg_pc12:98fd3d06c573c712a7ef,EUROPEAN BE GO TO END DESC-UP THINK THAT PARLIAMENT BE DESC-NOT PERFORM X-ITS MONITORING ROLE DESC-CORRECTLY .,europeans are going to end up thinking that parliament is not performing its monitoring role correctly .,20,16,0.588235,GO
aslg_pc12:a5969ab2d05c260dcc42,"YESTERDAY , DESC-SECOND ROUND DESC-PRESIDENTIAL ELECTION BE HOLD IN UKRAINE .","yesterday , the second round of presidential elections was held in ukraine .",11,11,0.6,YESTERDAY
aslg_pc12:ec542a5709a692ae7ddd,"X-WE CAR EXPORTER BE BY DESC-FAR DESC-STRONGEST IMPORTER ON KOREAN MARKET , WITH DESC-STRONG GROWTH RATE .","our car exporters are by far the strongest importers on the korean market , with strong growth rates .",19,17,0.588235,CAR
aslg_pc12:77e4378dcefe138923da,FUTURE CAR INDUSTRY VOTE,future of the car industry vote,4,6,1.0,CAR
aslg_pc12:94ffb3fbcf02d674df5e,BOLOGNA PROCESS AND STUDENT MOBILITY,the bologna process and student mobility,5,6,1.0,STUDENT
aslg_pc12:bd267c8977a7b0345d38,REST WILL GO DESC-AHEAD AS DESC-NORMAL ON THURSDAY .,the rest will go ahead as normal on thursday .,10,9,0.888889,GO
aslg_pc12:233012e0da9e8ca9fd4e,"THANKS TO X-HE WORK , X-I THINK DESC-RE BE GO TO BE DESC-VERY DESC-LITTLE DISAGREEMENT DESC-HERE .","thanks to his work , I think there is going to be very little disagreement here .",21,15,0.666667,GO
aslg_pc12:9b5cff5ff6233136d503,FRONTEX DESC-UNDOUBTEDLY PLAY KEY ROLE IN EUROPE X-POSS APPROACH TO MIGRATION .,frontex undoubtedly plays a key role in europe's approach to migration .,13,11,0.615385,PLAY
aslg_pc12:c24b38df0b34f5ff0ba8,LT EUROPEAN UNION HAVE COMMIT X-ITSELF TO ESTABLISH DESC-EFFECTIVE MECHANISM TO PREVENT CHILD SEX ABUSE .,lt the european union has committed itself to establishing an effective mechanism to prevent child sex abuse .,17,17,0.6875,CHILD
aslg_pc12:e1c6c8c87a073f175a4e,"WHICH WAY SHOULD X-WE GO , DESC-N ?","which way should we go , then ?",8,6,0.625,GO
aslg_pc12:d7b73fb8cf90f1c4a312,NL MR SVENSSON HAVE TABLE DESC-ORAL QUESTION ABOUT VIOLENCE AGAINST WOMAN AND SUBMIT DRAFT RESOLUTION .,nl mrs svensson has tabled an oral question about violence against women and submitted a draft resolution .,16,17,0.625,WOMAN
aslg_pc12:d8f433e2d10f20fd847d,PROMOTE DESC-DEMOCRATIC CHANGE BE AREA IN WHICH TRANSATLANTIC TIE MAY PLAY DESC-VERY DESC-IMPORTANT ROLE .,promoting democratic change is an area in which transatlantic ties may play a very important role .,17,16,0.733333,PLAY
aslg_pc12:d793f6490ae02bbc5841,"DESC-YET DESC-LIBERAL EUROPE X-POSS PROJECT AND ACTIVITY HAVE DESC-ALSO RUN OUT STEAM , AND DESC-SPECTACULARLY DESC-SO .","yet liberal europe's project and activities have also run out of steam , and spectacularly so .",21,15,0.6875,RUN
aslg_pc12:f4c6a0feba1df7f5dda6,DESC-CURRENT RATE GROWTH SUGGEST THAT WOMAN WILL ACHIEVE DESC-EQUAL PARTICIPATION DESC-ONLY IN YEAR 22THUS MUST BE CHANGE .,the current rate of growth suggests that women will achieve equal participation only in the year 22this must be changed .,20,20,0.722222,WOMAN
aslg_pc12:3c85754506cd6a56bfe5,"COURSE , X-WE CAN DESC-NOT FORGET DESC-NATURAL DESC-BIOLOGICAL DIFFERENCE WHICH EXIST BETWEEN MAN AND WOMAN .","of course , we cannot forget the natural biological differences which exist between men and women .",18,15,0.5625,WOMAN
aslg_pc12:8a7266159475665ac0c5,X-YOU CAN GO ON BURY X-YOU HEAD IN SAND IF X-YOU WANT .,you can go on burying your heads in the sand if you want .,15,13,0.727273,GO
aslg_pc12:891a9f7ea269918200dd,X-Y BE OUTSIDE DESC-LEGAL SYSTEM .,they are outside the legal system .,7,6,0.428571,OUTSIDE
aslg_pc12:2a92dec7af351fb9e5d1,DESC-INTERNATIONAL COMMUNITY CAN DESC-NOT ALLOW THIS TO GO ON .,the international community cannot allow this to go on .,11,9,0.7,GO
aslg_pc12:5e84f9ba448ef562cc05,HOW DO X-WE ENSURE THAT CHILD HAVE ACCESS TO DESC-PERTINENT INFORMATION ?,how do we ensure that children have access to pertinent information ?,13,11,0.769231,CHILD
aslg_pc12:30f71b85a91fbc0ded04,DESC-GREEN CAR OFFER DESC-SIGNIFICANT BENEFIT .,green cars offer significant benefits .,7,5,0.5,CAR
aslg_pc12:eb759ac18a33b6715263,BE X-WE DESC-ALSO GO TO AGREE TO THAT ?,are we also going to agree to that ?,10,8,0.555556,GO
aslg_pc12:d3801a9ee68e01d9cc54,DESC-COUNTLESS WOMAN DIE GIVE BIRTH EVERY YEAR .,countless women die giving birth every year .,8,7,0.625,WOMAN
aslg_pc12:1ab1f634fcbd0f4b4aae,X-WE KNOW THAT PARENT CHILD FROM MEMBER STATE WORK IN ANY DESC-OR COUNTRY RECEIVE CHILD BENEFIT .,we know that the parents of children from member states working in any other country receive child benefit .,18,18,0.647059,CHILD
aslg_pc12:5dff5637f71ac9d01bc2,"IF X-YOU CAN KEEP X-YOU NERVE , MR TOPOLà`NEK , X-YOU WILL GO DESC-DOWN IN HISTORY .","if you can keep your nerve , mr topolánek , you will go down in history .",19,15,0.866667,GO
aslg_pc12:0bd40cf6e65ca117ca28,"X-I HAVE IN MIND FOR EXAMPLE , FAMILY WITH CHILD , DESC-OLDER PERSON OR DESC-DISABLED PERSON .","i have in mind for example , families with children , older persons or disabled persons .",17,14,0.666667,CHILD
aslg_pc12:4c15d2544daf36e9e56f,"DESC-SPECIAL ATTENTION WILL BE GIVE TO WOMAN AND DESC-YOUNG PEOPLE , WITH DEDICATE PRODUCT AND ACTIVITY .","special attention will be given to women and young people , with dedicated products and activities .",17,15,0.6,WOMAN
aslg_pc12:9a69242b5722b42556b4,THIRTY THOUSAND CHILD DIE HUNGER AND POVERTY RELATE ILLNESS DAY .,thirty thousand children die of hunger and poverty related illnesses a day .,10,12,0.7,CHILD
aslg_pc12:2d5738bff918e10f1ff4,TALIBAN BE DESC-STILL DEMAND SUPPRESSION WOMAN X-POSS RIGHTS AND RETURN SHARIUM .,the taliban are still demanding the suppression of women's rights and the return of sharia .,13,15,0.461538,WOMAN
aslg_pc12:02fc0d42c9820e46798b,LIST HAVE NO DESC-EXTRA TERRITORIAL EFFECT X-IT DO DESC-NOT APPLY OUTSIDE EUROPEAN UNION .,the list has no extra territorial effect it does not apply outside the european union .,16,15,0.733333,OUTSIDE
aslg_pc12:704e7bb67a9b110d5bd3,YESTERDAY X-WE DESC-SUCCESSFULLY DISCOVER THAT QUALITY WOULD IN FUTURE TURN TO QUANTITY .,yesterday we successfully discovered that quality would in the future turn to quantity .,14,13,0.785714,YESTERDAY
aslg_pc12:9a25ceee8423ffa1c2de,LET X-I GO DESC-STRAIGHT TO POINT .,let me go straight to the point .,8,7,0.625,GO
aslg_pc12:be2c4393309d14d282f0,"DESC-UNFORTUNATELY , THIS BE WHAT BE GO ON ON INTERNET .","unfortunately , this is what is going on on the internet .",10,10,0.625,GO
aslg_pc12:21a453cab4ddf9b9ccb9,"DESC-RE BE APPEAL PROCEDURE , WHICH X-I TRUST WILL BE ALLOW TO RUN X-ITS DESC-PROPER COURSE .","there is an appeals procedure , which I trust will be allowed to run its proper course .",19,16,0.6875,RUN
aslg_pc12:f260f9cfb401a0e576f0,"IN SOME WAY , DESC-SAME GO FOR ISSUE DESC-CORAL AND FOR X-ITS INCLUSION IN APPENDIX IUS .","in some ways , the same goes for the issue of coral and for its inclusion in appendix ii .",18,18,0.666667,GO
aslg_pc12:2454533e87e96e44ede8,FOOD SHOULD DESC-NOT REACH X-WE PLATE UNLESS X-ITS SAFETY BE GUARANTEE .,a food should not reach our plates unless its safety is guaranteed .,14,12,0.538462,FOOD
aslg_pc12:eba5e256fe5f46d79ace,THAT BE WHY X-I VOTE FOR REPORT ON EUROPEAN FOOD SAFETY AUTHORITY .,that is why I voted for the report on the european food safety authority .,13,14,0.769231,FOOD
aslg_pc12:cfae2ec9b47c074a5762,X-I AND DESC-OR BELIEVE THAT X-WE CONSUMER WANT TO KNOW WHERE X-Y FOOD COME FROM .,i and others believe that our consumers want to know where their food comes from .,19,15,0.588235,FOOD
aslg_pc12:189a72a2b16d17de82b4,EUROPE PLAY HOST TO DESC-MANY DESC-MULTINATIONAL BUSINESS .,europe plays host to many multinational businesses .,9,7,0.625,PLAY
aslg_pc12:d0669609a5998589e5cf,COMMISSION BE COMMIT TO DESC-CLOSELY MONITOR EFFECT ON FOOD SECURITY AND ON FOOD PRICE .,the commission is committed to closely monitoring the effects on food security and on food prices .,15,16,0.538462,FOOD
aslg_pc12:ae7b1491647205a313c9,X-MY DESC-FIRST QUESTION BE DESC-SIMPLE WHY DO X-WE GO TO AFGHANISTAN ?,my first question is simple why did we go to afghanistan ?,15,11,0.692308,GO
aslg_pc12:9305db3d94a400fcd8c7,X-IT SHOULD DESC-NOT GO DESC-UNNOTICED WHEN COUNTRY DO DESC-NOT PLAY BY DESC-INTERNATIONAL RULE WHICH APPLY TO THIS REGION .,it should not go unnoticed when countries do not play by the international rules which apply to this region .,23,19,0.789474,GO|PLAY
aslg_pc12:34532fc7d8ca2b9cf716,"DESC-THUS , WORDING DO DESC-NOT PREVENT MEMBER STATE FROM GO DESC-FURR IF X-Y DESC-SO WISH .","thus , the wordings do not prevent the member states from going further if they so wish .",19,16,0.5625,GO
aslg_pc12:b3afccbbb835f27db30e,HOW DO X-WE ENSURE THAT X-WE INVOLVE CHILD IN DECISION THAT CONCERN X-Y ?,how do we ensure that we involve children in decisions that concern them ?,16,13,0.666667,CHILD
aslg_pc12:96f0249acded0c531bbf,X-I DESC-FULLY SHARE VIEW THAT X-IT BE DESC-UNFORTUNATE THAT ENTRY INTO FORCE HAVE BE POSTPONE UNTIL 20WHAT DESC-NEVERLESS DESC-STILL CONCERN X-I BE FACT THAT CHILD CAN BE TAKE INTO CUSTODY .,i fully share the view that it is unfortunate that entry into force has been postponed until 20what nevertheless still concerns me is the fact that children can be taken into custody .,37,32,0.68,CHILD
aslg_pc12:664c5fc45db0af0b82e7,DESC-ALSO MISS BE DESC-EFFECTIVE PREVENTION AND EDUCATION FOCUS ON CHILD AND PARENT DESC-ALIKE .,also missing is effective prevention and education focused on children and parents alike .,16,13,0.538462,CHILD
aslg_pc12:6092e62dfcd06a64d28b,THIS MATTER BE DESC-PARTICULARLY DESC-IMPORTANT FOR DESC-HUNGARY AND FOR MINORITY DESC-LIVE INSIDE AS DESC-WELL AS OUTSIDE X-ITS BORDER .,this matter is particularly important for hungary and for the minorities living inside as well as outside its borders .,24,19,0.666667,OUTSIDE
aslg_pc12:eeb3c0430632fd22a9de,"AS REGARD DEBATE , X-I BE IN FAVOR X-IT GO DESC-AHEAD .","as regards the debate , I am in favour of it going ahead .",13,12,0.5,GO
aslg_pc12:ceeab0f4113ef566d423,"MR PRESIDENT , X-I WOULD LIKE TO THANK COMMISSIONER FOR X-SHE COMMENT DESC-TONIGHT IN SUPPORT THIS INITIATIVE .","mr president , I would like to thank the commissioner for her comments tonight in support of this initiative .",19,18,0.777778,TONIGHT
aslg_pc12:67ca88c30decad24c2be,WHAT WOULD BE USE DESC-NEW CHARTER WOMAN X-POSS RIGHTS ?,what would be the use of a new charter of women's rights ?,11,12,0.636364,WOMAN
aslg_pc12:0ae6aa004c9ecd6ded75,WOMAN SHOULD DESC-NOT BE GIVE DESC-WORSE DEAL THAN MAN WITHOUT DESC-GOOD AND SOUND REASON .,women should not be given a worse deal than men without good and sound reasons .,17,15,0.666667,WOMAN
aslg_pc12:6e45c34033a77f56a223,ISRAEL HAVE DESC-MIGHTY ALLY OUTSIDE EUROPE DESC-TOO .,israel has mighty allies outside of europe too .,9,8,0.625,OUTSIDE
aslg_pc12:e47adc9735f76cb3c1a9,"AT DESC-SAME TIME , DESC-NATIONAL PRICE BE GO DESC-DOWN .","at the same time , national prices are going down .",11,9,0.555556,GO
aslg_pc12:7a59d8655ccb7e1f42c9,BE X-IT DESC-REALLY JOB POLITICIAN TO MANAGE X-WE FOOD ?,is it really the job of politicians to manage our food ?,12,11,0.545455,FOOD
aslg_pc12:58b4eda720784d2bb5ac,MORE THAN DESC-THIRD MEMBER GERMAN GOVERNMENT BE WOMAN .,more than a third of the members of the german government are women .,9,13,0.555556,WOMAN
aslg_pc12:f46aabfca5400a558d2a,DESC-PRECISE PURPOSE SE REGULATION BE TO SAFEGUARD FOOD SAFETY AND DESC-HUMAN HEALTH .,the precise purpose of these regulations is to safeguard food safety and human health .,14,14,0.692308,FOOD
aslg_pc12:3a509302c8d0fb44fc07,DESC-SO X-WE DESC-CERTAINLY BE DESC-NOT GO TO DESC-COMPLETELY REDEFINE EU STRATEGY TOWARDS HORN AFRICA .,so we certainly are not going to completely redefine the eu strategy towards the horn of africa .,19,17,0.75,GO
aslg_pc12:c11e0fc05d4822769f03,AREA SHARE COMPETENCE DESC-ALSO COVER DESC-SEVERAL DESC-OR ME .,the areas of shared competence also cover several other themes .,11,10,0.444444,ME
aslg_pc12:2e7978516364630a8ec6,CAPTAIN CAMARA X-POSS DECISION DESC-NOT TO RUN COULD ALLOW DESC-CALM TO RETURN .,captain camara's decision not to run could allow calm to return .,15,11,0.692308,RUN
aslg_pc12:4b660616f94f5b1b0e1f,ME SHARE SOVEREIGNTY ARISE IN EUROPEAN DEBATE DESC-MOSTLY IN RELATION TO DESC-INSTITUTIONAL ARRANGEMENT UNION .,the theme of shared sovereignty arises in european debates mostly in relation to the institutional arrangements of the union .,16,19,0.571429,ME
aslg_pc12:8149095dd7449a9aa2c7,"LADY AND GENTLEMAN , TO WHOM DO REVOZ CAR PRODUCTION PLANT IN NOVO MESTO BELONG ?","ladies and gentlemen , to whom does the revoz car production plant in novo mesto belong ?",14,15,0.785714,CAR
aslg_pc12:406852d20c88ec760e0e,INDICATOR SPEAK FOR X-MSELVES 59 % STUDENT IN DESC-HIGHER EDUCATION BE FEMALE .,the indicators speak for themselves 59 % of students in higher education are female .,12,12,0.5,STUDENT
aslg_pc12:9a77a52849558dcd3e40,"BE X-IT SECURITY CONGOLESE DESC-CIVILIAN POPULATION , WOMAN AND CHILD ?","is it the security of the congolese civilian population , the women and children ?",11,13,0.545455,CHILD|WOMAN
aslg_pc12:48db0b9672b221826eb2,X-I BE DESC-SURE THAT X-WE BE GO TO HAVE PARLIAMENT X-POSS COOPERATION AS DESC-WELL .,i am sure that we are going to have parliament's cooperation as well .,19,13,0.6,GO
aslg_pc12:b8a9b58ccc7883cc0663,"SE RELATE DESC-DIRECTLY TO HEALTH X-WE CHILD , WHO PLAY WITH TOY THAT X-WE BUY X-Y .","these relate directly to the health of our children , who play with the toys that we buy them .",19,18,0.625,BUY|CHILD|PLAY
aslg_pc12:a8f145fe74f94e9c1fcc,"DESC-HOWEVER , THAT BE DESC-WRONG WAY TO GO ABOUT X-IT .","however , that is the wrong way to go about it .",12,10,0.727273,GO
aslg_pc12:5da8cd27493d94603037,"ARREST , TORTURE AND EXECUTION DESC-MINOR AND WOMAN HAVE INCREASE .","arrests , torture and executions of minors and women have increased .",10,10,0.333333,WOMAN
aslg_pc12:970466247d456d71f63e,X-IT BE TIME FOR WOMAN !,it is time for women !,6,5,0.5,WOMAN
aslg_pc12:7d0f887b88fc84903ce4,"GOODS VEHICLE DRIVE INTO CONGESTION , 80 % WHICH BE MAKE DESC-UP CAR .","the goods vehicles drive into congestion , 80 % of which is made up of cars .",11,13,0.545455,CAR
aslg_pc12:bae43c59dea88c06cda6,ONE FORM DISCRIMINATION BE VIOLATION DESC-REPRODUCTIVE RIGHTS WOMAN .,one form of discrimination is violation of the reproductive rights of women .,9,12,0.666667,WOMAN
aslg_pc12:3a2dd80001cefdcf7876,DESC-N X-I THINK DESC-RE BE LOT DESC-MISTAKEN IDEA GO ROUND .,then I think there are lots of mistaken ideas going round .,14,11,0.333333,GO
aslg_pc12:9f719bf32438e1f6a495,THIS MEAN THAT ONE CHILD DIE EVERY 15 SECONDS .,this means that one child dies every 15 seconds .,8,8,0.75,CHILD
aslg_pc12:ab045fea2cf416ab72fa,"MR R?HLE , X-YOU SAY THAT X-I SHOULD HAVE GO TO PRESS DESC-SOONER .","mrs rühle , you say that I should have gone to the press sooner .",16,14,0.733333,GO
aslg_pc12:e3a00f1a9a36909fe466,THIS CORRESPOND TO REMOVE CO2 EMISSION FROM NEAR DESC-ENOUGH ONE MILLION PASSENGER CAR ON EUROPEAN ROAD .,this corresponds to removing the co2 emission from near enough one million passenger cars on european roads .,17,17,0.705882,CAR
aslg_pc12:2a8f06fce689185d9fc9,SE MEETING WILL DEAL EIR DESC-EXCLUSIVELY WITH ENERGY RELATE ME OR WILL COVER ENERGY AMONG DESC-OR ISSUE .,these meetings will deal either exclusively with energy related themes or will cover energy among the other issues .,19,18,0.533333,ME
aslg_pc12:dff1122d0ca6f95308d2,"QUARTER POLITICIAN , DESC-LOCAL OFFICIAL AND JOURNALIST BE WOMAN .","a quarter of politicians , local officials and journalists are women .",9,10,0.333333,WOMAN
aslg_pc12:029ed6b76026c58aadf2,HOW BE X-WE GO TO INFLUENCE THIS DESC-GLOBAL GOVERNANCE IF X-WE BE DESC-INCAPABLE ESTABLISH X-WE DESC-OWN EUROPEAN GOVERNANCE ?,how are we going to influence this global governance if we are incapable of establishing our own european governance ?,24,19,0.6875,GO
aslg_pc12:bafebc4753d216e6d66e,"IN 2006 , 32.6 % MANAGER IN EU BE WOMAN .","in 2006 , 32.6 % of managers in the eu were women .",6,8,0.4,WOMAN
aslg_pc12:da7fe5f96e56ea640304,DESC-SOON COMMISSION BE GO TO PUBLISH DESC-BIANNUAL REPORT ON IMPLEMENTATION DESC-SOCIAL RULE .,soon the commission is going to publish the biannual report on the implementation of social rules .,15,16,0.692308,GO
aslg_pc12:0c342f60babe5ff4aa98,DESC-HERE BE FACT WOMAN HAVE MAKE DESC-HUGE INVESTMENT IN LABOR MARKET .,here is a fact women have made a huge investment in the labour market .,13,14,0.583333,WOMAN
aslg_pc12:450dbc9fad9840be63c8,"X-Y MAY DESC-EVEN BE ABOVE BOARD , BUT SE DEAL DO OUTSIDE COMMITTEE .","they may even be above board , but these deals done outside of the committee .",14,14,0.571429,OUTSIDE
aslg_pc12:857d17f1cc6ca6e1a451,RISE FOOD PRICE IN EUROPEAN UNION AND DEVELOP COUNTRY MOTION FOR RESOLUTION TABLE SEE MINUTE,rising food prices in the european union and developing countries motions for resolutions tabled see minutes,15,16,0.466667,FOOD
aslg_pc12:2e303c3806f3383eb376,"DESC-ELECTRIC VEHICLE INCLUDE TRAIN , TRAM , BUS , CAR AND BICYCLE .","electric vehicles include trains , trams , buses , cars and bicycles .",10,9,0.3,CAR
aslg_pc12:d43f62f11d5d62fd18d4,"DESC-DEAR PARENT , DO SOMETHING TODAY TO PROTECT X-YOU CHILD .","dear parents , do something today to protect your children .",11,9,0.545455,CHILD
aslg_pc12:ae5005f3b74209e02b87,X-IT MUST DESC-NOT BE PLAY FIELD DESC-CERTAIN DESC-MAJOR POWER .,it must not be the playing field of certain major powers .,13,11,0.636364,PLAY
aslg_pc12:c1ae82995384b923e217,"BE X-IT GO TO BE ROTATE PRESIDENCY , OR BE X-IT GO TO BE PRESIDENT BARROSO X-HIMSELF ?","is it going to be the rotating presidency , or is it going to be president barroso himself ?",19,17,0.727273,GO
aslg_pc12:dd74a2ed34959d6e9ccb,"FOR POLITICIAN , CHILD X-POSS ISSUE BE DESC-ALSO RUN ISSUE , AS X-WE CAN SEE DESC-AGAIN DESC-HERE , DESC-TOO .","for politicians , children's issues are also ran issues , as we can see again here , too .",22,15,0.529412,CHILD|RUN
aslg_pc12:46964f43e0201cd4a315,"MR PRESIDENT , SOME COLLEAGUE MAY FIND THIS DESC-HARD TO BELIEVE BUT X-I BE GO TO MISS X-YOU .","mr president , some colleagues may find this hard to believe but I am going to miss you .",20,17,0.722222,GO
aslg_pc12:bdb551c627a698f93177,"THAT BE WHY , LADY AND GENTLEMAN , X-WE BE GO TO VOTE AGAINST THIS REPORT .","that is why , ladies and gentlemen , we are going to vote against this report .",15,14,0.642857,GO
aslg_pc12:6f561784fc608a9ccef4,X-IT BE TIME TO SHOW COMMISSION THAT FOOD SAFETY AND HEALTH BE DESC-MAJOR CONCERN FOR EUROPEAN PARLIAMENT .,it is time to show the commission that food safety and health are major concerns for the european parliament .,19,19,0.777778,FOOD
aslg_pc12:975f0f2b625dffa43bbe,HOW DESC-FAR MUST SPIRAL VIOLENCE GO UNTIL SENSE AND REASON PREVAIL ?,how far must the spiral of violence go until sense and reason prevail ?,12,13,0.916667,GO
aslg_pc12:2335176009c853a6842c,X-I DO DESC-NOT KNOW WHER THAT BE GO TO WORK .,i do not know whether that is going to work .,12,10,0.583333,GO
aslg_pc12:4a1fa4d12fef3ec481f9,THIS REPORT GIVE DESC-AGRICULTURAL POLICY DESC-STRATEGIC ROLE IN TERM FOOD SECURITY AND DESC-SUSTAINABLE DEVELOPMENT .,this report gives agricultural policy a strategic role in terms of food security and sustainable development .,17,16,0.8,FOOD
aslg_pc12:e99b00405d33d56ac59c,POLAND ANNOUNCE THAT X-IT BE GO TO RATIFY TREATY DESC-IMMEDIATELY .,poland announced that it is going to ratify the treaty immediately .,12,11,0.583333,GO
aslg_pc12:4b033db723ceffe5f55a,DESC-NOW X-WE SHOULD GO REST WAY DESC-TOGER .,now we should go the rest of the way together .,10,10,0.666667,GO
aslg_pc12:53acddc73a6187c1e401,X-I DESC-STILL REMEMBER STRUGGLE FOR BILLION FOR FOOD FACILITY .,i still remember the struggle for the billion for the food facility .,11,12,0.8,FOOD
aslg_pc12:99fec8fe32dc1abf2bf9,"DESC-SECOND AREA , DESC-COMPLETELY DESC-UNEXPLORED , BE MIGRATION WOMAN WITHIN EUROPEAN UNION .","the second area , completely unexplored , is the migration of women within the european union .",13,14,0.727273,WOMAN
aslg_pc12:7314c98f70de35c7ce8c,"DESC-SO , DESC-JUST ON THIS DESC-LAST GROUND , ALL WOMAN FLEE FROM DESC-RE SHOULD BE GIVE ASYLUM .","so , just on this last ground , all the women fleeing from there should be given asylum .",19,16,0.6875,WOMAN
aslg_pc12:055c519ee260d79fae37,LET X-WE PLAY X-IT BY EAR .,let us play it by ear .,8,6,0.714286,PLAY
aslg_pc12:1c63dbe52a3b80e2c0a8,"COMMISSIONER , X-WE AND DESC-VAST MAJORITY EUROPEAN CITIZEN X-WE REPRESENT HAVE RUN OUT PATIENCE .","commissioner , we and the vast majority of the european citizens we represent have run out of patience .",16,17,0.785714,RUN
aslg_pc12:65705cc93c5fc59c9156,"ROOF HAVE BE RIP OFF , ANIMAL LOSE AND FEED STORE DESTROY .","roofs have been ripped off , animals lost and feed stores destroyed .",11,11,0.363636,STORE
aslg_pc12:83622af0225130d7bdce,DESC-IMPORTANT FREEDOM BE PARENTSCHOICE SCHOOL FOR X-Y CHILD .,an important freedom is parentschoice of a school for their children .,10,11,0.5,CHILD
aslg_pc12:41d489f66f10c06566f9,"QUESTION SMUGGLING PEOPLE , DRUG AND CHILD , CHILD TRAFFICKING AND LIKE .","the question of smuggling people , drugs and children , child trafficking and the like .",10,13,0.875,CHILD
aslg_pc12:ccc9ba59ed9cd23aff4d,LET X-WE GO BEYOND DISCUSSION .,let us go beyond discussion .,6,5,0.666667,GO
aslg_pc12:d582f09e92227d2303f5,PROPOSAL SEEK TO PROTECT BEE AND REDUCE RED TAPE FOR SUBSTANCE AUTHORISATION .,the proposal seeks to protect bees and reduce red tape for substance authorisation .,12,13,0.833333,RED
aslg_pc12:a8420005f404110e3085,COUNTRY THAT BE DESC-NOT PLAY BY RULE EURO AREA MUST LEAVE GAME .,countries that are not playing by the rules of the euro area must leave the game .,13,16,0.615385,PLAY
aslg_pc12:d2242b64c5420e05cf2f,X-IT BE PLAY WITH FIRE AND EUROPEAN INSTITUTION MUST DESC-NOT TURN DESC-BLIND EYE TO X-IT .,it is playing with fire and the european institutions must not turn a blind eye to it .,19,17,0.6875,PLAY
aslg_pc12:ecc47ff7a3f5708e1f20,"X-WE HEART GO OUT TO IRANIAN WHO HAVE BE INJURE , DETAIN OR HAVE X-Y DESC-HUMAN RIGHTS ABUSE .","our hearts go out to the iranians who have been injured , detained or had their human rights abused .",20,18,0.444444,GO
aslg_pc12:7faab4f5541a52ee26af,LET X-WE DESC-NOT GO DESC-RE DESC-SECOND TIME .,let us not go there a second time .,11,8,0.555556,GO
aslg_pc12:bc4283d0db578a5905b6,"ALONGSIDE FOOD SECURITY AND DESC-COMMON DESC-FOREIGN AND SECURITY POLICY , ENERGY POLICY PLAY DESC-CRUCIAL ROLE .","alongside food security and a common foreign and security policy , energy policy plays a crucial role .",17,16,0.833333,FOOD|PLAY
aslg_pc12:ed2335e6fc4b84ea9741,BE X-YOU GO TO REACH CONCLUSION IN JUNE ?,are you going to reach a conclusion in june ?,9,9,0.666667,GO
aslg_pc12:e3d32995487fe95c40eb,THAT BE WHY EUROPE CAN DESC-NOT BE ALLOW TO GO DESC-DOWN DESC-SOCIALIST ROUTE THIS JUNE .,that is why europe cannot be allowed to go down a socialist route this june .,18,15,0.733333,GO
aslg_pc12:3e49ccb6fb2ceb5444cd,X-WE DO DESC-NOT WANT TO GO TO WAR .,we do not want to go to war .,10,8,0.777778,GO
aslg_pc12:83941a79531e32944247,BUT WHAT X-I HAVE DEVELOP BE TWO DESC-MAIN ME .,but what I have developed is two main themes .,11,9,0.545455,ME
aslg_pc12:1948e74821887d7f62f0,REPORT TELL X-WE YESTERDAY THAT AS DESC-MANY AS FIVE PEOPLE BE KILL IN RIOT IN SUBURB BISHKEK .,reports told us yesterday that as many as five people were killed in riots in the suburbs of bishkek .,19,19,0.470588,YESTERDAY
aslg_pc12:041ce34d2b0f9e1e1129,THIS REPORT EMPHASISE DESC-CENTRAL ROLE PLAY BY DESC-HIGH QUALITY DESC-AGRICULTURAL PRODUCT IN CONSUMER PROTECTION .,this report emphasises the central role played by high quality agricultural products in consumer protection .,17,15,0.733333,PLAY
aslg_pc12:ff71c8d4703ee245e756,"AS RESULT , 36 PEOPLE BE ARREST X-Y HAVE NO OPTION BUT TO GO ON HUNGER STRIKE .","as a result , 36 people were arrested they had no option but to go on hunger strike .",16,16,0.6875,GO
aslg_pc12:cf64ba874bb377392fe5,"AND DESC-THIRDLY , WHAT MEASURE WILL X-YOU TAKE TO ATTRACT TOURIST FROM DESC-OR COUNTRY OUTSIDE EUROPEAN UNION ?","and thirdly , what measures will you take to attract tourists from other countries outside the european union ?",19,17,0.666667,OUTSIDE
aslg_pc12:9e39b59cb2f8fdbc1eeb,THIS CAN GO ON NO DESC-LONGER .,this can go on no longer .,7,6,0.857143,GO
aslg_pc12:798db32907c57e71ebd7,"TRADE UNIONIST , JOURNALIST , WOMAN POLITICIAN AND DESC-HUMAN RIGHTS ACTIVIST HAVE DISAPPEAR OR HAVE BE KILL .","trade unionists , journalists , women politicians and human rights activists have disappeared or have been killed .",16,15,0.4,WOMAN
aslg_pc12:a6d562da4422b45d7bda,X-WE MUST DESC-ALSO PREVENT RISK CHILD TRAFFICKING .,we must also prevent the risk of child trafficking .,9,9,0.777778,CHILD
aslg_pc12:d9e411a249d593d97cfe,EXAMPLE BE BLEND RED AND DESC-WHITE WINE TO MAKE ROS? .,an example is the blending of red and white wine to make a rosé .,11,14,0.727273,RED
aslg_pc12:e116da4510d3e565f5a1,"DESC-RECENTLY , FOLLOW DISCUSSION ABOUT NABUCCO , X-I GET IMPRESSION THAT X-WE BE PLAY WITH FIRE .","recently , following the discussions about nabucco , I get the impression that we are playing with fire .",17,16,0.625,PLAY
aslg_pc12:881fc021bee1f7827f2a,EXPLOITATION DIAMOND HAVE ROLE TO PLAY IN COMBATE POVERTY AND ACHIEVE MILLENNIUM DEVELOPMENT GOAL .,the exploitation of diamonds has a role to play in combating poverty and achieving the millennium development goals .,14,18,0.642857,PLAY
aslg_pc12:d1d49abc7db22505ae3a,X-WE CAR MAKER BE CASE IN POINT .,us car makers are a case in point .,8,8,0.5,CAR
aslg_pc12:dd806482948d3ec62bf0,"AS DESC-MANY AS 1 500 WEBSITE WHERE CHILD BE DESC-SEXUALLY ABUSE BE DISCOVER IN DESC-200CONSEQUENTLY , X-WE HAVE TO COME DESC-DOWN DESC-HARD ON THOSE BEHIND X-IT .","as many as 1 500 websites where children are sexually abused were discovered in 200consequently , we have to come down hard on those behind it .",30,23,0.695652,CHILD
aslg_pc12:7ecd39323847a55ad766,X-I UNDERSTAND X-YOU CONCERN ABOUT SITUATION IN CAR INDUSTRY .,member of the commission . I understand your concerns about the situation in the car industry .,11,15,0.7,CAR
aslg_pc12:c1a8f49e04b39c900d97,"MANUFACTURER HAVE DESC-LARGE VARIETY MODEL , AND X-Y BE DESC-SOON GO TO BEGIN MARKET X-Y .","the manufacturers have a large variety of models , and they are soon going to begin marketing them .",18,17,0.466667,GO
aslg_pc12:b815a302578193b315b8,THIS BE WHY X-I HAVE VOTE AGAINST ALLOW THROMBIN TO BE USE AS FOOD GLUE .,this is why I have voted against allowing thrombin to be used as a food glue .,16,16,0.733333,FOOD
aslg_pc12:2aa2c9476b0dda714cac,THIS BE WHY EU MUST PLAY DESC-MAIN ROLE IN MANAGE DESC-DELICATE SITUATION IN AREA .,this is why the eu must play the main role in managing the delicate situation in the area .,16,18,0.785714,PLAY
aslg_pc12:9396278c85047b9f7d08,WHAT HAPPEN BE BOILER RUN OUT AND HEATING BILL GO THROUGH ROOF .,what happens is the boiler runs out and the heating bills go through the roof .,12,15,0.666667,GO|RUN
aslg_pc12:5b8dc424f98a319ee344,X-WE CAN DESC-NOT GO ON LIKE THIS .,we cannot go on like this .,9,6,0.555556,GO
aslg_pc12:79319c39adb6cfbaa657,X-I THINK PEOPLE OUTSIDE WILL UNDERSTAND THAT THIS PARLIAMENT WORK FOR CITIZEN .,i think the people outside will understand that this parliament works for the citizen .,13,14,0.846154,OUTSIDE
aslg_pc12:8b33e58751aa9f7d0e6c,X-WE BE CONCERN ABOUT HUNGER IN WORLD AND BELIEVE THAT FOCUS ON FOOD SECURITY BE DESC-IMPORTANT .,we are concerned about hunger in the world and believe that a focus on food security is important .,18,18,0.764706,FOOD
aslg_pc12:6f467cec7ff99db56743,X-I CAN DESC-WELL IMAGINE WHAT CONSEQUENCE THIS WOULD HAVE FOR FOOD QUALITY AS DESC-WELL .,i can well imagine what consequences this would have for food quality as well .,17,14,0.8,FOOD
aslg_pc12:6d68bb20673464c870d5,X-I BE GO TO RUN THROUGH PRINCIPLE .,i am going to run through the principles .,8,8,0.5,GO|RUN
aslg_pc12:03939fc26e2ac8506d5d,DESC-HIGHEST CHILD MORTALITY RATE IN WORLD SEEM TO BE IMPROVE .,the highest child mortality rate in the world seemed to be improving .,11,12,0.727273,CHILD
aslg_pc12:fd4914d6c5ea1f3ab1a3,FOOD DISTRIBUTION TO MOST DEPRIVE PERSON IN COMMUNITY AMENDMENT DESC-SINGLE CMO REGULATION,food distribution to the most deprived persons in the community amendment of the single cmo regulation,13,16,0.769231,FOOD
aslg_pc12:724a6426eccb18a5bc32,"SE DESC-DRAMATIC FIGURE HAVE RISE SINCE 1996 , YEAR DESC-FIRST WORLD FOOD SUMMIT .","these dramatic figures have risen since 1996 , the year of the first world food summit .",13,14,0.666667,FOOD
aslg_pc12:2d4002f33f15f37a998a,CHILD NEED TO GROW DESC-UP IN DESC-SAFE ENVIRONMENT FOR WHICH PARENT HAVE DESC-PRIMARY RESPONSIBILITY .,children need to grow up in a safe environment for which parents have the primary responsibility .,17,16,0.8,CHILD
aslg_pc12:a02820295ff26fe23dc3,ISSUE CAP AND DESC-GLOBAL FOOD SECURITY BE DESC-IMPORTANT .,in writing . the issue of the cap and global food security is important .,10,13,0.777778,FOOD
aslg_pc12:7b78ea9a115bae4224c8,"X-IT MR PRESIDENT , X-MY APOLOGY FOR GO DESC-BACK TO SUBJECT ABRUZZO .","it mr president , my apologies for going back to the subject of abruzzo .",14,13,0.692308,GO
aslg_pc12:02fcde274dded2577500,"IN ADDITION TO SAFETY CONCERN , DESC-ETHICAL QUESTION IN RELATION TO NOVEL FOOD BE DESC-ALSO DESC-VERY DESC-IMPORTANT .","in addition to safety concerns , ethical questions in relation to novel foods are also very important .",20,16,0.666667,FOOD
aslg_pc12:15666235c3f19e71a2da,MEETING WORLD SUMMIT ON FOOD SECURITY DO DESC-NOT TAKE DIRECTION DESIRE BY ORGANISER .,the meeting of the world summit on food security did not take the direction desired by the organisers .,14,18,0.714286,FOOD
aslg_pc12:5502226da5a776a2d75c,"DESC-OR FROM DESC-LIBERAL STUDENT AND ALUMNUS ASSOCIATION BE DETAIN MEHRDAD BOZORG , EHSAN DOLATSHAH AND SINA SHOKOHUS .","others from the liberal student and alumni association are detained mehrdad bozorg , ehsan dolatshah and sina shokohi .",18,17,0.625,STUDENT
aslg_pc12:153d767704e3b04a19eb,LET ATTITUDE EUROPEAN CITIZEN TO FAMILY AND TO CHILD DEFINE X-WE LEVEL CULTURE AND CIVILISATION .,let the attitude of european citizens to the family and to children define our level of culture and civilisation .,16,19,0.714286,CHILD
aslg_pc12:93683fff3eac523678e6,X-IT HAVE DESC-ALSO PROVE DESC-POSSIBLE TO RECONCILE CONSUMER PROTECTION AND FOOD SAFETY WITH DESC-NECESSARY PROTECTION DESC-INTELLECTUAL PROPERTY .,it has also proved possible to reconcile consumer protection and food safety with the necessary protection of intellectual property .,22,19,0.777778,FOOD
aslg_pc12:fb6d4993c9ac61944265,X-I BELIEVE THAT CHANGE THAT X-WE HAVE PROPOSE GO IN DESC-RIGHT DIRECTION .,i believe that the changes that we have proposed go in the right direction .,15,14,0.692308,GO
aslg_pc12:83a1ff695031dd661ea6,X-IT BE DESC-VERY DESC-CLEVER MOVE TO CONVENE SUMMIT YESTERDAY .,it was a very clever move to convene the summit yesterday .,12,11,0.727273,YESTERDAY
aslg_pc12:543ea8355b07062a40c6,"X-HE SAY THAT WHEN X-YOU PLAY POKER , X-YOU DO DESC-NOT TELL ANYONE WHAT X-YOU HAVE IN X-YOU HAND .","he said that when you play poker , you do not tell anyone what you have in your hand .",24,18,0.823529,PLAY
aslg_pc12:2f8f14bcd3608a5560e8,WOMAN DO DESC-NOT WANT TO AND MUST DESC-NOT PAY PRICE FOR THIS RECONCILIATION .,women do not want to and must not pay the price for this reconciliation .,15,14,0.846154,WOMAN
aslg_pc12:cd19f1e64ab71ee62d03,"YESTERDAY , X-WE DISCUSS X-IT WITH COUNCIL MINISTER AS DESC-WELL .","yesterday , we discussed it with the council of ministers as well .",12,11,0.636364,YESTERDAY
aslg_pc12:a7db8c6714a3816dda42,DESC-IMPORTANT THING BE THAT FOOD BE DESC-SAFE AND THAT CONSUMER BE DESC-NOT DECEIVE .,the important thing is that food is safe and that consumers are not deceived .,16,14,0.636364,FOOD
aslg_pc12:2f14a4fb3c50d46d2a02,GENDER EQUALITY AND WOMAN X-POSS RIGHTS STEM FROM DESC-HUMAN RIGHTS .,gender equality and women's rights stem from human rights .,12,9,0.636364,WOMAN
aslg_pc12:2ebd2c1ac1d131fe5376,"ONE DESC-RECENT CASE , FOR EXAMPLE , BE THAT 17 YEAR DESC-OLD MOSLEH ZAMANUS IN DECEMBER DESC-200UNFORTUNATELY X-IT SEEM THAT PROHIBIT EXECUTION CHILD BE DESC-NOT DESC-POLITICAL PRIORITY IN DESC-INTERNATIONAL ARENA .","one recent case , for example , was that of 17 year old mosleh zamani in december 200unfortunately it seems that prohibiting the execution of children is not a political priority in the international arena .",34,32,0.730769,CHILD
aslg_pc12:f97090ad7d28504bd77c,"DESC-MOREOVER , PARENT DESC-ALSO HAVE CONTROL OVER X-Y CHILD X-POSS CONSUMPTION , DESC-ESPECIALLY WHEN X-Y BE DESC-YOUNG .","moreover , parents also have control over their children's consumption , especially when they are young .",22,14,0.5625,CHILD
aslg_pc12:14c1bfeda19fc77a925f,EUROPEAN UNION MUST BE DESC-ABLE TO PROVIDE DESC-SUFFICIENT QUANTITY FOOD FOR X-ITS POPULATION AT DESC-AFFORDABLE PRICE .,the european union must be able to provide sufficient quantities of food for its population at affordable prices .,20,18,0.777778,FOOD
aslg_pc12:b00f69ff472747e43d30,THIS GO DESC-NOT DESC-ONLY FOR BANGLADESH BUT DESC-ALSO FOR DESC-OR DESC-ASIAN COUNTRY .,this goes not only for bangladesh but also for other asian countries .,17,12,0.666667,GO
aslg_pc12:c6a8b8c5b2560cd3dc12,DESC-UNACCEPTABLE DEFICIT HAVE BE RUN DESC-UP .,unacceptable deficits have been run up .,8,6,0.571429,RUN
aslg_pc12:b770cbecd8a036db4d31,X-IT DESC-SIMPLY GO AND INCREASE RATE SETTLEMENT .,it simply went and increased the rate of settlement .,9,9,0.555556,GO
aslg_pc12:4e89833ca59e43ed27d1,EUROPE MUST WAKE DESC-UP AND REGULATE IMMIGRATION FLOW DESC-SERIOUSLY X-WE CAN DESC-NOT GO ON LIKE THIS !,europe must wake up and regulate immigration flows seriously we cannot go on like this !,20,15,0.722222,GO
aslg_pc12:1d28022baefa122aad0b,MT X-IT BE WORRY THAT DESC-ECONOMIC CRISIS BE GO TO GIVE RISE TO DESC-LONG TERM REPERCUSSION .,mt it is worrying that the economic crisis is going to give rise to long term repercussions .,19,17,0.625,GO
aslg_pc12:f7fb8c024dc80e1e8b6b,PARLIAMENT HAVE DESC-MAJOR ROLE TO PLAY IN TERM DESC-FINANCIAL REGULATION .,parliament has a major role to play in terms of financial regulation .,12,12,0.727273,PLAY
aslg_pc12:8221a7655832a0869938,THIS BE DESC-IMPORTANT AS X-WE DESC-CURRENTLY HAVE DESC-TOO DESC-MANY INITIATIVE RUN ALONGSIDE ONE ANOR .,this is important as we currently have too many initiatives running alongside one another .,19,14,0.625,RUN
aslg_pc12:5c4909733ebccd999b91,"DESC-HOPEFULLY DESC-RE BE NUMBER WAIVER AND REDUCTION FOR CHILD , STUDENT AND DESC-ACTIVE YOUTH .","hopefully there are a number of waivers and reductions for children , students and active youth .",16,15,0.461538,CHILD|STUDENT
aslg_pc12:ced08f98fe843f872417,X-WE BE GO TO WEAKEN X-YOU IN FRONT MEMBER STATE .,we are going to weaken you in front of the member states.,12,12,0.636364,GO
aslg_pc12:773cbc262763e3f70230,ISSUE DESC-REFORE GO BEYOND QUESTION CRUCIFIX .,the issue therefore goes beyond the question of crucifixes .,7,9,0.428571,GO
aslg_pc12:aad062691c73a8b1e261,X-I WOULD DESC-ALSO ADD THAT X-I HAVE NOTE SPEECH ON DATUM PROTECTION DURING DESC-LEGAL PROCEDURE INVOLVE CHILD .,i would also add that I have noted the speeches on data protection during legal procedures involving children .,21,18,0.555556,CHILD
aslg_pc12:d6ee3d4f7d4d0534f55c,"X-I BE THINK PROSTITUTION , DESC-FIRST AND DESC-FOREMOST , BUT DESC-ALSO CHILD .","i am thinking of prostitution , first and foremost , but also of children .",14,12,0.583333,CHILD
aslg_pc12:6cfe52da60e92c1257de,LET X-WE DESC-ALSO HELP BOTH PARENT AND X-Y CHILD TO STAY DESC-AWAY FROM DANGER .,let us also help both parents and their children to stay away from danger .,18,14,0.625,CHILD
aslg_pc12:2e59c91d4d454a7e7b12,COMPETITION WOULD INCREASE BETWEEN CAR MANUFACTURER AND DESC-NOT BETWEEN DEALER OR BETWEEN DEALER AND MANUFACTURER .,competition would increase between car manufacturers and not between dealers or between dealers and manufacturers .,16,15,0.727273,CAR
aslg_pc12:1673d503550d6610086c,DESC-SECOND ASPECT BE LINK TO STATUS WOMAN RUN DESC-SMALL BUSINESS .,the second aspect is linked to the status of women running small businesses .,12,13,0.454545,RUN|WOMAN
aslg_pc12:5c8eeb37dde43b234457,X-WE SHOULD BEHAVE OUTSIDE EUROPEAN WATER IN DESC-JUST DESC-SAME WAY AS X-WE DO AT HOME .,we should behave outside european waters in just the same way as we do at home .,19,16,0.8125,OUTSIDE
aslg_pc12:b5ef6c870d9769f23b94,X-Y KNOW THAT X-Y WILL FIND DEFECT . X-Y GO .,the fvo missions have this in mind when they go . they know that they will find defects .,12,17,0.625,GO
aslg_pc12:8b50aff4d7fe187d3110,X-I BE GO TO TALK ABOUT PETITION .,i am going to talk about petitions .,8,7,0.5,GO
aslg_pc12:a3c16be0dc93f83422c4,DESC-EXTERNAL ACTION SERVICE WILL PLAY DESC-DECISIVE ROLE IN THIS REGARD .,the external action service will play a decisive role in this regard .,12,12,0.909091,PLAY
aslg_pc12:75b42cb4bed287151aca,X-I BE GO TO TURN X-MY ATTENTION DESC-AWAY FROM TEXT DESC-AGAIN FOR DESC-JUST MOMENT .,i am going to turn my attention away from the text again for just a moment .,19,16,0.75,GO
aslg_pc12:c13f6897bdf2585de0a9,"MR BATTEN , DESC-PREVIOUS STATEMENT BE STATEMENT MAKE IN REPLY TO SOMETHING SAY YESTERDAY IN PARLIAMENT .","mr batten , the previous statement was a statement made in reply to something said yesterday in parliament .",16,17,0.714286,YESTERDAY
aslg_pc12:de8389dd6d35e536899e,"OVER 120 WOMAN HAVE BE MURDER SINCE 1996 , DESC-SIGNIFICANT NUMBER BY PARTNER OR EX PARTNER .","over 120 women have been murdered since 1996 , a significant number by a partner or ex partner .",14,15,0.692308,WOMAN
aslg_pc12:db4895f3337182936e7c,"DESC-HOWEVER , PROTECTION DESC-ALSO HAVE TO INVOLVE CHILD X-MSELVES .","however , the protection also has to involve the children themselves .",11,10,0.5,CHILD
aslg_pc12:9f23dff1100b43477c81,DESC-ADMINISTRATIVE AUTHORITY BE DESC-UNABLE TO RECOVER TAX AND DUTY X-MSELVES OUTSIDE X-Y DESC-OWN MEMBER STATE .,the administrative authorities are unable to recover taxes and duties themselves outside their own member state .,20,16,0.529412,OUTSIDE
aslg_pc12:aced7c1c0566081116da,"DESC-REFORE , DESC-RE BE DESC-MANY PEOPLE WHO BE SELF EMPLOY DESC-MANY X-Y WOMAN , WHO BE DESC-OFTEN OVERLOOK .","therefore , there are many people who are self employed many of them women , who are often overlooked .",22,17,0.357143,WOMAN
aslg_pc12:c464163161a3f50c4025,OBLIGATION THAT GO WITH EU MEMBERSHIP MUST BE TRANSFER FROM PAPER TO PRACTICE .,the obligations that go with eu membership must be transferred from paper to practice .,13,14,0.846154,GO
aslg_pc12:9d6aa3d1dce55a03b342,"IN DESC-MANY EU COUNTRY CITIZEN , IN DESC-PARTICULAR DESC-WEAKEST ONE , CHILD BE AFFECT BY DISCRIMINATION AND POVERTY .","in many eu countries citizens , in particular the weakest ones , children are affected by discrimination and poverty .",19,17,0.5625,CHILD
aslg_pc12:b9eb5039e39397ccd662,PNEUMOCOCCAL AMC OFFER DESC-UNPRECEDENTED OPPORTUNITY FOR COUNTRY TO PROTECT X-Y CHILD FROM THIS DESC-PREVENTABLE KILLER .,the pneumococcal amc offers an unprecedented opportunity for countries to protect their children from this preventable killer .,18,17,0.647059,CHILD
aslg_pc12:3c218daa517f45ffeab9,LIST COULD GO ON .,the list could go on .,4,5,1.0,GO
aslg_pc12:eb7dff4ced87c8c2a0b5,CAN X-YOU TELL X-WE TODAY WHER X-YOU BE GO TO DO THING DESC-DIFFERENTLY IN X-YOU DESC-SECOND TERM ?,can you tell us today whether you are going to do things differently in your second term ?,23,17,0.588235,GO
aslg_pc12:f108bf838f7f4b123c3f,SUPPOSE RETURN TO QUALITY FOOD BE DESC-NOT INTEND TO INCREASE FARMERSINCOME OR SATISFY GRASSROOT REQUIREMENT .,the supposed return to quality food is not intended to increase farmersincomes or satisfy grassroots requirements .,16,16,0.533333,FOOD
aslg_pc12:f96723f172e55a36a980,"DESC-NOW , DESC-ELECTRIC CAR BE FINE FLAGSHIP .","now , the electric car is a fine flagship .",8,8,0.714286,CAR
aslg_pc12:10efc9c39bd201993021,X-WE HAVE TO GO DESC-FURR .,we have to go further .,7,5,0.571429,GO
aslg_pc12:e960c059752365637f32,"BUT DESC-SUCH IMITATION , GO BY NAME OFSOCIALIST DEMOCRACY , DESC-ALSO EXIST UNDER STALIN .","but such an imitation , going by the name ofsocialist democracy, also existed under stalin .",14,14,0.769231,GO
aslg_pc12:ea51f47c25126ff64293,AGRICULTURE BE GO TO BE DESC-VERY DESC-IMPORTANT IN NEXT DESC-FEW YEAR .,agriculture is going to be very important in the next few years .,14,12,0.727273,GO
aslg_pc12:bff53890b2c384d4477a,X-I FIND THIS DESC-VOLUNTARY ARRANGEMENT TO BUY DESC-BACK MILK QUOTA DESC-COUNTERPRODUCTIVE .,i find this voluntary arrangement to buy back milk quotas counterproductive .,15,11,0.769231,BUY
aslg_pc12:5793cef90c9579a989e8,X-SHE HAVE RESPONSIBILITY AND ABILITY TO PLAY THAT ROLE .,she has the responsibility and the ability to play that role .,10,11,0.8,PLAY
aslg_pc12:5fd0df08ff0bc687f272,X-MY ANSWER GO WITHOUT SAY .,my answer goes without saying .,6,5,0.5,GO
aslg_pc12:1772c26c6092cdc927b2,SE PARK BE PART PROTECT AREA NETWORK PAN .,these parks are part of the protected area network pan .,8,10,0.5,PARK
aslg_pc12:085a3fda7f0b1e5c846e,DESC-RE MUST BE NO CLONE ANIMAL IN FOOD CHAIN .,there must be no cloned animals in the food chain .,10,10,0.6,FOOD
aslg_pc12:02c0a6113cee1885f922,"LET X-WE REMEMBER THAT , IN PAST , DESC-RE BE TIME WHEN HAITUS MEET X-ITS DESC-OWN FOOD NEED .","let us remember that , in the past , there were times when haiti met its own food needs .",20,17,0.5,FOOD
aslg_pc12:22975683188d74ed3df7,"COURSE , X-IT BE DESC-IMPORTANT DESC-NOT TO UNDERMINE COMPETITIVENESS EUROPE X-POSS AGRI FOOD INDUSTRY .","of course , it is important not to undermine the competitiveness of europe's agri food industry .",17,15,0.666667,FOOD
aslg_pc12:33baafb654689b0a9f6a,CHILD MIGRANT VOTE,children of migrants vote,3,4,0.333333,CHILD
aslg_pc12:9fa1dfc354a690093fcb,"DESC-HOWEVER , X-I THINK THAT X-WE HAVE AGREE THAT X-WE WILL CONTINUE DEBATE AND X-WE WILL GO ON .","however , I think that we have agreed that we will continue the debate and we will go on .",22,18,0.8,GO
aslg_pc12:8719540b4644ce10d671,X-WE MUST DESC-ALSO PROVIDE INFORMATION AND ENSURE THAT CHILD WHO BE DESC-CURRENTLY IN THIS SITUATION RECEIVE HELP .,we must also provide information and ensure that children who are currently in this situation receive help .,20,17,0.789474,CHILD
aslg_pc12:991f6ec8e114b1981c6c,X-I WOULD SAY THAT WARN LIGHT BE ALL FLASH RED ON SUBJECT .,i would say that the warning lights are all flashing red on the subject .,13,14,0.615385,RED
aslg_pc12:74a17535b93f36acb045,DESC-PERHAPS NEXT DESC-SUCH REPORT COULD GO INTO MORE DETAIL ON THIS MATTER .,perhaps the next such report could go into more detail on this matter .,14,13,0.923077,GO
aslg_pc12:320f4252b0fa2bdb3749,"TEXT HAVE DEVELOP BETWEEN TWO READING , AND SEEM TO BE GO IN DESC-RIGHT DIRECTION .","the text has developed between the two readings , and seems to be going in the right direction .",15,17,0.6,GO
aslg_pc12:fdef6caf4d38f3004277,X-I BELIEVE THAT PLAY VIDEO GAME BE DESC-VERY DESC-IMPORTANT FOR DESC-EDUCATIONAL REASON .,i believe that playing video games is very important for educational reasons .,16,12,0.571429,PLAY
aslg_pc12:274ebc2f533fa6befba6,LACK DRINKING WATER CONSTITUTE NO DESC-LESS THREAT THAN LACK FOOD .,the lack of drinking water constitutes no less a threat than the lack of food .,11,15,0.8,FOOD
aslg_pc12:dcaad35203f7a387b5fd,FIGHT AGAINST COUNTERFEIT AND DESC-COMMERCIAL INFRINGEMENT PLAY DESC-ESSENTIAL ROLE IN THIS CONTEXT .,the fight against counterfeiting and commercial infringement plays an essential role in this context .,14,14,0.769231,PLAY
aslg_pc12:203527d9b6be78ba1802,SME DESC-ALSO PLAY DESC-CRUCIAL ROLE IN OVERCOME CRISIS .,smes also play a crucial role in overcoming the crisis .,10,10,0.666667,PLAY
aslg_pc12:0387f90a2de1fac7fb25,CHILD SHOULD GROW DESC-UP WITH WARMTH AND CARE AND X-Y BE DESC-NOT SOMETHING THAT MARKET SHOULD CONTROL .,children should grow up with warmth and care and they are not something that the market should control .,20,18,0.705882,CHILD
aslg_pc12:01a0c7961dcd0c288861,"DESC-UNFORTUNATELY , X-I HAVE TO SAY THAT MOST SAINT BE GO .","unfortunately , I have to say that most of the saints are gone .",12,12,0.583333,GO
aslg_pc12:02d5e5547a23ac4072f3,FACT THAT X-WE BE DESC-ALSO DEBATE DESC-GLOBAL FOOD SECURITY THIS WEEK BE DESC-REFORE DESC-RICHLY DESC-IRONIC .,the fact that we are also debating global food security this week is therefore richly ironic .,21,16,0.6875,FOOD
aslg_pc12:914961e0f619c6ae2fd9,"DESC-MANY WOMAN DIE AS RESULT DESC-ILLEGAL ABORTION , PERFORM WITHOUT DESC-MEDICAL HELP .","many women died as a result of illegal abortions , performed without medical help .",14,13,0.583333,WOMAN
aslg_pc12:1f4f1660c6d1eeb0f55a,"UNION ADOPT DESC-NEW GUIDELINE ON RIGHTS CHILD ON 10 DECEMBER DESC-200IN DESC-FIRST PHASE IMPLEMENTATION , X-IT WILL FOCUS X-ITS ATTENTION ON VIOLENCE AGAINST CHILD .","the union adopted new guidelines on the rights of the child on 10 december 200in the first phase of implementation , it will focus its attention on violence against children .",27,28,0.809524,CHILD
aslg_pc12:175ebe2b0e551681c293,EU TURKEY RELATION GO DESC-BACK DESC-LONG WAY AND BE DESC-MUTUALLY DESC-BENEFICIAL .,eu turkey relations go back a long way and are mutually beneficial .,15,12,0.75,GO
aslg_pc12:2bc66941f82d43b5fc7b,X-WE CHILD MUST BE GIVE DESC-BEST DESC-POSSIBLE PROTECTION .,our children must be given the best possible protection .,11,9,0.5,CHILD
aslg_pc12:f975e7e3922044fa3191,CHILD PORNOGRAPHY BE DESC-EVER INCREASE DESC-GLOBAL PROBLEM .,child pornography is an ever increasing global problem .,9,8,0.625,CHILD
aslg_pc12:57a4e487c2b2a78017ba,"X-IT BE WOMAN , DESC-OFTEN DESC-VERY DESC-ELDERLY OR DESC-VERY DESC-YOUNG , WHO BE VICTIM .","it is women , often the very elderly or the very young , who are the victims .",18,15,0.583333,WOMAN
aslg_pc12:da8086fd4c758f24612b,NO WOMAN ISJUSTANY .,no woman isjustanything .,3,3,0.666667,WOMAN
aslg_pc12:16523cd19a080fc09bee,X-I BELIEVE THAT X-WE CAN DESC-NOT ACCEPT DESC-SUCH FIGURE AND REALITY THAT AFFECT DESC-ESPECIALLY WOMAN .,i believe that we cannot accept such figures and the reality that affects especially women .,20,15,0.5625,WOMAN
aslg_pc12:5aa71684fe19011173a8,FACT THAT DESC-MANY PROJECT DO DESC-NOT GO BEYOND PLANNING STAGE MUST BE TAKE INTO ACCOUNT .,the fact that many projects do not go beyond the planning stage must be taken into account .,17,17,0.8125,GO
aslg_pc12:493987dbbf76950e9271,X-IT GO WITHOUT SAY THAT ANY DESC-OR INTERPRETATION MERIT RESPECT .,it goes without saying that any other interpretation merits respect .,12,10,0.5,GO
aslg_pc12:c95bb2afdc80e912ee4a,THAT BE DESC-TRUE OUTSIDE EUROZONE AS DESC-WELL AS INSIDE X-IT .,that is true outside the eurozone as well as inside it .,13,11,0.727273,OUTSIDE
aslg_pc12:27a4863561ebd0a81485,"X-WE BE GO TO BE DESC-HERE , AND X-WE VOICE BE GO TO BE HEAR .","we are going to be here , and our voice is going to be heard .",17,14,0.6,GO
aslg_pc12:8e1ce0d4211079de9d05,"DESC-RECENT DESC-EXTRAORDINARY SURGE IN FOOD PRICE DESC-RIGHTLY DESC-PROMPT DISCUSSION ON DESC-AGRICULTURAL POLICY , FOOD SECURITY AND DEVELOPMENT .","the recent extraordinary surge in food prices rightly prompted a discussion on agricultural policies , food security and development .",21,18,0.75,FOOD
aslg_pc12:b8fb5640b9b52db7d1c9,X-WE IN PARLIAMENT BE DESC-NOT GO TO PUT PRESSURE ON X-HE FOR TIME BE .,we in parliament are not going to put pressure on him for the time being .,17,15,0.666667,GO
aslg_pc12:dc09e2e316c34a7f8c5c,DESC-EQUAL TREATMENT BETWEEN MAN AND WOMAN ENGAGE IN SELF EMPLOY CAPACITY DESC-PREGNANT WORKER DEBATE,equal treatment between men and women engaged in a self employed capacity pregnant workers debate,16,15,0.6,WOMAN
aslg_pc12:ad1108297f34df6fecbf,"X-I REFER TO PAN PARK FOUNDATION , WHOSE AIM X-IT BE TO DEVELOP DESC-SUSTAINABLE TOURISM IN THOSE LAND .","i refer to the pan parks foundation , whose aim it is to develop sustainable tourism in those lands .",20,18,0.722222,PARK
aslg_pc12:3df53921f464afb9d178,PRESIDENCY BE DESC-REFORE GO TO HAVE DESC-ACTIVE PRESENCE IN WORK COUNCIL .,the presidency is therefore going to have an active presence in the work of the council .,13,16,0.666667,GO
aslg_pc12:a0e95618e250d8cfa77c,X-WE HAVE TO GIVE X-WE CITIZEN REASON TO GO OUT AND VOTE .,we have to give our citizens reasons to go out and vote .,14,12,0.727273,GO
aslg_pc12:916d35f9320ec8e284ca,X-YOU BE GO TO DISCUSS THING WHICH WILL DESC-NOT REPRESENT UNITE KINGDOM .,you are going to discuss things which will not represent the united kingdom .,14,13,0.571429,GO
aslg_pc12:54f452d30aea96fa881d,"X-IT BE DESC-NECESSARY , IN DESC-PARTICULAR , TO PROTECT CHILD .","it is necessary , in particular , to protect children .",11,8,0.6,CHILD
aslg_pc12:4b7888d0a119fb42717f,AND X-WE HAVE GET TO SAVE LIFE CHILD .,and we have got to save the lives of children .,9,10,0.555556,CHILD
aslg_pc12:e83be04b2e98f3601092,"TO FIND DESC-RIGHT WAY , X-I BE GO TO PUBLISH POLICY DOCUMENT .","to find the right way , I am going to publish a policy document .",13,13,0.666667,GO
aslg_pc12:4d22f5810762b4f7a697,MR SCHAAKE REFER YESTERDAY TO SAKHAROV PRIZE .,mrs schaake referred yesterday to the sakharov prize .,7,8,0.714286,YESTERDAY
aslg_pc12:ab2205f6bfb6a49b7274,COUNCIL HAVE DESC-ALSO DESC-REPEATEDLY EXPLAIN THAT X-IT BE DESC-NECESSARY TO ALLEVIATE WOMAN X-POSS POVERTY .,the council has also repeatedly explained that it is necessary to alleviate women's poverty .,19,14,0.5625,WOMAN
aslg_pc12:6c7ef4ab87e132aa645a,X-I HAVE DO DESC-SO WITH INTA COMMITTEE AND X-I BE DESC-READY TO GO DESC-BACK TO INTA COMMITTEE .,i have done so with the inta committee and I am ready to go back to the inta committee .,22,19,0.733333,GO
aslg_pc12:e64968d051b57e2f47a0,PROBLEM BE THAT X-WE DO DESC-NOT AGREE ON WHAT FOOD SECURITY BE .,the problem is that we do not agree on what food security is .,14,13,0.769231,FOOD
aslg_pc12:2a11d1dc3be6d711725f,X-IT BE DESC-PARTICULARLY DESC-IMPORTANT THAT FAR BE INCLUDE IN BRING DESC-UP CHILD .,it is particularly important that fathers are included in bringing up children .,16,12,0.461538,CHILD
aslg_pc12:ad9981cf1831fbd5c904,FOOD PRICE HAVE SEE DESC-VERY DESC-SHARP RISE DESC-RECENTLY .,food prices have seen a very sharp rise recently .,11,9,0.666667,FOOD
aslg_pc12:4a4e6724bcf86660269a,ALL X-IT ADD BE MORE RED TAPE AND MORE WORK FOR BUSINESS IN QUESTION .,all it adds is more red tape and more work for the businesses in question .,15,15,0.714286,RED
aslg_pc12:cd50005f97a6a9e66556,X-SHE DRIVE X-SHE CAR TO WORK .,she drove her car to work .,8,6,0.666667,CAR
aslg_pc12:ff32d6ffe51702c57c95,CHILD DESC-IMMIGRANT DEBATE,children of immigrants debate,4,4,0.25,CHILD
aslg_pc12:f388abb794e69f940886,X-I BE DESC-NOT GO TO MAKE DESC-HYPOTICAL STATEMENT ABOUT DESC-HYPOTICAL REFERENDUM .,i am not going to make hypothetical statements about hypothetical referendums .,15,11,0.416667,GO
aslg_pc12:7d19688ead86e913b5ff,WAR AGAINST PEOPLE DESC-SOURN SUDAN HAVE BE GO ON DESC-RE FOR DECADE .,a war against the people of southern sudan has been going on there for decades .,14,15,0.461538,GO
aslg_pc12:bd7e52a34cca7c4a987a,SOLIDARITY GO HAND IN HAND WITH SOLIDITY IN DESC-EMOTIONALLY CHARGE CONTEXT DESC-SOVEREIGN DEBT MARKET .,solidarity goes hand in hand with solidity in the emotionally charged context of sovereign debt markets .,16,16,0.692308,GO
aslg_pc12:270a4b9b357e471b4bbd,MEMBER STATE SHOULD PLAY LEAD ROLE REGARD INTEGRATION THIS AND DESC-OR MINORITY GROUP .,member states should play the leading role regarding the integration of this and other minority groups .,14,16,0.571429,PLAY
aslg_pc12:395a4fab5e3640f9cfd5,X-IT BE DESC-ALSO GO TO BE DEBATE IN DESC-HUMAN RIGHTS COUNCIL .,it is also going to be debated in the human rights council .,14,12,0.666667,GO
aslg_pc12:cd7b132b9ee2352eaa0f,"DESC-FURRMORE , DESC-MANY WOMAN LOOK FOR X-Y DESC-FIRST JOB DESC-ONLY AFTER X-Y HAVE HAVE X-Y CHILD .","furthermore , many women look for their first job only after they have had their children .",22,15,0.571429,CHILD|WOMAN
aslg_pc12:5bfbe523bd8a79897299,X-I HEAR WHAT COMMISSIONER SAY ON FOOD IMPORT SITUATION .,i heard what the commissioner said on the food import situation .,10,11,0.7,FOOD
aslg_pc12:73a39432428ff1e35a40,MORE NEED TO BE DO TO FACILITATE PARTICIPATION WOMAN IN LABOR MARKET .,more needs to be done to facilitate the participation of women in the labour market .,12,15,0.636364,WOMAN
aslg_pc12:6a3be3d581c4265fe7c2,X-IT BE DESC-REFORE DESC-UNACCEPTABLE FOR WOMAN TO BE PENALIZE BECAUSE X-Y BE MOR .,it is therefore unacceptable for women to be penalised because they are mothers .,17,13,0.461538,WOMAN
aslg_pc12:aa8f61b138ed691e0642,WHAT BE COMMISSION GO TO DO IN THIS REGARD ?,what is the commission going to do in this regard ?,9,10,0.777778,GO
aslg_pc12:48fab469652d9af702f6,"X-YOU HAVE WITNESS , ALONG WITH REST WORLD , DESC-BURNT AND SCATTER REMAINS CHILD .","you have witnessed , along with the rest of the world , the burnt and scattered remains of children .",14,17,0.642857,CHILD
aslg_pc12:d08466611ab559375bd1,X-HE WOMAN WHO VISIT X-HE BE PAY EIR WITH MONEY OR WITH PROMISE THAT X-Y WILL STAND FOR OFFICE .,his women who visit him are paid either with money or with promises that they will stand for office .,22,19,0.555556,WOMAN
aslg_pc12:8ae56a8c3b1e85162c07,X-Y LIKE DESC-HONEST FOOD AND X-Y LIKE DESC-HONEST POLITICIAN .,they like honest foods and they like honest politicians .,13,9,0.375,FOOD
aslg_pc12:b2a455cca443a588bce6,"X-WE SHALL REMAIN VIGILANT AND IF SOMETHING GO DESC-WRONG , X-WE SHALL TRY TO PUT X-IT DESC-RIGHT .","we shall remain vigilant and if something goes wrong , we shall try to put it right .",21,16,0.8125,GO
aslg_pc12:fcf830ca841582b5c20e,X-IT HAVE GO DESC-WRONG AND X-WE MUST ENSURE X-IT DO DESC-NOT GO DESC-WRONG DESC-AGAIN .,it has gone wrong and we must ensure it does not go wrong again .,21,14,0.692308,GO
aslg_pc12:4f9c666baa9cf27fcf01,PEOPLE OUTSIDE EUROPE EXPECT THIS .,people outside europe expect this .,5,5,1.0,OUTSIDE
aslg_pc12:30ef8aa279522b25d138,"MR PRESIDENT , TODAY X-WE DEBATE AND DEPLORE EVIL DESC-SEXUAL EXPLOITATION CHILD .","mr president , today we debate and deplore the evil of the sexual exploitation of children .",13,15,0.769231,CHILD
aslg_pc12:3511137acc16f3dc7bb5,"X-Y WILL GO DESC-ANYWAY , WHER X-WE WANT X-IT OR DESC-NOT .","they will go anyway , whether we want it or not .",15,10,0.666667,GO
aslg_pc12:9892dab6e748f97c69f8,X-I THINK X-IT BE DESC-ALSO DESC-CRUCIAL THAT X-WE GO DESC-FURR AND WORK DESC-TOGER ON ALL DESC-DIFFERENT ISSUE .,i think it is also crucial that we go further and work together on all the different issues .,25,18,0.684211,GO
aslg_pc12:c3959506d5855f4047f1,"X-I BE DESC-EVEN MORE DESC-WORRIED ABOUT STATE AID , WHICH MUST DESC-NOT DISTORT COMPETITION IN CAR MARKET .","i am even more worried about state aid , which must not distort competition in the car market .",20,17,0.833333,CAR
aslg_pc12:7b4782e99012b12e4716,CONSUMER MUST BE DESC-ABLE TO MAKE INFORM CHOICE WHEN BUY TEXTILE PRODUCT .,consumers must be able to make an informed choice when buying textile products .,13,13,0.615385,BUY
aslg_pc12:63dbcd4e03545a23e39b,"DESC-PERSONALLY X-I WOULD DESC-RAR BUY SHOE , BUT DESC-OR DO DESC-OR THING FOR X-Y KICK .","personally I would rather buy shoes , but others do other things for their kicks .",20,14,0.466667,BUY
aslg_pc12:92222c46f818e6b8a510,"X-Y BE DESC-NEARLY ALL CHILD SPANISH OFFICIAL , AND BE BE DESC-DISCRIMINATE AGAINST AND TREAT DESC-UNFAIRLY .","they are nearly all children of spanish officials , and are being discriminated against and treated unfairly .",19,16,0.428571,CHILD
aslg_pc12:b87a846ef73f8c13ccf2,BURMA BE GO TO HOLD ELECTION THIS YEAR FOR DESC-FIRST TIME IN 30 YEAR .,burma is going to hold an election this year for the first time in 30 years .,14,15,0.769231,GO
aslg_pc12:4b7c0ee7c99a2dc02fb4,"AS PARLIAMENT , X-WE SHOULD BE WORK TOWARDS ASSIST WOMAN TO HAVE CHOICE IN WHAT X-Y DO .","as a parliament , we should be working towards assisting women to have a choice in what they do .",18,18,0.705882,WOMAN
aslg_pc12:79d6fe9aca7f49878a08,"DEBATE THAT X-WE HOLD YESTERDAY WITH UK DESC-PRIME MINISTER , GORDON DESC-BROWN , DESC-CLEARLY DEMONSTRATE THIS .","the debate that we held yesterday with the uk prime minister , gordon brown , clearly demonstrated this .",18,16,0.75,YESTERDAY
aslg_pc12:af8f51a67e501052a94e,THIS REPORT UNDERLINE DESC-URGENT NEED FOR COMMUNITY INITIATIVE TO DESC-EFFECTIVELY COMBAT VIOLENCE AGAINST WOMAN .,this report underlines the urgent need for a community initiative to effectively combat violence against women .,16,16,0.8,WOMAN
aslg_pc12:1360735f94d0d612ce7d,DEVELOPMENT DESC-RURAL AREA PLAY DESC-EVER DESC-GREATER ROLE .,the development of rural areas plays an ever greater role .,10,10,0.625,PLAY
aslg_pc12:0238f57e033a67191541,X-I DESC-REFORE GO TO SOME LENGTH TO GET AGREEMENT SHADOW RAPPORTEUR ON THIS POINT .,i therefore went to some lengths to get the agreement of the shadow rapporteurs on this point .,16,17,0.6,GO
aslg_pc12:3802c9c54276e8d8043b,"KO ? THINK THAT X-YOU MIGHT TAKE DESC-PRECAUTIONARY MEASURE , WHICH MIGHT GO DESC-SO DESC-FAR AS DESC-CLOSE KR ?","do you think that you might take precautionary measures , which might go so far as closing krško ?",21,18,0.764706,GO
aslg_pc12:a5376264982c96fd365e,WORK ON DATABASE BE GO DESC-WELL AND X-IT WILL BE DESC-AVAILABLE IN DESC-FORESEEABLE FUTURE .,work on the database is going well and it will be available in the foreseeable future .,18,16,0.8,GO
aslg_pc12:a61802445b7f4044767c,X-I THINK THAT EUROPEAN UNION SHOULD DESC-ALSO GO DESC-DOWN ROAD DESC-MUTUAL UNDERSTANDING .,i think that the european union should also go down the road of mutual understanding .,16,15,0.857143,GO
aslg_pc12:a5d1b5aa9c6cb4f91352,"X-WE DESC-STILL HAVE DESC-LONG WAY TO GO THOUGH , DESC-SO WHAT X-WE MUST DO DESC-NOW BE PERSEVERE .","we still have a long way to go though , so what we must do now is persevere .",22,17,0.823529,GO
aslg_pc12:02c93aa31240fa827eff,X-WE CAN DESC-NOT HAVE ADMINISTRATION DESC-MULTIANNUAL PROGRAM OUTSIDE COMMISSION .,we cannot have administration of multiannual programmes outside the commission .,12,10,0.545455,OUTSIDE
aslg_pc12:52a2d5e13e8c531c67a5,INTERNET CRIME COMMIT AGAINST CHILD BE DESC-PARTICULARLY DESC-SERIOUS .,internet crime committed against children is particularly serious .,10,8,0.555556,CHILD
aslg_pc12:3ed1296d61bee509828a,"X-I WOULD HAVE DESC-MUCH PREFER X-IT TO HAVE GO DESC-FURR , BEYOND REALM TOKENISM .","i would have much preferred it to have gone further , beyond the realms of tokenism .",17,15,0.571429,GO
aslg_pc12:96287b9896b60286037a,"IN MOST CASE , OWNER BE MAN , WHILE ANY WOMAN BE REGARD AS DESC-UNPAID FAMILY WORKER .","in most cases , the owner is a man , while any women are regarded as unpaid family workers .",16,17,0.6,WOMAN
aslg_pc12:d59fc182ab564f35e766,"X-WE BE DESC-ONCE DESC-AGAIN GO TO ASK CHINESE , INDIAN AND RUSSIAN GOVERNMENT TO EXERT X-Y INFLUENCE .","we are once again going to ask the chinese , indian and russian governments to exert their influence .",20,17,0.647059,GO
aslg_pc12:025d615ac4fd52930900,X-I SAY X-WE CAN DESC-NOT GO ON AS IF X-IT BE BUSINESS AS DESC-USUAL .,i said we cannot go on as if it is business as usual .,19,13,0.6,GO
aslg_pc12:6e1c9bbfde7a795433df,MEMBER POLISH DESC-NATIONAL PARLIAMENT PARK X-HE CAR IN PLACE RESERVE FOR DESC-DISABLED .,a member of the polish national parliament parked his car in a place reserved for the disabled .,15,17,0.642857,CAR|PARK
aslg_pc12:24ac8d749754fb928672,WHAT X-WE BE GO TO PROPOSE BE DESC-SOMEWHAT DESC-UNPRECEDENTED .,what we are going to propose is somewhat unprecedented .,12,9,0.6,GO
aslg_pc12:b44460907ee1b20ce55d,X-Y DESC-SHORT SIGHTEDNESS VISION TAKE X-MY BREATH DESC-AWAY AND WILL DESC-ONLY DO HARM IN DESC-LONG RUN .,their short sightedness of vision takes my breath away and will only do harm in the long run .,22,18,0.777778,RUN
aslg_pc12:8b4913e3ef29fecd16c4,X-IT BE DESC-VITAL AND DESC-IRREPLACEABLE FOOD FOR PLANT LIFE .,it is a vital and irreplaceable food for plant life .,12,10,0.727273,FOOD
aslg_pc12:f76a358e457a767269ef,"DESC-EVEN YESTERDAY , COMMISSION BE DESC-UNABLE TO TELL X-WE WHAT DESC-ADDITIONAL FUND BE TO BE SPEND ON .","even yesterday , the commission was unable to tell us what the additional funds are to be spent on .",20,18,0.666667,YESTERDAY
aslg_pc12:bad1a1cabe3522bb110a,ORGANIZATION WHICH PLAY WITH LIFE DESC-INNOCENT PEOPLE BY ACT BEHIND X-Y DESC-BACK .,an organisation which plays with the lives of innocent people by acting behind their backs .,15,15,0.428571,PLAY
aslg_pc12:c8eeed7a4e343629d1a4,DESC-RE BE 500 000 TONNE NUT STORE BY TURKISH PUBLIC BODY FOR NUT PURCHASE .,there are 500 000 tonnes of nuts stored by the turkish public body for nut purchasing .,13,14,0.5,STORE
aslg_pc12:4b68488e81d00fdb6ceb,PARLIAMENT PLAY X-ITS PART DESC-BACK DESC-N .,parliament played its part back then .,9,6,0.5,PLAY
aslg_pc12:3fb0997188ec9cb97b2a,CHILD NEED X-WE CARE AND PROTECTION AS LEGISLATOR .,children need our care and protection as legislators .,9,8,0.555556,CHILD
aslg_pc12:75a9b6ac58ce152eef32,"DESC-FIRSTLY , BALANCE MUST BE MAINTAIN BETWEEN CHILD X-POSS SECURITY AND DATUM PROTECTION .","firstly , a balance must be maintained between children's security and data protection .",14,12,0.571429,CHILD
aslg_pc12:95bd56c8ef623a480251,X-YOU DO DESC-NOT DECIDE TO GO TO EUROPEAN PARLIAMENT AND TRY TO GET DESC-DEMOCRATIC DECISION OVERTURN DESC-RE .,you do not decide to go to the european parliament and try to get democratic decisions overturned there .,21,18,0.705882,GO
aslg_pc12:691d6193797df39d3feb,HAVE X-YOU DESC-EVER PLAY RUSSIAN ROULETTE ?,have you ever played russian roulette ?,8,6,0.625,PLAY
aslg_pc12:149defd68f0689c39037,"WOMAN AND MAN WHO DO DESC-NOT APPEAR DESC-OFFICIALLY BE X-WE ADVISOR , ASSISTANT AND DESC-ADMINISTRATIVE STAFF .","the women and men who do not appear officially are our advisors , assistants and administrative staff .",19,16,0.5,WOMAN
aslg_pc12:469326219c4cc54942f5,X-WE MUST GO DESC-FURR AND CALL FOR SUSPENSION AGREEMENT IF PRINCIPLE SET OUT BE INFRINGE .,we must go further and call for the suspension of the agreement if the principles set out are infringed .,17,19,0.647059,GO
aslg_pc12:3f962ee059663052e94e,ABOLISH VISA DO DESC-NOT GO DESC-FAR DESC-ENOUGH .,abolishing visas does not go far enough .,10,7,0.5,GO
aslg_pc12:34f6cd0242e380228852,X-IT BE NO DESC-LONGER DESC-POSSIBLE FOR X-I TO GO .,it was no longer possible for me to go .,13,9,0.636364,GO
aslg_pc12:2c77bfd00e7dfb682ccb,"DESC-FURRMORE , X-WE BE GO TO MEET DESC-REGULARLY .","furthermore , we are going to meet regularly .",10,7,0.444444,GO
aslg_pc12:38025944b8ba0c08d885,"MR PRESIDENT , X-YOU EXHORT THAT DESC-RE SHOULD BE MORE WOMAN IN THIS PARLIAMENT .","mr president , you exhorted that there should be more women in this parliament .",15,13,0.666667,WOMAN
aslg_pc12:daa1209ff3b6e96a2a15,DESC-RE BE SHORTAGE DESC-BASIC NECESSITY DESC-SUCH AS DRINKING WATER AND FOOD .,there is a shortage of basic necessities such as drinking water and food .,14,13,0.666667,FOOD
aslg_pc12:75a9b47682a0853ce4e4,WHAT HOPE HAVE DESC-POOR AND WORK PEOPLE OUTSIDE BORDER EUROPE IN VIEW THAT SITUATION ?,what hope have the poor and working people outside the borders of europe in view of that situation ?,15,18,0.8,OUTSIDE
aslg_pc12:d4b180fbf3403098b2c6,"VIOLATION HAVE BE IDENTIFY , REVEAL , INCLUDE FOR EXAMPLE IN CLOSE ESTABLISHMENT ACCOMMODATE CHILD AND DESC-ELDERLY PEOPLE .","violations have been identified , revealed , including for example in closed establishments accommodating children and elderly people .",17,16,0.411765,CHILD
aslg_pc12:9638fede4bff8a7ebd1c,"AT DESC-SAME TIME , X-IT WOULD APPEAR THAT WOMAN BE DESC-JUDICIAL SYSTEM X-POSS DESC-FAVORITE VICTIM .","at the same time , it would appear that women are the judicial system's favourite victims .",19,15,0.5,WOMAN
aslg_pc12:c9b244736e68915f777f,"IF DESC-POLITICISED RAIL SYSTEM RUN RAILWAY DESC-BETTER , SE THING WOULD DESC-NOT HAPPEN .","if the politicised rail system ran the railways better , these things would not happen .",15,14,0.615385,RUN
aslg_pc12:1cceb3be9221a6209774,"DESC-RE BE DESC-OFTEN DESC-PSYCHOLOGICAL SIDE TO X-IT , AND X-WE SHOULD ALL PLAY X-WE PART IN THAT .","there is often a psychological side to it , and we should all play our part in that .",22,17,0.764706,PLAY
aslg_pc12:6724dc7748c9e7b77ce0,FACT THAT DESC-CURRENT PARLIAMENT BE APPROACH END X-ITS MANDATE HAVE DESC-UNDOUBTEDLY PLAY PART .,the fact that the current parliament is approaching the end of its mandate has undoubtedly played a part .,16,18,0.6,PLAY
aslg_pc12:eaf6e8fb2d31f1797339,DESC-CURRENTLY DESC-LARGEST PROPORTION GO TO DESC-BIG OWNER AND TO PRODUCER .,currently the largest proportion goes to big owners and to producers .,13,11,0.6,GO
aslg_pc12:58a6b39d3256e05637af,"DESC-FIRST ALL , DESC-RE BE NO POINT IN TRY TO SOLVE YESTERDAY X-POSS PROBLEM .","first of all , there is no point in trying to solve yesterday's problems .",16,13,0.466667,YESTERDAY
aslg_pc12:3f287332b968f277f907,"IN THIS WAY , WOMAN WOULD HAVE DESC-EFFICIENT TOOL FOR CONTRIBUTE TO DEVELOPMENT ECONOMY .","in this way , women would have an efficient tool for contributing to the development of the economy .",14,17,0.785714,WOMAN
aslg_pc12:e303aebb5e13536bf231,"BY X-MY VOTE , X-I DESC-CERTAINLY DO DESC-NOT WISH TO DENY ROLE THAT EUROPE HAVE TO PLAY DESC-INTERNATIONALLY .","by my vote , I certainly did not wish to deny the role that europe has to play internationally .",22,18,0.777778,PLAY
aslg_pc12:aa2d5da67e736a90d263,DESC-FORTUNATELY IN X-WE RESOLUTION X-WE RECOGNIZE THAT CHINA HAVE ROLE TO PLAY .,fortunately in our resolution we recognised that china has a role to play .,15,13,0.692308,PLAY
aslg_pc12:21dd38798383b14c7212,"THIS RAISE ISSUE CHILD , AND AGE AT WHICH CHILD X-POSS FINGERPRINT CAN BE TAKE .","this raises the issue of children , and the age at which children's fingerprints can be taken .",15,16,0.571429,CHILD
aslg_pc12:617f38f3b1400e1dabe8,BE X-WE DO DESC-ENOUGH TO PROTECT X-OURSELVES AND X-WE CHILD ?,are we doing enough to protect ourselves and our children ?,14,10,0.545455,CHILD
aslg_pc12:859b0e7bfd5b0b81a552,POLLUTER PAY PRINCIPLE PREVENT PROFIT GO INTO DESC-PRIVATE HAND WHILE DAMAGE BE PAY FOR BY SOCIETY .,the polluter pays principle prevents profits going into private hands while the damage is paid for by society .,17,18,0.5625,GO
aslg_pc12:a123ee09335029c03dd7,"MR PRESIDENT , DISTINGUISH MEMBER PARLIAMENT , THIS COMMISSION HIT GROUND RUN .","mr president , distinguished members of parliament , this commission hit the ground running .",10,12,0.7,RUN
aslg_pc12:a3cd301069b2f7fffa04,WHAT BE GO ON IN DELHUS ?,what is going on in delhi ?,6,6,0.5,GO
aslg_pc12:b21a354857e683fc8402,"IN DESC-NORMAL SOCIETY , RIGHTS AND DUTY GO HAND IN HAND .","in a normal society , rights and duties go hand in hand .",11,11,0.777778,GO
aslg_pc12:61eb7a5d14324b1cc472,ELECTROMOBILITY MUST PLAY KEY ROLE IN FUTURE .,electromobility must play a key role in future .,7,8,1.0,PLAY
aslg_pc12:4a84cc95e85cedfb22b0,"COMMISSION SET DESC-GREAT STORE BY DESC-COMPLETE , DESC-CORRECT APPLICATION DIRECTIVE .","the commission sets great store by the complete , correct application of the directive .",12,13,0.8,STORE
aslg_pc12:244605b755b60a09d9f2,"THIS BE KEY ASPECT FOR DESC-STRATEGIC INVESTOR , DESC-SUCH AS THOSE IN CAR MARKET .","this is a key aspect for strategic investors , such as those in the car market .",15,15,0.785714,CAR
aslg_pc12:a6789323aa72d5554d0f,"X-WE DESC-FIFTH CORE ME , DESC-FINALLY , BE ABOUT INVOLVE PEOPLE .","our fifth core theme , finally , is about involving people .",12,9,0.454545,ME
aslg_pc12:e2593fac550ab7f2fcfd,"ON SUBJECT RESOLUTION , X-MY GROUP DISCUSS THIS DESC-AGAIN YESTERDAY EVENING .","on the subject of the resolution , my group discussed this again yesterday evening .",12,13,0.75,YESTERDAY
aslg_pc12:3061902558afcd9a190e,"IN SLAUGHTERHOUSE , OFFICIAL INSPECTOR PERFORM FOOD SAFETY CONTROL , DESC-MAINLY ON CARCASS .","in slaughterhouses , official inspectors perform food safety controls , mainly on carcasses .",12,11,0.583333,FOOD
aslg_pc12:57119d59e3b2399083a6,DESC-SAME HOLD DESC-TRUE FOR CHILD .,the same holds true for children .,7,6,0.5,CHILD
aslg_pc12:e80d67758b07aee05443,"E MR PRESIDENT , EUROPE 2020 AND DESC-ELECTRIC CAR .","es mr president , europe 2020 and the electric car .",8,8,0.75,CAR
aslg_pc12:250779c79858e1cd336c,"X-I BE GO TO MAKE DESC-FEW COMMENT ABOUT SOME TOPIC , START WITH TERRITORIAL COHESION .","i am going to make a few comments about some of the topics , starting with territorial cohesion .",16,17,0.5625,GO
aslg_pc12:7a25a4e4cb196a8fa74a,"X-IT BE FOR SOCIETY AS WHOLE , DESC-REBY BENEFIT BOTH WOMAN AND MAN , AND DESC-ALSO FAMILY .","it is for society as a whole , thereby benefiting both women and men , and also families .",18,16,0.5,WOMAN
aslg_pc12:3ceb897ebbd7f43d894e,X-IT BE DESC-MAINLY DESC-YOUNG PEOPLE AND WOMAN WHO BE AFFECT BY UNEMPLOYMENT .,it is mainly young people and women who are affected by unemployment .,15,12,0.615385,WOMAN
aslg_pc12:4894017aa2a5f6179f71,X-I HAVE TAKE DESC-PARTICULAR INTEREST IN ISSUE CHILD X-POSS RIGHTS IN CONTEXT DESC-FOREIGN RELATION .,i have taken a particular interest in the issue of children's rights in the context of foreign relations .,18,18,0.6,CHILD
aslg_pc12:e48ae6b2bba569db5d18,"DESC-CONSEQUENTLY , DESC-SUCCESSFUL IMPLEMENTATION TREATY LISBON HAVE DESC-CRUCIAL ROLE TO PLAY .","consequently , the successful implementation of the treaty of lisbon has a crucial role to play .",13,15,0.818182,PLAY
aslg_pc12:5506a72018fbb28fd657,X-I ASSUME THAT SWEDISH PRESIDENCY WILL NEED TO GO INTO THIS ISSUE IN DESC-GREATER DEPTH .,i assume that the swedish presidency will need to go into this issue in greater depth .,17,16,0.882353,GO
aslg_pc12:6617640f6ed1af003200,X-I WANT TO UNDERLINE THAT X-I BE GO TO SPEAK AS LAWYER .,i want to underline that I am going to speak as a lawyer .,14,13,0.727273,GO
aslg_pc12:92f42b6d8184e9fbe2b2,X-WE BELIEVE DEVELOPMENT DESC-ELECTRIC CAR TO BE DESC-NECESSARY AS ALTERNATIVE TO VEHICLE THAT USE FOSSIL FUEL .,we believe the development of electric cars to be necessary as an alternative to vehicles that use fossil fuels .,19,19,0.705882,CAR
aslg_pc12:52035254a8882c17ab4d,X-WE HAVE HEAR DESC-MANY TIME IN THIS CHAMBER QUESTION FOOD SECURITY .,we have heard many times in this chamber the question of food security .,13,13,0.692308,FOOD
aslg_pc12:b86e298626a1446d47d6,COULD X-YOU PLEASE HAVE X-YOU DISCUSSION OUTSIDE CHAMBER ?,could you please have your discussion outside of the chamber ?,10,10,0.875,OUTSIDE
aslg_pc12:54ac5beca53b06ce20ba,"SE BE WORTH FIGHT FOR , AND THAT BE DESC-EXACTLY WHAT X-I BE GO TO DO .","these are worth fighting for , and that is exactly what I am going to do .",17,15,0.6,GO
aslg_pc12:2bc919becd09cdaace10,DESC-RE BE LOT WORK GROUP GO ON IN ORDER TO PREPARE FOR DESC-FULL IMPLEMENTATION TREATY .,there are lots of working groups going on in order to prepare for the full implementation of the treaty .,17,19,0.5625,GO
aslg_pc12:f77bdda9d9f12ade0b20,THIS BE DESC-REFORE OBJECTIVE WHICH CAN BE USE TO ACHIEVE SECURITY FOR CHILD .,this is therefore an objective which can be used to achieve security for children .,14,14,0.692308,CHILD
aslg_pc12:4de56b8a7c426b846228,PARLIAMENT HAVE DESC-CLEARLY PLAY X-ITS PART IN THIS .,parliament has clearly played its part in this .,10,8,0.6,PLAY
aslg_pc12:e711db00f794ab8a4d46,X-WE CAN DESC-NOT ACCEPT THAT EU HAVE DESC-APPROXIMATELY 23 MILLION DESC-UNEMPLOYED MAN AND WOMAN .,we cannot accept that the eu has approximately 23 million unemployed men and women .,17,13,0.533333,WOMAN
aslg_pc12:be0ef790c826f8d0cbcd,"PALESTINIAN NEED DESC-URGENT ACCESS TO FOOD , DESC-MEDICAL AID AND SECURITY .","palestinians need urgent access to food , medical aid and security .",12,10,0.818182,FOOD
aslg_pc12:cabb00f8a2ad8c277de8,"X-IT RUN DESC-COUNTER TO DESC-BEST , MOST DESC-NOBLE TRADITION ONE MOST DESC-ANCIENT COUNTRY ON EARTH .","it runs counter to the best , most noble traditions of one of the most ancient countries on earth .",19,18,0.666667,RUN
aslg_pc12:edafe112ae05ba7e6d04,"IF THIS REMAIN DESC-PURELY EUROPEAN STORY , TIME WILL START TO RUN OUT .","if this remains a purely european story , time will start to run out .",13,13,0.846154,RUN
aslg_pc12:16b9c1b29b12a5b11078,"DESC-FINALLY , FOLLOW COMPROMISE HAVE BE ACHIEVE CHILD X-POSS FINGERPRINT BE DESC-OBLIGATORY FROM AGE X-IT BE DESC-VERY DESC-IMPORTANT TO WORK TO IMPROVE SYSTEM AND ENSURE X-ITS RELIABILITY , DESC-PARTICULARLY FOR CHILD PROTECTION .","finally , the following compromise has been achieved children's fingerprints are obligatory from the age of it is very important to work to improve the system and ensure its reliability , particularly for child protection .",38,33,0.714286,CHILD
aslg_pc12:f474a41f0d291f95cae4,ONE THING BE DESC-CERTAIN X-WE CAN DESC-NOT ALLOW REPEAT FOOD RELATE SCANDAL .,one thing is certain we cannot allow a repeat of food related scandals .,15,13,0.5,FOOD
aslg_pc12:68051208c740ec788032,X-WE GO TO ONE DESC-POOREST COMMUNITY AND MEET PASTORALIST FARMER DESC-RE .,we went to one of the poorest communities and met pastoralist farmers there .,14,13,0.461538,GO
aslg_pc12:f7b4c7ad45cdff20d6da,"YESTERDAY , DESC-MANY MEMBER ATTEND SEMINAR X-I ORGANISE , PRESENTATION BY MARINE STEWARDSHIP COUNCIL .","yesterday , many members attended a seminar I organised , a presentation by the marine stewardship council .",14,15,0.642857,YESTERDAY
aslg_pc12:c06ab4228945aac65730,X-WE MUST DESC-REALLY CARE FOR FOOD SECURITY X-WE CONTINENT .,we must really care for the food security of our continent .,12,11,0.8,FOOD
aslg_pc12:b8c60dce414e3b4f6973,"WHEN X-WE APPLY THIS SAY TO WOMAN X-POSS RIGHTS IN AFGHANISTAN , X-WE BE LEAVE WITH DESC-SHOCKING PICTURE .","when we apply this saying to women's rights in afghanistan , we are left with a shocking picture .",21,17,0.611111,WOMAN
aslg_pc12:a2f26a1267ee65ed3ba0,THIS BE WHY X-I DESC-WELCOME ADOPTION THIS REPORT DURING YESTERDAY X-POSS SESSION .,this is why I welcome the adoption of this report during yesterday's session .,15,13,0.615385,YESTERDAY
aslg_pc12:de17cbebc5a57db224e6,MEMBER STATE CAN DESC-ALSO PLAY DESC-IMPORTANT ROLE IN THIS BY PROVIDE SPECIFIC TRAIN TO DESC-LOCAL PUBLIC SERVANT .,the member states can also play an important role in this by providing specific training to local public servants .,20,19,0.722222,PLAY
aslg_pc12:07a98ca8b83f34077b83,"ABOUT THREE YEAR DESC-AGO , FIONA HALL AND X-I GO TO DESC-NORRN KENYA .","about three years ago , fiona hall and I went to northern kenya .",15,12,0.642857,GO
aslg_pc12:80803d25eae4b53a00fc,WORK LIFE BALANCE ADVERTISEMENT HAVE UPSET WORK WOMAN AND GROUP TRY TO ENCOURAGE BREASTFEEDING .,a work life balance advertisement has upset working women and groups trying to encourage breastfeeding .,14,15,0.692308,WOMAN
aslg_pc12:3bb703ba138788d0794f,"ONE SE MEASURE BE TO PROMOTE PEOPLE TO PEOPLE CONTACT THROUGH DESC-ACADEMIC EXCHANGE BETWEEN PUPIL , STUDENT AND SCIENTIST .","one of these measures is to promote people to people contacts through academic exchanges between pupils , students and scientists .",19,19,0.470588,STUDENT
aslg_pc12:4f01c59882a1e57ff432,"DESC-RE BE NO DOUBT , IN THIS REGARD , THAT CHILD BE MOST DESC-VULNERABLE GROUP .","there is no doubt , in this regard , that children are the most vulnerable group .",15,14,0.692308,CHILD
aslg_pc12:3f23840802dc59a77be7,RECOVERY MUST DESC-NOT BE AT EXPENSE X-WE CHILD AND GRANDCHILD .,recovery must not be at the expense of our children and grandchildren .,12,12,0.583333,CHILD
aslg_pc12:b2f596f7b47854e38308,CLOSURE RADIO AND TELEVISION CHANNEL AND DESC-VIOLENT SUPPRESSION STUDENT DEMONSTRATION SPEAK TOTALITARIAN REGIME .,the closure of radio and television channels and the violent suppression of student demonstrations speak of a totalitarian regime .,14,19,0.769231,STUDENT
aslg_pc12:f6032b5158c374fd2005,X-WE CAN DESC-NOT ALLOW EUROPE TO BE DESC-INNOCENT VICTIM DESC-CYNICAL POWER PLAY .,we cannot allow europe to be an innocent victim of a cynical power play .,16,14,0.714286,PLAY
aslg_pc12:d462966db9ce10316914,X-WE MUST PUT END TO MASSACRE DESC-STRAY DOG IN ROMANIUM .,we must put an end to the massacre of stray dogs in romania .,12,13,0.666667,DOG
aslg_pc12:3d3ffe457284af514b7d,"WEEK DESC-AGO , DESC-ONLY THREE WOMAN BE DESC-PROSPECTIVE CANDIDATE .","a week ago , only three women were prospective candidates .",11,9,0.555556,WOMAN
aslg_pc12:61d53659e10fcb8e7b75,X-I BELIEVE THAT LEVEL PLAY FIELD BE DESC-IMPORTANT ARGUMENT THAT X-WE HAVE TO FOLLOW .,i believe that a level playing field is an important argument that we have to follow .,17,16,0.733333,PLAY
aslg_pc12:5d06d8e7079c1af54bcf,"BOTH SE PEOPLE KNOW THAT IF X-Y DO GO TO AUTHORITY , X-Y WILL BE DEPORT .","both of these people know that if they do go to the authorities , they will be deported .",17,17,0.666667,GO
aslg_pc12:ff7ab52cca390c4e7b1b,"THIS CONCERN DESC-NOT DESC-ONLY ANIMAL HEALTH AND FOOD SAFETY , BUT DESC-ALSO DESC-ENVIRONMENTAL STANDARD , PRODUCTION AND ANIMAL WELFARE .","this concerns not only animal health and food safety , but also environmental standards , production and animal welfare .",21,17,0.8125,FOOD
aslg_pc12:1e37982c8dc64d9a11cf,"IN UK , DESC-LAST YEAR DESC-ALONE , 325 CHILD BE IDENTIFY AS BE SUSPECT VICTIM TRAFFICKING .","in the uk , last year alone , 325 children were identified as being suspected victims of trafficking .",15,15,0.538462,CHILD
aslg_pc12:86b720d60e7fdb8a5a29,"ON DESC-OR HAND , X-IT WOULD SEEM THAT STT BE GO DESC-WELL .","on the other hand , it would seem that the stt is going well .",14,13,0.615385,GO
aslg_pc12:23b4ecaec35c9c3477db,DATUM WILL BE DESC-ARBITRARILY STORE FOR DESC-FULL FIVE YEAR .,the data will be arbitrarily stored for a full five years .,11,11,0.6,STORE
aslg_pc12:ec3a85a3d7b5870dfe71,CONTAMINATION FOOD CHAIN IN AREA DESC-DIRECTLY AFFECT BE DESC-LONG TERM .,the contamination of the food chain in the areas directly affected was long term .,12,14,0.636364,FOOD
aslg_pc12:ae394a0934cb247d7c67,COUNCIL BE GO TO TAKE ISSUE DESC-EXTERNAL ACTION SERVICE DESC-FORWARD .,the council is going to take the issue of the external action service forward .,12,14,0.727273,GO
aslg_pc12:aa70f08f259574a1f55a,X-WE AGREE THAT DESC-CIVIL SOCIETY PLAY DESC-IMPORTANT ROLE IN EUROPEAN INTEGRATION .,we agree that civil society plays an important role in european integration .,14,12,0.769231,PLAY
aslg_pc12:49241c4bb200acc556bf,"YESTERDAY MORNING , X-I SPEAK TO BARONESS ASHTON DESC-PERSONALLY ABOUT THIS .","yesterday morning , I spoke to baroness ashton personally about this .",12,10,0.75,YESTERDAY
aslg_pc12:466b73e9c623f983d636,WHAT ACTION BE X-WE GO TO TAKE ?,what action are we going to take ?,8,7,0.625,GO
aslg_pc12:ceb6837150b823365204,"DESC-ALSO , WHEN CONSUME AS REPLACEMENT FOOD , X-Y MUST DESC-NOT BE DESC-NUTRITIONALLY DESC-DISADVANTAGEOUS FOR CONSUMER .","also , when consumed as replacement foods , they must not be nutritionally disadvantageous for the consumer .",19,15,0.6875,FOOD
aslg_pc12:3642201822afb8fa4624,SOLICITATION CHILD FOR DESC-SEXUAL PURPOSE SHOULD BE SEE AS CRIME .,the solicitation of children for sexual purposes should be seen as a crime .,11,13,0.636364,CHILD
aslg_pc12:8c5c8cfe353f00afd8d7,"X-YOU DESC-ALSO TELL X-WE THAT ALL AID HAVE BE FREEZE , EXCEPT FOR DESC-HUMANITARIAN AND FOOD AID .","you also told us that all aid had been frozen , except for humanitarian and food aid .",20,16,0.588235,FOOD
aslg_pc12:f00b2fd9b58ce9313c2d,MKO HAVE DESC-TOTALLY ISOLATE ALL MKO MEMBER DESC-LIVE INSIDE AND OUTSIDE CAMP .,the mko has totally isolated all mko members living inside and outside the camp .,14,14,0.583333,OUTSIDE
aslg_pc12:9de3fc70dacff951e615,X-Y DESC-ALSO NEED TO BE IN POSITION TO MAINTAIN DESC-ELECTRIC CAR .,they also need to be in a position to maintain electric cars .,14,12,0.666667,CAR
aslg_pc12:8083fbac71607d7a0032,"NO , X-Y HAVE EXPORT JOB , DESC-SOMETIMES TO DESC-CHEAPER EUROPEAN COUNTRY AND DESC-SOMETIMES OUTSIDE EU DESC-ALTOGER .","no , they have exported jobs , sometimes to cheaper european countries and sometimes outside the eu altogether .",20,16,0.5625,OUTSIDE
aslg_pc12:b49f924af546e09d17d4,"DESC-JUST YESTERDAY , X-WE LEARN UMPTEENTH KILL TRANSGENDER WOMAN IN ANTALYA .","just yesterday , we learned of the umpteenth killing of a transgender woman in antalya .",12,14,0.666667,WOMAN|YESTERDAY
aslg_pc12:f01f695acdca3853bde3,THINK DESC-NOT X-WE DESC-HERE BUT THINK THOSE OUTSIDE .,think not of us here but think of those outside .,11,10,0.666667,OUTSIDE
aslg_pc12:896364f38041a4bdeb88,X-WE THOUGHT CAN DESC-ONLY GO OUT TO X-Y TODAY AS X-Y BE CUT DESC-DOWN IN DESC-PRIME LIFE .,our thoughts can only go out to them today as they were cut down in the prime of life .,23,19,0.666667,GO
aslg_pc12:e045b13a32e5e848fcea,DESC-RE BE DESC-REALLY DESC-SERIOUS IMPLICATION FOR FOOD PRODUCTION IN EU .,there are really serious implications for food production in the eu .,13,11,0.636364,FOOD
aslg_pc12:d63f30946ded53d8fb84,HOW DESC-LONG WILL DATUM BE STORE ?,how long will the data be stored ?,7,7,0.571429,STORE
aslg_pc12:3fae1415c9241b96bb05,INTERNET CHILD PORN WILL NEED TO BE REGULATE IN MEMBER DESC-STATESCRIMINAL LAW .,internet child porn will need to be regulated in the member statescriminal law .,13,13,0.846154,CHILD
aslg_pc12:868f98129625fb59e71f,CAR INDUSTRY BE ANOR GROW PROBLEM .,the car industry is another growing problem .,6,7,0.5,CAR
aslg_pc12:52aab17512f16b8a9b47,"? HUG X-I , KISS X-I AND SAY PLEASE , MAMA , GO !","he hugged me , kissed me and said please , mama , go ! ”",11,10,0.444444,GO
aslg_pc12:836573a137faae8ce9f7,LIBYA HAVE DESC-ESSENTIAL ROLE TO PLAY DESC-HERE .,libya has an essential role to play here .,9,8,0.75,PLAY
aslg_pc12:c350b042f9e06c9a8ec3,ANOR DESC-IMPORTANT ISSUE IN DEBATE BE WHER ECOLABEL MIGHT BE EXTEND TO FOOD .,another important issue in the debate was whether the ecolabel might be extended to food .,14,15,0.692308,FOOD
aslg_pc12:688f820d221dad4502b7,"MR PRESIDENT , IN TIME NEED , X-YOU DISCOVER WHO X-YOU FRIEND BE , AS SAY GO .","mr president , in times of need , you discover who your friends are , as the saying goes .",16,16,0.571429,GO
aslg_pc12:4bc08d68ac5e9b96779c,INCREASE FOOD PRICE IN ACP COUNTRY BE DESC-UNDENIABLE PROOF THIS EFFECT .,the increasing food prices in the acp countries are the undeniable proof of this effect .,12,15,0.583333,FOOD
aslg_pc12:865ef05e2647b1af772e,NOVEL FOOD,novel foods,2,2,0.5,FOOD
aslg_pc12:c681e47ec21c34cc6a7f,"WHAT COUNT BE THAT PEOPLE SHOULD HAVE SUSTAIN ACCESS TO FOOD , WHICH BE DESC-BASICALLY POVERTY QUESTION .","what counts is that people should have sustained access to food , which is basically a poverty question .",17,17,0.75,FOOD
aslg_pc12:2e4d9f38584d4fd7078c,"DESC-HOWEVER , X-WE SHOULD GO DESC-FURR DESC-STILL .","however , we should go further still .",10,6,0.625,GO
aslg_pc12:0aa6f212fb9e279c0bc8,"X-IT HAVE BE SAY THAT IN SWEDEN , THING BE GO DESC-VERY DESC-WELL .","it has been said that in sweden , things are going very well .",15,12,0.461538,GO
aslg_pc12:4cfbdfc6d21090e6b448,PARENT PLAY DESC-SPECIAL ROLE IN PROTECT X-Y CHILD AGAINST DESC-SEXUAL ABUSE .,parents play a special role in protecting their children against sexual abuse .,14,12,0.538462,CHILD|PLAY
aslg_pc12:2389b9665c31476a5679,WHAT BE GO ON IN BEIJ ?,what is going on in beijing ?,6,6,0.5,GO
aslg_pc12:fe08c09c27814b46cb02,X-I THINK THAT X-WE CAN GO DESC-EVEN DESC-FURR IN THIS REGARD .,i think that we can go even further in this regard .,15,11,0.769231,GO
aslg_pc12:5db8d2f030e21970f78b,"REPORT MAKE REPEAT , DESC-WELL KNOW FIND ABOUT MONOPOLY SITUATION THAT HAVE ARISE IN FOOD PROCESSING AND MARKETING .","the report makes repeated , well known findings about the monopoly situation that has arisen in food processing and marketing .",18,19,0.611111,FOOD
aslg_pc12:c5853f9e78880af43bdf,"DESC-ACTUALLY , ALL THING THAT COUNCIL AND COMMISSION HAVE COMMIT X-MSELVES TO BE X-WE RED LINE .","actually , all the things that the council and commission have committed themselves to are our red lines .",18,17,0.529412,RED
aslg_pc12:09be87a0c5fc93f61bb4,"DESC-HOWEVER , REPORT GO ON TO STATE THAT DESC-HISTORICAL RIGHTS SHOULD BE REVIEW .","however , the report goes on to state that historical rights should be reviewed .",14,13,0.769231,GO
aslg_pc12:456936a52deec994796e,"EVERYONE WANT AND DESERVE DESC-BEST DEAL GO , WHER X-Y DESC-LIVE IN LISBON OR LONDON .","everyone wants and deserves the best deal going , whether they live in lisbon or london .",17,15,0.5625,GO
aslg_pc12:5fde6d568a92f202e6d0,X-IT INCLUDE COOPERATION OUTSIDE EU .,it includes cooperation outside the eu .,6,6,0.666667,OUTSIDE
aslg_pc12:09ed637661322ed4fb72,X-I DESC-REFORE DESC-WELCOME THIS DESC-NEW FINANCING INSTRUMENT FOR PEOPLE WHO WANT TO GO SELF EMPLOY .,i therefore welcome this new financing instrument for people who want to go self employed .,19,15,0.764706,GO
aslg_pc12:daa0ce78a7b87547d770,"X-WE BE LOOK INTO THAT , AND X-IT BE DESC-LITTLE OUTSIDE THIS DEBATE .","we are looking into that , and it is a little outside this debate .",15,13,0.692308,OUTSIDE
aslg_pc12:95df5384fac6367e6df6,STATE PLAY SI IUS DEBATE,state of play of sis ii debate,5,7,0.6,PLAY
aslg_pc12:0011b6926712cbd9be38,THIS BE MAKE DESC-POSSIBLE BY DESC-JOINT EFFORT BOTH MAN AND WOMAN .,this was made possible by the joint efforts of both men and women .,13,13,0.5,WOMAN
aslg_pc12:b260935c1fb61f5ab460,REZ FEATURE AMONG TEN MOST DESC-DANGEROUS CITY IN WORLD IN DESC-200YOUNG PEOPLE AND WOMAN BE HIT DESC-HARDEST BY TRAFFICKING AND CONSUMPTION DRUG .,the cities of tijuana and ciudad juárez featured among the ten most dangerous cities in the world in 200young people and women are hit hardest by the trafficking and consumption of drugs .,25,33,0.714286,WOMAN
aslg_pc12:4cb0e77d59f9c52b8b13,X-WE HAVE GO DESC-DOWN DESC-WRONG ROAD DESC-HERE .,we have gone down the wrong road here .,11,8,0.666667,GO
aslg_pc12:a05bb43db961e3f0b5db,LET X-I BE DESC-HONEST X-IT BE DESC-NOT GO TO HAPPEN TOMORROW .,let me be honest it is not going to happen tomorrow .,15,11,0.666667,GO
aslg_pc12:32963ac8ebb49b367aa4,"AT ECOFIN MEETING YESTERDAY , DESC-RE BE DESC-LONG AND INVOLVE DISCUSSION FINANCING ISSUE .","at the ecofin meeting yesterday , there was a long and involved discussion of the financing issue .",14,16,0.692308,YESTERDAY
aslg_pc12:80a2168f48908bbdde7f,"EUROPEAN CAR INDUSTRY , AS X-WE BE ALL DESC-AWARE , SUFFER FROM DESC-CONSIDERABLE OVERCAPACITY .","the european car industry , as we are all aware , suffers from considerable overcapacity .",15,13,0.714286,CAR
aslg_pc12:2ce62db365ecac7f3654,CAR MANUFACTURING WITHIN EU DEPEND UPON REACH STANDARD WHICH CAN FACILITATE DESC-STRONGER DESC-ENVIRONMENTAL RULE .,in writing . car manufacturing within the eu depends upon reaching standards which can facilitate stronger environmental rules .,16,17,0.666667,CAR
aslg_pc12:6ef69901a515b71303cf,"TERRORISM BE CRIME , AND ONE WHICH X-WE CAN DESC-NOT GO DESC-SOFT ON .","terrorism is a crime , and one which we cannot go soft on .",15,12,0.642857,GO
aslg_pc12:619fb438aef5f531ba8a,X-I BELIEVE THAT X-WE MUST GO DESC-FURR .,i believe that we must go further .,10,7,0.666667,GO
aslg_pc12:f857fa9c14725ff14bad,"DESC-SMALL , MEDIUM SIZE AND DESC-ORGANIC FARM MUST SURVIVE AND FOOD SOVEREIGNTY SHOULD BE MAINTAIN .","small , medium sized and organic farms must survive and food sovereignty should be maintained .",16,14,0.714286,FOOD
aslg_pc12:9e41fd8dcb6c69afcd89,"X-WE DESC-ALSO NEED TO ENSURE LEVEL PLAY FIELD , DESC-FAIR COMPETITION AND FUTURE VIABILITY EUROPEAN AGRICULTURE .","we also need to ensure a level playing field , fair competition and the future viability of european agriculture .",18,18,0.823529,PLAY
aslg_pc12:a09cacac56b966b5abb5,"DESC-HOWEVER , PARLIAMENT DO DESC-NOT DESC-EVEN GO HALF WAY TO MEET COUNCIL X-POSS POSITION .","however , parliament did not even go half way to meet the council's position .",17,13,0.666667,GO
aslg_pc12:ff650500b23e8214bcdb,GO DESC-BACK TO REPORT .,go back to the report .,5,5,0.8,GO
aslg_pc12:f833211cfd6d0d3af955,"X-MY THANKS GO TO PARLIAMENT , MR FAVA AND LIBE COMMITTEE .","my thanks go to parliament , mr fava and the libe committee .",11,11,0.909091,GO
aslg_pc12:5f77d853b0475bf5e1ab,"IN THIS DEBATE ON EUROPEAN SUPERVISION , PARLIAMENT HAVE PLAY THIS ROLE .","in this debate on european supervision , parliament has played this role .",11,11,0.8,PLAY
aslg_pc12:4ebab916388a3517ffe9,YESTERDAY X-WE INAUGURATE DESC-SEVENTH TERM EUROPEAN PARLIAMENT .,yesterday we inaugurated the seventh term of the european parliament .,9,10,0.666667,YESTERDAY
aslg_pc12:4704c235dc19c58d9d7f,DESC-MAYBE X-IT BE DESC-NOT DESC-JUST DESC-CERTAIN COW THAT HAVE GO DESC-MAD .,maybe it is not just certain cows that have gone mad .,17,11,0.615385,GO
aslg_pc12:c84cc440f32fe22954ef,EU PLAY GAME IN INTEREST X-ITS DESC-NATIONAL UNDERTAKING AND PROFIT DESC-LARGE CONCERN .,the eu played the game in the interests of its national undertakings and the profits of the large concerns .,15,19,0.5,PLAY
aslg_pc12:178dca345eaf118f534e,"DESC-OR AREA BE GO MORE DESC-SLOWLY , WHICH BE CASE FOR TRADE AND INVESTMENT .","other areas are going more slowly , which is the case for trade and investment .",15,14,0.615385,GO
aslg_pc12:9c39d54138424c7973eb,X-Y HAVE INFERIORITY COMPLEX IN RELATION TO THOSE CHILD WHO HAVE GROW DESC-UP IN DESC-NORMAL FAMILY .,they have inferiority complexes in relation to those children who have grown up in a normal family .,19,17,0.625,CHILD
aslg_pc12:7010e69454744930b957,DESC-SMALL AND MEDIUM SIZE FOOD PROCESSING COMPANY HAVE DESC-ALSO SUFFER DESC-SEVERE CONSEQUENCE .,small and medium sized food processing companies have also suffered severe consequences .,15,12,0.615385,FOOD
aslg_pc12:9b3311d3c3272dc2bb5a,SOME WOMAN BE MURDER DESC-SIMPLY BECAUSE X-Y BE WOMAN .,some women are murdered simply because they are women .,11,9,0.333333,WOMAN
aslg_pc12:c3beaf3cd5c5b935b823,CONSTITUENT MEETING TWO OVERSIGHT BODY BE HOLD YESTERDAY .,the constituent meetings of the two oversight bodies were held yesterday .,8,11,0.5,YESTERDAY
aslg_pc12:6e786538cb7064d04dd1,X-WE WILL DESC-NOW GO ON WITH DEBATE AND DESC-ALSO DEVOTE X-WE DESC-FULL ATTENTION TO X-IT .,we will now go on with the debate and also devote our full attention to it .,21,16,0.875,GO
aslg_pc12:858f1ce6b151ec3a295c,"X-WE DESC-REFORE DO DESC-NOT WANT ANY EUROPEAN STANDARDISATION DESC-ELECTRIC CAR , DESC-NOT DESC-NOW , DESC-NOT DESC-EVER .","we therefore do not want any european standardisation of the electric car , not now , not ever .",22,16,0.785714,CAR
aslg_pc12:223be0e898496c2b5ab5,"IF THIS BE MORE SHADOW BANKING , X-IT BE DESC-NOT GO TO HELP .","if this is more shadow banking , it is not going to help .",14,12,0.692308,GO
aslg_pc12:92df9d37b1693f15a5f9,X-I BE DESC-NOT GO TO REVERT DESC-BACK TO X-MY DESC-INITIAL STATEMENT .,i am not going to revert back to my initial statement .,16,11,0.666667,GO
aslg_pc12:8f21dd4f3aa255a0b34e,"X-HE , DESC-TOO , HAVE PLAY X-HE PART .","he , too , has played his part .",9,6,0.428571,PLAY
aslg_pc12:544d7af9f4f0116932da,"OVER DESC-LAST DECADE , MORE THAN 70 AIRLINE HAVE GO DESC-BANKRUPT , LEAVE TRAVELLER IN DARK .","over the last decade , more than 70 airlines have gone bankrupt , leaving travellers in the dark .",15,15,0.642857,GO
aslg_pc12:085918b62096d7861778,X-I WOULD DESC-VERY DESC-MUCH DESC-WELCOME IF ONE THOSE TOP JOB COULD GO TO WOMAN .,i would very much welcome if one of those top jobs could go to a woman .,18,16,0.8125,GO|WOMAN
aslg_pc12:8442ac407b6f35fa4540,DESC-ELECTRIC CAR BE DESC-IMPORTANT RESOURCE THAT HAVE DESC-ALREADY GAIN DESC-BROAD SUPPORT AND OBTAIN DESC-POSITIVE RESULT .,electric cars are an important resource that have already gained broad support and obtained positive results .,20,16,0.625,CAR
aslg_pc12:f08cf0e95d7756482c88,BUSINESS DESC-EMPHATICALLY DO HAVE ROLE TO PLAY .,business emphatically does have a role to play .,8,8,0.75,PLAY
aslg_pc12:4d7b780d7ee22913b063,HEAD TEACHER BAN X-IT BECAUSE DESC-RE BE CHILD DESC-OR DESC-RELIGIOUS FAITH DESC-PRESENT .,the head teacher banned it because there were children of other religious faiths present .,17,14,0.428571,CHILD|TEACHER
aslg_pc12:44eea6ff5f37dfd60159,"X-WE HAVE AVOID THAT , BUT X-WE MUST DO MORE , X-WE MUST GO DESC-FURR .","we have avoided that , but we must do more , we must go further .",17,13,0.666667,GO
aslg_pc12:5d9f8a56bd434d22289c,HOW CAN X-YOU DESC-STILL CLAIM THAT X-WE WILL BE PLAY LEADERSHIP ROLE ?,how can you still claim that we will be playing a leadership role ?,15,13,0.785714,PLAY
aslg_pc12:01bda9c53f5cf2faf95c,THIS DESC-OPEN DESC-UP MARKET SHOULD GO HAND IN HAND WITH LEVELLING DESC-SOCIAL BAR .,this opening up of the market should go hand in hand with a levelling of the social bar .,16,18,0.846154,GO
aslg_pc12:4cd3e4857e78348825a1,WOMAN IN TURKEY VOTE,women in turkey vote,4,4,0.75,WOMAN
aslg_pc12:46c4e65878e78bd02ba9,"DESC-MOREOVER , X-WE BE GO TO LOOK DESC-FURR DESC-AHEAD .","moreover , we are going to look further ahead .",12,8,0.5,GO
aslg_pc12:e12059d1054e047ae7c4,"X-I COME FROM BAKU YESTERDAY , AND X-WE BE DESC-DEFINITELY DESC-STILL ON COURSE TO FULFIL THIS PROJECT .","i came from baku yesterday , and we are definitely still on course to fulfil this project .",20,16,0.777778,YESTERDAY
aslg_pc12:24888762adc961ec7361,ACCEPT RESTRICTION ON DESC-DIGITAL FREEDOM AND GO AGAINST NET NEUTRALITY BE DESC-NOT DESC-ACCEPTABLE .,accepting restrictions on digital freedoms and going against net neutrality is not acceptable .,16,13,0.571429,GO
aslg_pc12:38773359ae8daa35c54b,X-I BE GO HOME IN MIDDLE NIGHT TO BE DESC-RE FROM DESC-EARLY MORNING .,i am going home in the middle of the night to be there from early morning .,16,16,0.714286,GO
aslg_pc12:639c80430fb80633277e,ONE VICTIM DESC-RECENT DEMONSTRATION BE DESC-ACTUALLY DESC-SOCIALIST STUDENT .,one of the victims of the recent demonstrations was actually a socialist student .,11,13,0.555556,STUDENT
aslg_pc12:b46e0ca6375c00ef8962,ONE FIELD IN WHICH WOMAN BE DESC-HUGELY UNDERREPRESENT BE DESC-SCIENTIFIC RESEARCH .,one of the fields in which women are hugely underrepresented is scientific research .,13,13,0.545455,WOMAN
aslg_pc12:b233ace99bc5d6545681,"DESC-INDEED , X-WE DESC-OFTEN HOLD DISCUSSION DESC-HERE ON FOOD THAT HAVE BE TINKER WITH .","indeed , we often hold discussions here on food that has been tinkered with .",17,13,0.6,FOOD
aslg_pc12:20a863926265a8eb9435,"DESC-WORSE DESC-STILL , DESC-HOWEVER , CREDIBILITY EURO AREA HAVE GO DESC-UP IN SMOKE .","worse still , however , the credibility of the euro area has gone up in smoke .",15,14,0.75,GO
aslg_pc12:5e787f97e7b38886c63b,"X-IT GO ALONG WITH SAVINGS TAX DIRECTIVE , WHICH X-I HOPE WILL DESC-SOON BE ADOPT IN COUNCIL .","it goes along with the savings tax directive , which I hope will soon be adopted in council .",19,17,0.777778,GO
aslg_pc12:84a4275227a5971994d0,"IN DESC-SUCH CIRCUMSTANCE , X-WE MAY DESC-NOT ALLOW WOMAN X-POSS RIGHTS TO BE TAKE DESC-AWAY FROM X-Y .","in such circumstances , we may not allow women's rights to be taken away from them .",22,15,0.611111,WOMAN
aslg_pc12:54a53d1c21dcc5594462,"DESC-ONLY YESTERDAY , SWEDISH PRESIDENCY TABLE DESC-NEW AND DESC-HIGHLY AMEND PROPOSAL FOR STOCKHOLM PROGRAM .","only yesterday , the swedish presidency tabled a new and highly amended proposal for the stockholm programme .",16,16,0.714286,YESTERDAY
aslg_pc12:6deff8067b79231e981f,PUT DESC-ELECTRIC CAR ON MARKET COULD REPRESENT DESC-COMPETITIVE ADVANTAGE FOR EUROPEAN INDUSTRY .,putting electric cars on the market could represent a competitive advantage for european industry .,14,14,0.769231,CAR
aslg_pc12:62e706a02bd77bbd8ac5,"FIGHT TO ELIMINATE VIOLENCE AGAINST WOMAN BE DESC-ALSO , IN X-MY OPINION , DESC-IMPORTANT POINT .","the fight to eliminate violence against women is also , in my opinion , an important point .",16,15,0.733333,WOMAN
aslg_pc12:a175e622b2ca1617f9b8,"THOSE AFFECT BE MOST DESC-OFTEN PEOPLE DESC-LIVE IN VILLAGE AND DESC-SMALL TOWN , AND THIS INCLUDE DESC-MANY CHILD .","those affected are most often people living in villages and small towns , and this includes many children .",21,17,0.529412,CHILD
aslg_pc12:e69f4658ce5696227620,"COURSE , EVERY PARENT WOULD DESC-HAPPILY HAND OVER THAT AMOUNT IF X-IT CONTRIBUTE TO X-Y CHILD X-POSS SAFETY .","of course , every parent would happily hand over that amount if it contributed to their child's safety .",21,17,0.684211,CHILD
aslg_pc12:217e53a30e4e789c0aa4,X-Y SHOULD DESC-ALSO GO SOME WAY TOWARDS FACILITATE DESC-POLITICAL DIALOGUE IN ORDER TO RESTORE PUBLIC CONFIDENCE .,they should also go some way towards facilitating political dialogue in order to restore public confidence .,19,16,0.777778,GO
aslg_pc12:9c36d433cd5c40579905,"DESC-THUS , FOOD QUALITY SCHEME DO DESC-NOT DESC-ONLY PROVIDE CONSUMER DESC-AUNTIC PRODUCT BUT CAN DESC-ALSO SUPPORT DESC-RURAL DEVELOPMENT .","thus , food quality schemes do not only provide consumers authentic products but can also support rural development .",23,17,0.722222,FOOD
aslg_pc12:8663f27718d09452e1e3,"DESC-MANY FLEE INTO SEA IN DESC-MAKESHIFT DINGHY , RUN DESC-CONSIDERABLE RISK DROWN .","many flee into the sea in makeshift dinghies , running the considerable risk of drowning .",14,14,0.666667,RUN
aslg_pc12:35a3663cfb4330c9df68,DESC-RE BE LACK DESC-MEDICAL CARE AND FOOD .,there is a lack of medical care and of food .,9,10,0.625,FOOD
aslg_pc12:89d8852724397f949c6e,DESC-SAME GO FOR DESC-DOMESTIC SECURITY X-WE MEMBER STATE .,the same goes for the domestic security of our member states .,11,11,0.5,GO
aslg_pc12:1ef13359d0cc18dcba07,POSSIBILITY DESC-ALREADY EXIST TODAY FOR MEMBER STATE TO BUY DESC-UP QUOTA .,the possibility already exists today for member states to buy up quotas .,13,12,0.666667,BUY
aslg_pc12:f7e9de542f3338e234b7,IF DESC-ONLY X-WE BE DESC-ABLE TO REDUCE AMOUNT REGULATION GO THROUGH THIS PLACE !,if only we were able to reduce the amount of regulation going through this place !,16,15,0.733333,GO
aslg_pc12:f1878bbd92429435609f,X-WE BE GO TO CONTINUE TO DO THIS .,we are going to continue to do this .,9,8,0.625,GO
aslg_pc12:a28bf529c602e7885148,REPORT DESC-ALSO EMPHASISE THAT WOMAN MUST HAVE ACCESS DESC-FREE CHARGE TO CONSULTATION ON ABORTION .,the report also emphasises that women must have access free of charge to consultation on abortion .,16,16,0.8,WOMAN
aslg_pc12:10f8e9e05b57f32ebaaa,PROMOTION DESC-SPECIFICALLY EUROPEAN DESC-AGRICULTURAL AND FOOD PRODUCT .,the promotion of specifically european agricultural and food products .,9,9,0.75,FOOD
aslg_pc12:80819d9f4aa90d90a3af,DESC-COMMON ME THAT STRETCH ALL WAY DESC-BACK TO DESC-FIRST LOM? CONVENTION BE TRADE .,the common theme that stretches all the way back to the first lomé convention was trade .,16,16,0.714286,ME
aslg_pc12:836c6d597836056e1457,"WOMAN , COMMISSIONER , BE DESC-MAIN VEHICLE FOR PEACE AND RECONSTRUCTION IN COUNTRY .","women , commissioner , are the main vehicle for peace and reconstruction in a country .",12,13,0.75,WOMAN
aslg_pc12:df09dce38cd0bd47ad8e,"IN ADDITION , UNEMPLOYMENT DESC-ALSO PLAY DESC-MAJOR ROLE DESC-INDEPENDENTLY CRISIS .","in addition , unemployment also plays a major role independently of the crisis .",12,12,0.8,PLAY
aslg_pc12:666238f16331d121d517,"BY DESC-SO DO , STUDY BEYOND DESC-NATIONAL BORDER WITH GUARANTEE DESC-ACADEMIC RECOGNITION FOR STUDENT WILL BE ENCOURAGE .","by so doing , study beyond national borders with guaranteed academic recognition for students will be encouraged .",19,16,0.647059,STUDENT
aslg_pc12:5941a81e4d0c6dacbcda,"X-Y PROMOTE DESC-PATRIARCHAL FAMILY , IN WHICH WOMAN X-POSS ROLE REVOLVE AROUND KITCHEN , CRADLE AND CHURCH .","they promote a patriarchal family , in which the woman's role revolves around kitchen , cradle and church .",18,16,0.647059,WOMAN
aslg_pc12:da1042066c08c4c188a1,"DESC-RECENTLY , EQUALITY OPPORTUNITY HAVE BE DESC-INCREASINGLY DESC-STRONG ME IN COMMUNITY DECISION MAKE .","recently , equality of opportunity has been an increasingly strong theme in community decision making .",15,14,0.615385,ME
aslg_pc12:833fbb344884355769eb,X-I SHOULD POINT OUT THAT X-WE BE GO TO VOTE DESC-FIRST ON AMENDMENT .,i should point out that we are going to vote first on the amendments .,16,14,0.666667,GO
aslg_pc12:f3c71494550347f725d6,COMMISSION WILL CONTINUE TO ANALYZE LINK BETWEEN FOOD PRICE AND ENERGY PRICE .,the commission will continue to analyse the link between food prices and energy prices .,12,14,0.818182,FOOD
aslg_pc12:7ef1c7e9de56c675c301,X-I WOULD LIKE TO GO DESC-BACK TO REQUEST FOR SOLIDARITY THAT DESC-MANY X-YOU HAVE MAKE .,i would like to go back to the request for solidarity that many of you have made .,19,17,0.8125,GO
aslg_pc12:bdf9f4d0129f9add279c,X-YOU CAN DESC-NOT BRING IN REGULATION THAT BE DESC-DESTRUCTIVE AND MAKE PIG AND POULTRY FARMER GO OUT BUSINESS .,you cannot bring in regulations that are destructive and make pig and poultry farmers go out of business .,21,18,0.631579,GO
aslg_pc12:7411ef05279bdd3ff9e2,"IN TRANSPOSAL DESC-EIGHTH DIRECTIVE , DESC-TOO , DESC-MANY THING HAVE GO DESC-WRONG .","in the transposal of the eighth directive , too , many things have gone wrong .",14,13,0.727273,GO
aslg_pc12:7b682d64e86323be21d0,X-I THINK THAT WOULD BE DESC-WRONG WAY TO GO .,i think that would be the wrong way to go .,11,10,0.818182,GO
aslg_pc12:0c758a5c267ace21a540,"ON DESC-OR HAND , ONLINE GAME CHANCE BE DESC-OFTEN PLAY OUTSIDE TERRITORY DESC-SINGLE COUNTRY .","on the other hand , online games of chance are often played outside the territory of a single country .",16,18,0.642857,OUTSIDE|PLAY
aslg_pc12:854bb004bf7614cbfcb8,"ACCORD TO DESC-INTERNATIONAL RED CROSS , SHELL HIT PAEDIATRIC DEPARTMENT .","according to the international red cross , the shells hit the paediatric department .",10,12,0.7,RED
aslg_pc12:6bb713ae5d0cddfc025c,"X-WE CONDEMN PHENOMENON , AND DESC-N BELIEVE THAT DESC-SUCH TRAUMA CAN DESC-ONLY HAPPEN TO DESC-OR PEOPLE X-POSS CHILD .","we condemn the phenomenon , and then believe that such trauma can only happen to other people's children .",23,17,0.631579,CHILD
aslg_pc12:46281a5eb545ac8b60c5,X-YOU SHOULD ENSURE THAT EVERYTHING BE IN ORDER BEFORE X-YOU GO TO COPENHAGEN .,you should ensure that everything is in order before you go to copenhagen .,15,13,0.846154,GO
aslg_pc12:7de875e427a2f6ba341e,DESC-SEVERAL THOUSAND WORKER GO ON HUNGER STRIKE TODAY IN ORDER TO ENFORCE X-Y RIGHTS .,several thousand workers went on hunger strike today in order to enforce their rights .,16,14,0.6875,GO
aslg_pc12:1936e4ddecfc0350b910,X-IT GO WITHOUT SAY THAT ANY TRANSFER MUST COMPLY WITH DATUM PROTECTION LEGISLATION AT DESC-NATIONAL AND EUROPEAN LEVEL .,it goes without saying that any transfers must comply with data protection legislation at national and european level .,20,18,0.7,GO
aslg_pc12:e397f3bb6de624063eb3,DESC-VERY DESC-CLEAR MESSAGE SHOULD GO OUT THAT THIS BE EXTORTIONIST .,a very clear message should go out that this is extortionist .,12,11,0.818182,GO
aslg_pc12:3a1473070ce99d2a313b,PIDLUM SET OUT FOR EUROPEAN CAR INDUSTRY . ?,i can fully identify with the outlook that commissioner špidla set out for the european car industry .,7,17,0.857143,CAR
aslg_pc12:73035eadeccb884923c9,ONE MEMBER GIVE EXAMPLE WOMAN WHO DO DESC-NOT WANT TO WEAR BURKHA .,one of the members gave the example of the woman who did not want to wear a burkha .,13,18,0.692308,WOMAN
aslg_pc12:d66a7bd11ac4d4fb2df1,"DESC-REFORE , THIS RESOLUTION DEAL WITH ISSUE WHICH BE OUTSIDE EUROPEAN UNION X-POSS SPHERE COMPETENCE .","therefore , this resolution deals with issues which are outside the european union's sphere of competence .",16,15,0.5,OUTSIDE
aslg_pc12:e7f86264e45785b9f929,THIS DESC-ALSO MEAN THAT SE GUEST SUPERVISOR REFUSE TO TRANSFER POWER TO SUPERVISOR WHO PLAY DESC-FIRST FIDDLE .,this also means that these guest supervisors refuse to transfer powers to supervisors who play first fiddle .,19,17,0.6875,PLAY
aslg_pc12:df2b6d9c625f8dfcace0,"THAT BE SAY , X-I BE DESC-NOT GO TO DESC-EXPRESS OPINION ON DESC-HYPOTICAL REFERENDUM .","that being said , I am not going to express an opinion on a hypothetical referendum .",17,15,0.571429,GO
aslg_pc12:3241db497cc0524a5eef,DESC-RE BE DESC-MASSIVE AMOUNT DESC-UNTREATED DESC-NUCLEAR WASTE BE STORE IN POND BUS VOTE FOR AMENDMENT WHICH BE AIM AT STRENGN THIS PROPOSAL .,there are massive amounts of untreated nuclear waste being stored in pond bi voted for the amendments which were aimed at strengthening this proposal .,26,24,0.52381,STORE
aslg_pc12:8fdda4d9fae126171bcb,"QUALITY LIFE DESC-ALSO MEAN , DESC-HOWEVER , DESC-HEALTHY FOOD .","quality of life also means , however , healthy food .",10,8,0.75,FOOD
aslg_pc12:07ed80820cb9e25b40e6,"DESC-UNFORTUNATELY , WITHIN EUROPEAN UNION THING DO DESC-NOT GO ANY DESC-FURR THAN SE SOAPBOX SPEECH .","unfortunately , within the european union things do not go any further than these soapbox speeches .",17,15,0.666667,GO
aslg_pc12:b219f85b514ba0b309cc,DESC-CIVIL SOCIETY ORGANIZATION DESC-ALSO HAVE DESC-IMPORTANT ROLE TO PLAY IN THIS .,civil society organisations also have an important role to play in this .,14,12,0.833333,PLAY
aslg_pc12:38bdf89cc48f5f6f5685,X-WE MUST KNOW FOR DESC-CERTAIN WHAT BE GO TO HAPPEN DESC-STRAIGHT AFTER EUROPEAN ELECTION .,we must know for certain what is going to happen straight after the european elections .,17,15,0.6875,GO
aslg_pc12:ca0f88c9cb8722bdcc53,DESC-NOW MORE THAN DESC-EVER AGRICULTURE BE PLAY DESC-CENTRAL ROLE IN AREA GROWTH AND DEVELOPMENT .,now more than ever agriculture is playing a central role in the areas of growth and development .,17,17,0.733333,PLAY
aslg_pc12:c671ff94a7393ba51021,LEGISLATION MUST BE DESC-MEANINGFUL TO FARMER AND X-WE MUST DESC-NOT RESTRICT FARMER FROM FOOD PRODUCTION .,legislation must be meaningful to farmers and we must not restrict farmers from food production .,18,15,0.8,FOOD
aslg_pc12:719aac410bc3acdf9918,THIS BE DESC-ONLY DESC-INTERNATIONAL RESEARCH PROGRAM IN WHICH EUROPEAN UNION PLAY LEAD ROLE .,this is the only international research programme in which the european union plays a leading role .,15,16,0.642857,PLAY
aslg_pc12:4639fe4466f95a5b185c,X-WE WANT TO KNOW WHAT X-Y BE AND WHAT X-Y BE GO TO MEAN .,we want to know what they are and what they are going to mean .,17,14,0.636364,GO
aslg_pc12:19d64dcf0a820ad85397,"IN SOME COUNTRY , DESC-ALMOST DESC-THIRD CHILD BE DESC-NOT BEAR IN DESC-TRADITIONAL FAMILY SET DESC-UP .","in some countries , almost a third of children are not born in the traditional family set up .",19,17,0.642857,CHILD
aslg_pc12:c890c84887acd903ea04,TRAFFICKING CHILD AND WOMAN BE FLOURISH .,the trafficking of children and women is flourishing .,6,8,0.333333,CHILD|WOMAN
aslg_pc12:2492e2bcde83430cfe51,"IN ADDITION , INDECENCY OFFENCE INVOLVE CHILD SHOULD FALL WITHIN DESC-EXTRA TERRITORIAL DESC-CRIMINAL LEGISLATION .","in addition , indecency offences involving children should fall within extra territorial criminal legislation .",15,13,0.714286,CHILD
aslg_pc12:ff9399ee2cc713039f18,X-WE HEAR THIS DESC-PARTICULAR ME EVOKE DESC-OFTEN DURING DEBATE .,we heard this particular theme evoked often during the debate .,12,10,0.545455,ME
aslg_pc12:069facac5ed3935aa6d6,"YESTERDAY X-I MEET PENSIONER NAME UGO ROSSUS , RETIRE CRAFTSMAN .","yesterday I met a pensioner named ugo rossi , a retired craftsman .",10,11,0.5,YESTERDAY
aslg_pc12:8da8eeb1d95d12ee4bf1,COMMISSION OPTION PAPER BE DISCUSS WITH MEMBER STATE IN ARTICLE 133 COMMITTEE ON 23 OCTOBER DESC-200 COMMISSION SUGGEST DESC-NOW TO INCLUDE DESC-ONLY THOSE GOODS THAT CONSUMER CAN FIND IN RETAIL STORE .,a commission options paper was discussed with the member states in the article 133 committee on 23 october 200the commission suggests now to include only those goods that consumers can find in retail stores .,31,32,0.703704,STORE
aslg_pc12:694c41ebf8336fc074d2,"YESTERDAY , DESC-PRIME MINISTER ANNOUNCE MEASURE WHICH X-HE HOPE WILL REDUCE DEFICIT .","yesterday , the prime minister announced measures which he hopes will reduce the deficit .",13,13,0.615385,YESTERDAY
aslg_pc12:dbadcdc982604b05aea5,"X-IT BE DESC-OFFICIALLY SAY THAT DESC-READY TO GO PROJECT BE BE FINANCE , BUT SUSPICION HAVE ARISE .","it is officially said that ready to go projects are being financed , but suspicions have arisen .",19,16,0.5,GO
aslg_pc12:ccfa6d384a7cedeaba49,X-I WISH TO APOLOGISE IF X-I RUN OVER X-MY ALLOTTED TWO MINUTE BY DESC-FEW SECONDS .,i wish to apologise if I run over my allotted two minutes by a few seconds .,19,16,0.8125,RUN
aslg_pc12:3a7516c5bf6da90fe345,"WOMAN AND GIRL SUFFER OPPRESSION , DESC-PARTICULARLY IN MUSLIM COUNTRY , WHERE DESC-RE BE UNDERLIE DESC-RELIGIOUS CAUSE .","women and girls suffer oppression , particularly in muslim countries , where there are underlying religious causes .",18,15,0.5,WOMAN
aslg_pc12:1100a011f47691c796f8,GREECE BE GO TO FEEL EFFECT TODAY X-POSS DESC-ECONOMIC COLLAPSE FOR DESC-MANY YEAR TO COME .,greece is going to feel the effects of today's economic collapse for many years to come .,18,16,0.5,GO
aslg_pc12:542011944b98f3334fc1,"WITHOUT THIS , EVERYTHING BE HOLD DESC-BACK AND DESC-EVEN DESC-INTERNATIONAL POLICY RUN RISK EVAPORATE LIKE SMOKE .","without this , everything is held back and even international policy runs the risk of evaporating like smoke .",18,17,0.6875,RUN
aslg_pc12:402b343c1404f15ed887,X-WE MUST STOP THIS DEVELOPMENT FROM GO ANY DESC-FURR DESC-IMMEDIATELY .,we must stop this development from going any further immediately .,13,10,0.666667,GO
aslg_pc12:84bc6b5a128ecd3b360b,"DESC-SIMILARLY , DESC-FISCAL PROBLEM BE DESC-BIGGER IN EURO AREA THAN OUTSIDE X-IT .","similarly , fiscal problems are bigger in the euro area than outside it .",15,12,0.692308,OUTSIDE
aslg_pc12:ee939724f9cb0b1b9b98,X-I DESC-ALSO WISH X-YOU DESC-GOOD FORTUNE AND HAPPINESS IN X-YOU FUTURE ENDEAVOR OUTSIDE PARLIAMENT .,i also wish you good fortune and happiness in your future endeavours outside of parliament .,19,15,0.8,OUTSIDE
aslg_pc12:7ceda695e45826d703d1,X-I HAVE BE CONCERN ABOUT STUDY THAT HAVE BE DESC-RECENTLY PUBLISH ON CHILD MIGRANT .,i have been concerned about the studies that have been recently published on the children of migrants .,16,17,0.428571,CHILD
aslg_pc12:69b7597bc89269c719f3,11.8 % FUND EARMARK FOR UK UNDER COHESION POLICY GO TO DESC-POOREST REGION IN WALE .,11.8 % of funds earmarked for the uk under the cohesion policy go to the poorest regions in wales .,14,17,0.642857,GO
aslg_pc12:4a8bd3ed08c4b9729436,THIS STATE AFFAIR CAN DESC-NOT GO ON .,this state of affairs cannot go on .,8,7,0.5,GO
aslg_pc12:856dd9b894a7e68e8654,ONE TEACHER BE KILL WHILST TRY TO SHIELD PUPIL WITH X-SHE DESC-OWN BODY .,one of the teachers was killed whilst trying to shield a pupil with her own body .,15,16,0.533333,TEACHER
aslg_pc12:090b45dbde8103d64dc5,"GUARANTEE PRODUCERSINCOME DEPEND , ABOVE ALL , ON SAFEGUARD TRANSPARENCY IN FOOD SUPPLY CHAIN .","guaranteeing producersincomes depends , above all , on safeguarding transparency in the food supply chain .",12,13,0.666667,FOOD
aslg_pc12:e49b2e3387bca10623d9,SE DESC-ENVIRONMENTAL AND DESC-OR STANDARD RESTRICTION MAKE CAR MORE DESC-EXPENSIVE .,these environmental and other standard restrictions make cars more expensive .,13,10,0.545455,CAR
aslg_pc12:45f0fe00285bd7700c40,X-WE NEED TO REALIZE THAT X-WE HAVE TO GO DESC-FURR .,we need to realise that we have to go further .,13,10,0.6,GO
aslg_pc12:5c9b71238b91004f90be,X-WE CAN DESC-NOT GO DESC-BACK TO EXTREME DAY DESC-RAMPANT CAPITALISM WORLD OLIVER TWIST !,we cannot go back to the extremes of the days of rampant capitalism the world of oliver twists !,17,18,0.533333,GO
aslg_pc12:830305fd82e2868a6ee9,THIS PROPOSE LEGISLATION DESC-REFORE PLAY DESC-IMPORTANT PART IN DESC-WIDER EU EFFORT TO TACKLE DESC-GLOBAL WARM .,this proposed legislation therefore plays an important part in wider eu efforts to tackle global warming .,19,16,0.625,PLAY
aslg_pc12:7177b757e394bf50a4a3,"DESC-MOREOVER , GREEK FINANCE MINISTER SAY THIS DESC-VERY DESC-CLEARLY YESTERDAY .","moreover , the greek finance minister said this very clearly yesterday .",12,10,0.8,YESTERDAY
aslg_pc12:a549446c0b66ba034e32,FOOD ADDITIVE DESC-OR THAN COLOR AND SWEETENER DESC-BOVINE AND OR PORCINE THROMBIN,food additives other than colours and sweeteners bovine and / or porcine thrombin,14,12,0.636364,FOOD
aslg_pc12:6b72b4ace1341a0c05ea,DESC-RE BE DESC-ALSO DESC-EXTENSIVE FOOD SHORTAGE AT ALL LEVEL POPULATION .,there are also extensive food shortages at all levels of the population .,13,12,0.545455,FOOD
aslg_pc12:9393cced46b707b09583,"DESC-WELL , X-YOU BE DESC-NOT GO TO FIND ANYONE WHO PLACE ORDER WHO WILL DESC-SPONTANEOUSLY ADMIT X-Y GUILT .","well , you are not going to find anyone who places an order who will spontaneously admit their guilt .",22,18,0.666667,GO
aslg_pc12:02cdbcf56e5e85a5087e,X-WE CAN DESC-NOT CONTINUE TO DESC-SIMPLY PLAY MONITORING ROLE .,we cannot continue to simply play a monitoring role .,12,9,0.636364,PLAY
aslg_pc12:0128f503a76eb6d6aab3,EUROPEAN PARLIAMENT WILL HAVE DESC-CRUCIAL ROLE TO PLAY IN COMBATE TRAFFICKING IN DESC-HUMAN BE .,the european parliament will have a crucial role to play in combating trafficking in human beings .,16,16,0.785714,PLAY
aslg_pc12:c82698c155d5111de1de,X-I BE DESC-ALSO GO TO SAY THIS TO FUTURE COMMISSIONER DESC-RESPONSIBLE FOR CLIMATE CHANGE .,i am also going to say this to the future commissioner responsible for climate change .,17,15,0.733333,GO
aslg_pc12:7e9c77fc0b04456eb75b,"PLANT PROTECTION PRODUCT PLAY DESC-IMPORTANT ROLE IN AGRICULTURE , HORTICULTURE , FORESTRY AND GARDENING .","plant protection products play an important role in agriculture , horticulture , forestry and gardening .",13,13,0.846154,PLAY
aslg_pc12:d91cc68c18543e99c4b8,"THIS , COURSE , INCLUDE FIND FOOD FOR NINE BILLION PEOPLE .","this , of course , includes finding food for nine billion people .",9,10,0.777778,FOOD
aslg_pc12:f1192d365e9952cea188,SUBJECT THAT X-WE BE DESC-NOW GO TO DEBATE BE GEORGIUM .,the subject that we are now going to debate is georgia .,12,11,0.545455,GO
aslg_pc12:65f3a34d4637d00d0eae,EMERGENCY COOPERATION IN RECOVER MISS CHILD WRITE DECLARATION SEE MINUTE,emergency cooperation in recovering missing children written declaration see minutes,10,10,0.5,CHILD
aslg_pc12:8a05d970b848f7377837,X-I DESC-ALSO DEPLORE CONTINUE EXPLOITATION PRODUCER BY DESC-MAJOR DISTRIBUTOR WHO DESC-NOW DOMINATE EUROPEAN FOOD MARKET .,i also deplore the continuing exploitation of producers by the major distributors who now dominate the european food markets .,19,19,0.647059,FOOD
aslg_pc12:2f6a3aa9189e33f47826,"MADAM PRESIDENT , OVER DESC-LAST NINE YEAR , DESC-NEARLY 80 AIRLINE HAVE GO DESC-BANKRUPT IN EUROPEAN UNION .","madam president , over the last nine years , nearly 80 airlines have gone bankrupt in the european union .",17,16,0.733333,GO
aslg_pc12:57bc946318bdcad59ac9,"DESC-MOREOVER , EUROPEAN FOREST AND SOIL BE BOTH DESC-INCREDIBLE RESERVOIR COAGRICULTURE HAVE BE AND WILL REMAIN DESC-MAIN SOURCE FOOD DESC-GLOBALLY .","moreover , european forests and soil are both incredible reservoirs of coagriculture has been and will remain the main source of food globally .",23,22,0.722222,FOOD
aslg_pc12:64197987b9e956990cfc,"ON ONE HAND , DESC-NEW PROCESS DO DESC-NOT MEAN GO FOR BREAK .","on the one hand , a new process does not mean going for broke .",13,13,0.666667,GO
aslg_pc12:ecaa5a2efc5a00605d81,MOBILITY SHOULD DESC-ALSO BE KEY COMPONENT TEACHER TRAINING AND DESC-PROFESSIONAL DEVELOPMENT .,mobility should also be a key component of teacher training and professional development .,13,13,0.916667,TEACHER
aslg_pc12:32883a00a098966fd822,X-WE DESC-ALSO GO TO EGYPT .,we also went to egypt .,7,5,0.571429,GO
aslg_pc12:ec711348a0e02f70e40b,FOOD ENZYME VOTE,food enzymes vote,3,3,0.666667,FOOD
aslg_pc12:0323b17faf1fd67d9dbd,X-WE SHOULD IMPROVE REMUNERATION TEACHER AND ENHANCE IMPORTANCE TEACHING PROFESSION .,we should improve the remuneration of teachers and enhance the importance of the teaching profession .,11,15,0.818182,TEACHER
aslg_pc12:3c3554f0b2bffbc7c2c5,"AS X-YOU NO DOUBT KNOW , SEAL BE HUNT BOTH INSIDE AND OUTSIDE COMMUNITY .","as you no doubt know , seals are hunted both inside and outside the community .",14,14,0.714286,OUTSIDE
aslg_pc12:92e0dd51eb358598deed,DESC-RECENTLY X-WE HAVE BE DESC-ABLE TO SEE SPORTSMAN FROM DESC-NORTH KOREA PLAY AT FIFA WORLD CUP .,recently we have been able to see sportsmen from north korea playing at the fifa world cup .,20,17,0.722222,PLAY
aslg_pc12:821ca2759f69dd7641c1,"CONCERN GAS CRISIS , WHAT BE DESC-CURRENT STATE PLAY ?","concerning the gas crisis , what is the current state of play ?",9,11,0.666667,PLAY
aslg_pc12:87492a4db5558ead82b3,"IN X-MY OPINION , THIS DEBATE GO IN DESC-RIGHT DIRECTION .","in my opinion , this debate goes in the right direction .",11,10,0.7,GO
aslg_pc12:05caed4227cd9452808d,"DESC-HOWEVER , X-I WOULD LIKE TO WARN COUNCIL TO LET SLEEP DOG LIE .","however , I would like to warn the council to let sleeping dogs lie .",14,13,0.692308,DOG
aslg_pc12:3ce7e2b2b6b4c1657937,PL X-IT BE WITH DESC-GREAT PAIN THAT X-WE OBSERVE WHAT BE GO ON IN GAZA STRIP .,pl it is with great pain that we observe what is going on in the gaza strip .,19,17,0.764706,GO
aslg_pc12:8ef70792fbd013f09005,"AS EXAMPLE , X-WE CAN CITE WAGE GAP BETWEEN WOMAN AND MAN .","as an example , we can cite the wage gap between women and men .",12,13,0.75,WOMAN
aslg_pc12:67ef571b42c102595743,X-IT BE DESC-NOT DESC-SO DESC-FAR FROM LUXEMBOURG AND X-Y CAN TRAVEL BY CAR WITHOUT ANY PROBLEM .,it is not so far from luxembourg and they can travel by car without any problem .,21,16,0.777778,CAR
aslg_pc12:bfbf4340b0a5f6cb3cda,"IF X-WE REMEMBER THIS , X-WE WILL HAVE DESC-EXCELLENT FUTURE , WITH DESC-SAFE AND DESC-PURE FOOD ORIGINATE DESC-HERE .","if we remember this , we will have an excellent future , with safe and pure food originating here .",22,17,0.823529,FOOD
aslg_pc12:384aea2d22e58b803af6,"DESC-ESSENTIALLY , BARONESS ASHTON , X-WE WANT X-YOU TO PLAY KEY ROLE .","essentially , baroness ashton , we want you to play a key role .",13,11,0.833333,PLAY
aslg_pc12:c07f5bc6bdceee390f04,"DESC-HIGHLY DESC-SENSITIVE GOODS , DESC-SUCH AS DESC-AGRICULTURAL AND FOOD PRODUCT , REQUIRE DESC-EXCEPTIONALLY SOUND APPROACH .","highly sensitive goods , such as agricultural and food products , require an exceptionally sound approach .",18,14,0.857143,FOOD
aslg_pc12:025858e8c3b6a9e7bd36,EUROPEAN UNION CAN PLAY DESC-IMPORTANT ROLE IN THIS SECTOR ON DESC-GLOBAL MARKET .,the european union can play an important role in this sector on the global market .,14,15,0.923077,PLAY
aslg_pc12:c423cf05ef1d6b13c48e,DESC-SURELY X-WE COULD DO DESC-JUST AS DESC-WELL RUN X-WE DESC-OWN AFFAIR IN X-WE DESC-OWN INTEREST ?,surely we could do just as well running our own affairs in our own interest ?,23,15,0.714286,RUN
aslg_pc12:3ae9aa4c5f0a36aaeacb,DESC-BETTER INFORMATION MUST BE PRODUCE ON CHILD X-POSS RIGHTS AND SCHOOLING .,better information must be produced on children's rights and schooling .,13,10,0.615385,CHILD
aslg_pc12:c9ffccc573149fe713cc,"X-I BE THINK , IN DESC-PARTICULAR , ABOUT WOMAN WHO HAVE FALL VICTIM TO SEX SLAVE TRADE .","i am thinking , in particular , about women who have fallen victim to the sex slave trade .",17,16,0.647059,WOMAN
aslg_pc12:a6b36ef9a631e060ba2b,COMMISSION HAVE MAKE DESC-GOOD PROPOSAL AND X-I BELIEVE THAT COUNCIL SHOULD GO ALONG WITH X-Y .,the commission has made good proposals and I believe that the council should go along with them .,18,17,0.647059,GO
aslg_pc12:8255da13316528e930c8,X-WE CAN PUMP FROM THOSE STORAGE AND DISTRIBUTE GAS DESC-EVEN IF DESC-RE BE DESC-ALMOST NO SUPPLY FROM OUTSIDE .,we can pump from those storages and distribute gas even if there is almost no supply from outside .,22,18,0.736842,OUTSIDE
aslg_pc12:c6ef6b77ca06f3113c11,"IN AFRICA , DESC-MANY DESC-YOUNG WOMAN AND GIRL BE VICTIM WAR AND RAPE .","in africa , many young women and girls are victims of war and rape .",14,13,0.583333,WOMAN
aslg_pc12:f23fcc430e12e09405cc,X-IT BE ABOUT TIME X-WE GO DESC-BACK TO X-WE PRINCIPLE DESC-OPEN TRADE TO STIMULATE WORLD ECONOMY .,it is about time we went back to our principle of open trade to stimulate the world economy .,21,18,0.75,GO
aslg_pc12:fabe37bca3a15f362faf,WHAT BE GO ON IN LEBANON ?,what is going on in lebanon ?,6,6,0.666667,GO
aslg_pc12:5caa9c743a5511158480,WHAT BE X-HE GO TO GIVE TO GERMAN ?,what is he going to give to the germans ?,9,9,0.5,GO
aslg_pc12:829f5c4f352c9d51374e,AT HOME X-IT BE STRIKE DESC-DOWN REFERENDUM RESULT WHEN X-Y GO AGAINST CLOSER INTEGRATION .,at home it is striking down referendum results when they go against closer integration .,17,14,0.625,GO
aslg_pc12:87b678727f54ab0aebe5,"IN ADDITION , STUDENT LEARN ABOUT HISTORY .","in addition , students learn about history .",6,6,0.833333,STUDENT
aslg_pc12:c3047db5a321e160a64f,"UNTIL DESC-NOW , CAP HAVE KEEP PRICE DESC-HIGH FOR FOOD WHICH BE DESC-CHEAPER IN DESC-OR COUNTRY .","until now , the cap has kept prices high for foods which are cheaper in other countries .",19,16,0.5,FOOD
aslg_pc12:5a3f9c564581436d76b9,CONCLUSION DRAW BY MR MCGUINESS IN X-SHE REPORT ABOUT DESC-GLOBAL FOOD SECURITY BE DESC-NOW DESC-ALSO DESC-EVIDENT IN ROMANIUM .,the conclusions drawn by mrs mcguiness in her report about global food security are now also evident in romania .,23,19,0.578947,FOOD
aslg_pc12:2dbd57cd7a4dd7bf2d22,"X-IT BE DESC-VERY DESC-EASY TO PLAY HERO IN COFFEE SHOP , MILE AND MILE DESC-AWAY .","it is very easy to play the hero in the coffee shop , miles and miles away .",18,16,0.733333,PLAY
aslg_pc12:d044efe3a648da4bed88,X-I BE DESC-GLAD THAT CHILD FROM AGE 12 YEAR WILL HAVE X-Y DESC-OWN PASSPORT .,i am glad that children from the age of 12 years will have their own passport .,17,15,0.6,CHILD
aslg_pc12:6118cdb4749c2932bda6,COLLEAGUE WANT TO BREAK HAMA WITH DESC-MILITARY MEANS DESC-ALONE GO AND SEE GAZA AND WEST BANK .,colleagues wanting to break hamas with military means alone go and see gaza and the west bank .,18,17,0.75,GO
aslg_pc12:9660471a7c432e5afe15,X-IT DEAL WITH NOVEL FOOD AND DESC-NEW PROCESS FOR MANUFACTURE FOODSTUFF .,it deals with novel foods and new processes for manufacturing foodstuffs .,13,11,0.461538,FOOD
aslg_pc12:fddf1b83a861a83f36b5,X-WE CAN DESC-NOT PROVIDE DESC-SPECIAL PROTECTION FOR CHILD BY TAKE ACTION AT EUROPEAN LEVEL .,we cannot provide special protection for children by taking action at a european level .,17,14,0.625,CHILD
aslg_pc12:af266e372890be52bfc7,"X-WE MUST THINK ABOUT CHILD , COMMISSIONER .","we must think about children , commissioner .",7,6,0.714286,CHILD
aslg_pc12:58a80631855bb105827d,CASE PEOPLE WHO HAVE ARRIVE IN X-WE COUNTRY FROM OUTSIDE EUROPE BE DESC-QUITE DESC-DIFFERENT .,the case of people who have arrived in our countries from outside europe is quite different .,17,16,0.625,OUTSIDE
aslg_pc12:1c30995362cbd8030bf1,CHILD DESC-SUCH DESC-IMMIGRANT BE DESC-ALLEGEDLY AS EUROPEAN AS DESC-INDIGENOUS POPULATION X-Y BE DESC-NOT .,the children of such immigrants are allegedly as european as the indigenous population they are not .,19,16,0.538462,CHILD
aslg_pc12:a30b023d85f697d0cdd2,X-I BE GO TO FOCUS ON THING THAT X-I DISAGREE WITH .,i am going to focus on the things that I disagree with .,13,12,0.636364,GO
aslg_pc12:e20e153edeac817cbb60,MIXTURE RED AND DESC-WHITE WINE IN GUISE ROS? ?,a mixture of red and white wine in the guise of rosé ?,9,12,0.888889,RED
aslg_pc12:91cbe5e42c04d65b7f53,CAN X-WE BE DESC-SURE THAT CHILD X-POSS COT DESC-AVAILABLE ON EUROPEAN MARKET BE DESC-SAFE ?,can we be sure that the children's cots available on the european market are safe ?,19,15,0.666667,CHILD
aslg_pc12:57caf473d77db010ae84,CRISIS IN CAR INDUSTRY BE DESC-NOT DESC-PURELY DESC-ECONOMIC CRISIS .,the crisis in the car industry is not a purely economic crisis .,12,12,0.777778,CAR
aslg_pc12:a7a172ea0ae5e96c37ff,PROGRESS PROGRAM HAVE DESC-NOW BE RUN FOR THREE YEAR AND DESC-OVERALL IMPACT HAVE BE DESC-POSITIVE .,the progress programme has now been running for three years and the overall impact has been positive .,18,17,0.571429,RUN
aslg_pc12:4584f6e8b3fc2408625e,X-I WOULD LIKE TO MAKE X-IT DESC-QUITE DESC-CLEAR THAT NO CHILD SHOULD FAIL BECAUSE DESC-EDUCATIONAL OR LANGUAGE BARRIER .,i would like to make it quite clear that no child should fail because of educational or language barriers .,23,19,0.85,CHILD
aslg_pc12:e78d80f777a996574651,ENERGY EFFICIENCY AND CO2 EMISSION DESC-CLEARLY PLAY DESC-VERY DESC-IMPORTANT ROLE IN THIS .,energy efficiency and co2 emissions clearly play a very important role in this .,15,13,0.846154,PLAY
aslg_pc12:758066d78b5efb569525,X-WE HAVE BE WORK ON PHENOMENON VIOLENCE AGAINST WOMAN FOR YEAR .,we have been working on the phenomenon of violence against women for years .,12,13,0.583333,WOMAN
aslg_pc12:edef165eb69cebc45e19,LAW ON DESC-EQUAL TREATMENT BETWEEN WOMAN AND MAN EXIST IN EVERY MEMBER STATE .,laws on equal treatment between women and men exist in every member state .,14,13,0.714286,WOMAN
aslg_pc12:3e7e6fa32d3165dc33d1,"DESC-HOWEVER , AS BE DESC-SO DESC-OFTEN CASE , SE PLAN FROM EU GO STEP DESC-TOO DESC-FAR .","however , as is so often the case , these plans from the eu go a step too far .",19,17,0.733333,GO
aslg_pc12:3ae502912030766fd5c5,WHEN BE COMMISSION DESC-FINALLY GO TO ACT ?,when is the commission finally going to act ?,8,8,0.625,GO
aslg_pc12:e75b0972082313a408ff,BOTH SYRIUM AND LEBANON HAVE DESC-IMPORTANT ROLE TO PLAY .,both syria and lebanon have an important role to play .,10,10,0.8,PLAY
aslg_pc12:f6288f606e106f933f68,"AS X-WE DEBATE SE DESC-EXTREMELY DESC-SERIOUS MATTER , WOMAN BE BE ASSAULT .","as we debate these extremely serious matters , women are being assaulted .",14,11,0.416667,WOMAN
aslg_pc12:a7d52df5846f11cc55c3,X-WE SHALL DESC-N GO X-WE DESC-SEPARATE WAY .,we shall then go our separate ways .,11,7,0.5,GO
aslg_pc12:dac76ac927e787eb3a0c,"OUTSIDE THIS FRAMEWORK , X-IT WILL DESC-NOT BE DESC-POSSIBLE TO OBTAIN X-WE CONSENT .","outside this framework , it will not be possible to obtain our consent .",16,12,0.785714,OUTSIDE
aslg_pc12:eb3944e7d2a3dc05c6af,FOR DESC-UNDERSTANDABLE REASON X-I HAVE DESC-NOT GO INTO EVERY AMENDMENT .,for understandable reasons I have not gone into every amendment .,13,10,0.666667,GO
aslg_pc12:9de3d772d210defae79b,X-IT GO WITHOUT SAY THAT THIS REPORT MUST DESC-NOT PROVIDE OPPORTUNITY FOR DATUM ABUSE .,it goes without saying that this report must not provide an opportunity for data abuse .,16,15,0.6875,GO
aslg_pc12:21bd8056ed93852c6f20,"NOTHING BE MORE DESC-IMPORTANT THAN HEALTH , WELLBEING AND FUTURE X-WE CHILD .","nothing is more important than the health , wellbeing and future of our children .",13,13,0.615385,CHILD
aslg_pc12:f446abd362f95afbcd2f,BUT DO DESC-NOT THINK X-IT BE GO TO BE DESC-EASY .,but do not think it is going to be easy .,13,10,0.727273,GO
aslg_pc12:19e17681f4dcb405d02b,FAMILY LIFE BE ONE REASON WHY DESC-RE BE MORE DESC-UNEMPLOYED WOMAN THAN MAN .,family life is one of the reasons why there are more unemployed women than men .,15,15,0.538462,WOMAN
aslg_pc12:eb5655491f198b79ef9a,DESC-EQUAL TREATMENT BETWEEN MAN AND WOMAN ENGAGE IN ACTIVITY IN SELF EMPLOY CAPACITY DEBATE,equal treatment between men and women engaged in an activity in a self employed capacity debate,15,16,0.642857,WOMAN
aslg_pc12:d78b075ef99a50c79f66,"MR PRESIDENT , WOMAN REPRESENT HALF EUROPE X-POSS TALENT .","mr president , women represent half of europe's talent .",9,8,0.555556,WOMAN
aslg_pc12:96c096fc42a718c83267,"DESC-FURRMORE , WOMAN BE DESC-STILL DESC-SERIOUSLY UNDERREPRESENT IN DESC-HIGH LEVEL POST IN COMMISSION AND COUNCIL .","furthermore , women are still seriously underrepresented in high level posts in the commission and the council .",18,16,0.571429,WOMAN
aslg_pc12:668942287dc2b41749b6,"PASSIVE SMOKING BE DESC-HUGE PROBLEM , DESC-PARTICULARLY FOR CHILD .","passive smoking is a huge problem , particularly for children .",10,9,0.666667,CHILD
aslg_pc12:10539f08170277be1b09,PARLIAMENT PLAY DESC-FUNDAMENTAL ROLE DESC-HERE AS GUARDIAN DESC-DEMOCRATIC LEGITIMACY DESC-EXTERNAL ACTION .,parliament plays a fundamental role here as a guardian of the democratic legitimacy of external action .,15,16,0.833333,PLAY
aslg_pc12:4540d579f8ca2b59582a,X-I THINK X-IT BE PRESIDENCY THAT STAND INDICT DESC-TONIGHT FOR X-Y ABSENCE .,i think it is the presidency that stands indicted tonight for their absence .,16,13,0.571429,TONIGHT
aslg_pc12:bd13042f93cec2b06e92,TELL CHILD TO TURN THING OFF BE DESC-JUST DESC-NOT SOLUTION .,telling children to turn things off is just not the solution .,12,11,0.545455,CHILD
aslg_pc12:803e4cca93d692c5a426,"E MADAM PRESIDENT , X-I BE GO TO TALK ABOUT RENEW DESC-SOCIAL AGENDA .","es madam president , I am going to talk about the renewed social agenda .",14,13,0.571429,GO
aslg_pc12:be32bfee53e878535899,THIS BE COMMITMENT TO WOMAN TODAY AND DESC-ALSO TO WOMAN FUTURE GENERATION .,this is a commitment to the women of today and also to the women of future generations .,13,17,0.636364,WOMAN
aslg_pc12:8e755089875c2d29d20b,"COMMISSIONER , X-WE CHILD X-POSS SAFETY DEMAND X-WE DESC-PERMANENT ATTENTION .","commissioner , our children's safety demands our permanent attention .",13,8,0.4,CHILD
aslg_pc12:d484b0da13c7181da569,"X-HE BE IN X-MY OFFICE YESTERDAY , AND X-WE HAVE DESC-VERY , DESC-VERY COOPERATIVE RELATIONSHIP .","he was in my office yesterday , and we have a very , very cooperative relationship .",18,14,0.785714,YESTERDAY
aslg_pc12:1223db9c3c40055fc885,"DESC-EVEN THOUGH DEUTSCHE BAHN HAVE BUY TRANSFESA , X-IT BE DESC-STILL HAVE DESC-DIFFICULT TIME .","even though deutsche bahn has bought transfesa , it is still having a difficult time .",17,14,0.642857,BUY
aslg_pc12:7dad107f76e362c93602,X-WE WILL DESC-REALLY NEED PARLIAMENT X-POSS SUPPORT IF X-WE BE TO DESC-SUCCESSFULLY PLAY X-WE PART .,we will really need parliament's support if we are to successfully play our part .,21,14,0.666667,PLAY
aslg_pc12:3846c70771c15cd4ec2e,"IN DESC-PRACTICAL TERM , THIS DATUM MUST BE STORE AND PROCESS IN ACCORDANCE WITH SPECIFIC EUROPEAN LEGISLATION .","in practical terms , this data must be stored and processed in accordance with the specific european legislation .",17,17,0.6875,STORE
aslg_pc12:910bad14c044f9d88ff4,"DESC-WELL STRUCTURE , DESC-PROPERLY FINANCE DESC-COMMON DESC-AGRICULTURAL POLICY MEAN DESC-SAFE , DESC-GOOD QUALITY FOOD FOR EUROPEAN .","a well structured , properly financed common agricultural policy means safe , good quality food for europeans .",20,15,0.666667,FOOD
aslg_pc12:6550155eae433e239a59,"IN DESC-CIVILISED SOCIETY , X-WE MUST PUT SAFETY X-WE CHILD ABOVE EVERYTHING .","in a civilised society , we must put the safety of our children above everything .",14,14,0.75,CHILD
aslg_pc12:58fe6f03332e3e5b1278,WHY BE X-IT PREVENT MEMBER PARLIAMENT FROM GO TO GAZA ?,why is it preventing members of parliament from going to gaza ?,11,11,0.545455,GO
aslg_pc12:2b13f907dbb620854df5,PRESIDENCY COUNCIL HAVE TAKE ROLE THAT X-IT HAVE TO PLAY AT THIS TIME DESC-VERY DESC-SERIOUSLY .,the presidency of the council has taken the role that it has to play at this time very seriously .,18,19,0.75,PLAY
aslg_pc12:211d2ef063768659ef95,DESC-ONLY 3 % SE COMPANY HAVE BOARD HEAD BY WOMAN .,only 3 % of these companies have boards headed by a woman .,9,10,0.444444,WOMAN
aslg_pc12:4c50aaf4a3030f03a2a8,X-I DESC-ALSO AGREE ABOUT IMPORTANCE ROLE THAT X-WE PLAY WITH SE COUNTRY IN DESC-BROADER DESC-INTERNATIONAL QUESTION .,i also agree about the importance of the role that we play with these countries in broader international questions .,21,19,0.722222,PLAY
aslg_pc12:383fc735077260268ee8,DESC-TECHNOLOGICAL DEVELOPMENT AND CUT OUT DESC-UNNECESSARY RED TAPE TO ATTRACT INVESTMENT INTO PORT SECTOR BE DESC-ALSO PRIORITY .,technological development and cutting out unnecessary red tape to attract investment into the port sector are also priorities .,20,18,0.777778,RED
aslg_pc12:ec93400976e2f50b232d,"RO IN ROMANIUM CAR SALE FALL BY HALF BY END DESC-200IN SPECIFIC TERM , X-IT RESULT IN THOUSAND WORKER BECOME DESC-UNEMPLOYED .","ro in romania car sales fell by half by the end of 200in specific terms , it results in thousands of workers becoming unemployed .",23,23,0.473684,CAR
aslg_pc12:be5ecfd700454ed67112,"IN X-MY OPINION , FOOD SECURITY IN EU DEPEND ON FOOD PRODUCTION IN EU .","in my opinion , food security in the eu depends on food production in the eu .",14,15,0.8,FOOD
aslg_pc12:283316ef4a4c8fe9f92d,FOR SOME PART INDUSTRY X-IT DO DESC-NOT GO DESC-FAR DESC-ENOUGH OR X-IT GO DESC-TOO DESC-FAR .,for some parts of the industry it did not go far enough or it went too far .,22,17,0.714286,GO
aslg_pc12:757e3b3ed59ee11d844e,"IN DESC-SIMILAR VEIN , X-IT BE DESC-CRUCIAL TO IMPROVE STATUS WOMAN ENGAGE IN SELF EMPLOY CAPACITY .","in a similar vein , it is crucial to improve the status of women engaged in a self employed capacity .",18,19,0.625,WOMAN
aslg_pc12:937571f96f37d62ebaea,X-WE HAVE DESC-PRODUCTIVE COUNCIL MEETING YESTERDAY .,we had a productive council meeting yesterday .,8,7,0.625,YESTERDAY
aslg_pc12:54166d99c694b2e99e07,"X-SHE BUY BUNCH GREENHOUSE FLOWER , WRAP IN PLASTIC .","she bought a bunch of greenhouse flowers , wrapped in plastic .",9,10,0.555556,BUY
aslg_pc12:2a82c6d61108d1ff5a96,"CHILD BE NEGLECT , DESC-HUNGRY AND DESC-OFTEN DESC-EVEN DO DESC-NOT GO TO SCHOOL .","children are neglected , hungry and often even do not go to school .",16,12,0.692308,CHILD|GO
aslg_pc12:127e5c492335d7a6edef,"DESC-FIRST ALL , X-WE NEED SIMPLIFY ARRANGEMENT AND DESC-LESS RED TAPE .","first of all , we need simplified arrangements and less red tape .",13,11,0.666667,RED
aslg_pc12:aab954ff4596517bc72a,PROTEST BE PUT DESC-DOWN IN DESC-PARTICULARLY DESC-VIOLENT WAY AND PROSECUTION BE DESC-STILL GO ON .,the protests were put down in a particularly violent way and the prosecutions are still going on .,18,17,0.642857,GO
aslg_pc12:ed448291b769d9e3d31a,"DA MR PRESIDENT , TEXTILE INDUSTRY BE GO THROUGH PERIOD DESC-DRAMATIC CHANGE .","da mr president , the textile industry is going through a period of dramatic change .",12,14,0.75,GO
aslg_pc12:c2eb0eb4926ced94b369,X-WE HAVE KEY ROLE TO PLAY DESC-HERE .,the us has a key role to play here .,9,9,0.555556,PLAY
aslg_pc12:d3c0ecdd66b25e21892c,X-YOU HAVE PLAY DESC-IMPORTANT ROLE IN BRING ABOUT THIS PROPOSAL .,you have played an important role in bringing about this proposal .,12,11,0.666667,PLAY
aslg_pc12:6b45eb89d630f86a0f9b,DECIDE THAT AT THIS POINT BE DESC-WRONG WAY TO GO .,deciding that at this point is the wrong way to go .,11,11,0.727273,GO
aslg_pc12:c28b29b3ed2e7d9f953a,X-I DO DESC-NOT WANT TO GO DESC-ANYWHERE .,i do not want to go anywhere .,10,7,0.777778,GO
aslg_pc12:58603130bc9e33fd4113,X-I BE CONVINCE THAT DESC-SUCH DESC-SENSITIVE SECTOR AS FOOD PRODUCTION BE IN DESC-PARTICULAR NEED MARKET INSTRUMENT .,i am convinced that such a sensitive sector as food production is in particular need of market instruments .,20,18,0.705882,FOOD
aslg_pc12:627f26a78ef97fbc023a,X-WE HAVE DESC-NOW HAVE TO TAKE DESC-NEW STEP TOWARDS COMBATE ABDUCTION AND TRAFFICKING CHILD .,we have now had to take new steps towards combating the abduction and trafficking of children .,17,16,0.666667,CHILD
aslg_pc12:009d6f5af3b42e4e28e1,"IF X-WE BE DESC-SUPRANATIONAL , X-WE MUST DESC-ALSO HAVE VISION THAT GO BEYOND THAT X-WE DESC-OWN PARTY .","if we are supranational , we must also have a vision that goes beyond that of our own party .",22,18,0.733333,GO
aslg_pc12:f5917783b9e5ec6d76f7,"IF TURKEY BE CAR , X-IT WOULD DESC-LONG SINCE HAVE FAIL X-ITS MOT .","if turkey were a car , it would long since have failed its mot .",15,13,0.714286,CAR
aslg_pc12:4c1e908da31f849a67e9,X-WE WILL DESC-REFORE KEEP GO .,we will therefore keep going .,7,5,0.428571,GO
aslg_pc12:4751ba8d51a72bdd845c,"IN THIS CONTEXT , COHESION AND DESC-STRUCTURAL FUND SHOULD PLAY X-Y ROLE DESC-ALSO .","in this context , the cohesion and structural funds should play their role also .",15,13,0.714286,PLAY
aslg_pc12:326b8c5b20ed1d837ca1,GOODNESS KNOW WHAT THAT BE GO TO DO TO X-Y .,goodness knows what that is going to do to them .,11,10,0.5,GO
aslg_pc12:c4c3b5d147eccbc086a3,DESC-DANGEROUS GAME BE BE PLAY BETWEEN MINISTER FOR FINANCE AND MINISTER FOR EMPLOYMENT AND DESC-SOCIAL AFFAIR .,a dangerous game is being played between ministers for finance and ministers for employment and social affairs .,18,17,0.615385,PLAY
aslg_pc12:d7d6b1724f46101df891,X-SHE SAY THAT EIGHT TIME WHAT X-WE PUT INTO THOSE COUNTRY GO OUT .,she says that eight times what we put into those countries goes out .,15,13,0.642857,GO
aslg_pc12:d588e248090628d6ea80,"SE BE QUALITY CAR AND QUALITY DRIVER , AND X-WE KNOW THAT THOSE DRIVER BE DESC-VERY DESC-PROFESSIONAL .","these are quality cars and quality drivers , and we know that those drivers are very professional .",19,16,0.571429,CAR
aslg_pc12:a0d7611d5302e16a595b,"DESC-HOWEVER , DESC-MAIN PROTEST BE COME FROM CAR INDUSTRY .","however , the main protests are coming from the car industry .",10,10,0.555556,CAR
aslg_pc12:b732e8690c7b7bef0aa9,FOOD QUALITY AND SAFETY BE AMONG DESC-MAIN CHALLENGE THAT X-WE MUST RESOLVE IN FUTURE .,food quality and safety are among the main challenges that we must resolve in the future .,16,16,0.75,FOOD
aslg_pc12:b3b3e3b949aeaf219380,HOW MARKETING AND ADVERTISING AFFECT EQUALITY BETWEEN WOMAN AND MAN,how marketing and advertising affect equality between women and men,10,10,0.777778,WOMAN
aslg_pc12:ff7357812df3824dfd0a,THIS DESC-ALSO APPLY DESC-PARTICULARLY TO DESC-IMMIGRANT WOMAN .,this also applies particularly to immigrant women .,10,7,0.625,WOMAN
aslg_pc12:57d44db5fe02fcc6df79,X-YOU BE DESC-NOT GO TO DESTROY X-WE ANY MORE .,you are not going to destroy us any more .,12,9,0.545455,GO
aslg_pc12:bc8c37358d34d8de8aff,CARE HAVE BE DOMAIN WOMAN FOR CENTURY .,caring has been the domain of women for centuries .,7,9,0.285714,WOMAN
aslg_pc12:58a4afa11068d13c8935,ISSUE MATERNITY PROTECTION FOR SELF EMPLOY WOMAN AND ASSIST SPOUSE OR RECOGNIZE PARTNER BE DESC-VERY DESC-IMPORTANT .,the issue of maternity protection for self employed women and assisting spouses or recognised partners is very important .,18,18,0.529412,WOMAN
aslg_pc12:9c6922ec29467c74d6b2,DESC-MAIN PROBLEM BE VIOLENCE AND X-WE MUST DESC-VERY DESC-CLEARLY SHOW X-IT RED CARD .,the main problem is violence and we must very clearly show it a red card .,18,15,0.8,RED
aslg_pc12:e27dfb5eb9b81c7ee820,GIVE CHILD CHANCE IN LIFE BE DESC-IMPORTANT MDG .,giving children a chance in life is an important mdg .,9,10,0.555556,CHILD
aslg_pc12:07cbc02086d096ddf945,"COUNTRY HAVE NO WATER , OIL RESERVE BE RUN OUT AND INHABITANT BE GROW DRUG CROP .","the country has no water , oil reserves are running out and the inhabitants are growing drug crops .",15,17,0.5,RUN
aslg_pc12:7279a721bb282a663f65,"X-ITS DESC-WORST FORM BE TRAFFICKING CHILD , WHICH BE DESC-OFTEN LINK TO DESC-SEXUAL ABUSE .","its worst form is the trafficking of children , which is often linked to sexual abuse .",17,15,0.642857,CHILD
aslg_pc12:7d89739a47cadd9fa526,"DESC-SADLY , RESPECT FOR CHILD X-POSS RIGHTS HAVE DESC-NOT DESC-YET BE DESC-UNIVERSALLY ENSURE .","sadly , respect for children's rights has not yet been universally ensured .",17,11,0.5,CHILD
aslg_pc12:cf1cb6845cb9e39799e6,X-WE MUST DESC-ALWAYS STRIVE TO ACHIEVE MAXIMUM POTENTIAL EUROPE X-POSS AGRI FOOD INDUSTRY .,we must always strive to achieve the maximum potential of europe's agri food industry .,16,14,0.733333,FOOD
aslg_pc12:3c5287f3df7d54ed854f,SITUATION WOMAN IN BALKAN,the situation of women in the balkans,4,7,0.5,WOMAN
aslg_pc12:537f06e0300c919c53a6,X-IT FAIL TO REACT IN ANY WAY FOR MONTH AS CRISIS GO ON .,it failed to react in any way for months as the crisis went on .,14,14,0.714286,GO
aslg_pc12:d98257fb1143a99e7442,X-YOU MAY BE DESC-SURE THAT THIS BE GO TO BE DESC-VERY DESC-HIGH ON AGENDA .,you may be sure that this is going to be very high on the agenda .,18,15,0.785714,GO
aslg_pc12:45104645acaee0681c72,"AS X-WE SEE X-IT , X-WE HAVE BE TRY TO CURE SYMPTOM SINCE DESC-200WE HAVE BE ATTEMPT TO SAVE BANK SINCE 2008 , WHEN LEHMAN BROR GO DESC-BANKRUPT .","as we see it , we have been trying to cure the symptoms since 200we have been attempting to save the banks since 2008 , when lehman brothers went bankrupt .",30,27,0.571429,GO
aslg_pc12:01c2ffb3033af8d797fa,"GERMANY , IN DESC-PARTICULAR , HAVE DESC-ALREADY GO DESC-FAR BEYOND DESC-PREVIOUS STIPULATION FROM BRUSSELS .","germany , in particular , has already gone far beyond previous stipulations from brussels .",16,12,0.692308,GO
aslg_pc12:acc2176923738ba85a7f,X-IT BE DESC-IMPORTANT TO MENTION THAT EUROPOL BE PLAY DESC-SUBSTANTIAL ROLE IN FIGHT COUNTERFEITING .,it is important to mention that europol is playing a substantial role in fighting counterfeiting .,17,15,0.666667,PLAY
aslg_pc12:66ba61c285f1caec67c1,"WOMAN BE TO TAKE CARE HOME , CHILD AND DESC-ELDERLY DESC-INSTEAD WORK .","women were to take care of the home , children and the elderly instead of working .",13,15,0.583333,CHILD|WOMAN
aslg_pc12:7b353582c6927fa50e6f,X-I DESC-TOTALLY CONCUR WITH NEED TO GUARANTEE SECURITY FOOD SUPPLY .,i totally concur with the need to guarantee security of food supply .,12,12,0.833333,FOOD
aslg_pc12:ac6f8415711ca52a2ea3,X-WE HOPE THAT X-WE CAN GET THIS OFFICE DESC-UP AND RUN AS DESC-SOON AS DESC-POSSIBLE .,we hope that we can get this office up and running as soon as possible .,20,15,0.8,RUN
aslg_pc12:45132d76834347792fde,WHY DESC-NOT BUY GAS ON UKRAINIAN RUSSIAN BORDER ?,why not buy gas on the ukrainian russian border ?,9,9,0.888889,BUY
aslg_pc12:63271098d94e060c4be1,X-I FEEL THAT X-WE MUST SUPPORT SE CHILD AS X-Y REPRESENT FUTURE EUROPE AND EUROPEAN UNION .,i feel that we must support these children as they represent the future of europe and the european union .,19,19,0.764706,CHILD
aslg_pc12:aec73256167d1c297aab,X-WE BE DESC-CONSTANTLY RECEIVE DESC-CONTRADICTORY INFORMATION ABOUT WHAT DESC-EXACTLY BE GO ON .,we are constantly receiving contradictory information about what exactly is going on .,16,12,0.615385,GO
aslg_pc12:4a49b29b61e4fae52aa0,ELEVEN MILLION CHILD DIE EVERY YEAR IN DEVELOP WORLD .,eleven million children die every year in the developing world .,9,10,0.777778,CHILD
aslg_pc12:b571735685d72b869342,HOW BE X-YOU GO TO DEAL WITH DESC-ILLEGAL FELL ?,how are you going to deal with illegal felling ?,11,9,0.545455,GO
aslg_pc12:675b7c2eb4fc880dd88a,THIS BE ABOUT ENSURE SECURITY EUROPE X-POSS FOOD SUPPLY .,this is about ensuring the security of europe's food supply .,10,10,0.5,FOOD
aslg_pc12:c2711c2b6738faf208e3,X-YOU SAY YESTERDAY AT COMMITTEE HEARING THAT MEMBER STATE CAN DESC-FREELY USE THIS SUM MONEY .,you said yesterday at the committee hearing that member states can freely use this sum of money .,17,17,0.764706,YESTERDAY
aslg_pc12:8e1b40eab56358d20ff3,X-I INVITE THOSE WHO TELL X-YOU DESC-ORWISE TO GO AND SEE WHAT BE GO ON IN THAT COUNTRY .,i invite those who tell you otherwise to go and see what is going on in that country .,21,18,0.789474,GO
aslg_pc12:227ff6b7965097ce6fe5,"DESC-VERY DESC-OFTEN , DESC-HOWEVER , PRODUCT COME FROM DESC-THIRD COUNTRY DO DESC-NOT MEET SE FOOD SAFETY STANDARD .","very often , however , products coming from third countries do not meet these food safety standards .",20,15,0.625,FOOD
aslg_pc12:caa4d34e5fdaacf45acc,"THIS HAVE TEACH X-WE TO FIND DESC-CREATIVE SOLUTION TO NON STANDARD SITUATION , WHICH BE GO TO COME IN DESC-USEFUL .","this has taught us to find creative solutions to non standard situations , which is going to come in useful .",22,19,0.526316,GO
aslg_pc12:8c2ba556bbbdd70a9465,"VIOLENCE AGAINST WOMAN BE DESC-UNACCEPTABLE , DESC-IRRESPECTIVE FORM X-IT TAKE .","violence against women is unacceptable , irrespective of the form it takes .",12,11,0.545455,WOMAN
aslg_pc12:50fdd36f38dcefb099ab,X-WE HAVE COUNTRY THAT HAVE RUN DESC-UP DESC-BIG DEBT .,we have countries that have run up big debts .,12,9,0.6,RUN
aslg_pc12:531923ea991faf583477,"COMMISSION HAVE PLAY X-ITS PART , AND DESC-MANY MEMBER STATE HAVE SEND AID OR TEAM EXPERT .","the commission has played its part , and many member states have sent aid or teams of experts .",17,17,0.5625,PLAY
aslg_pc12:9b2bed84d814e86a5617,NL CAR INDUSTRY BE DESC-VERY DESC-IMPORTANT SECTOR FOR EMPLOYMENT IN BELGIUM .,nl the car industry is a very important sector for employment in belgium .,13,13,0.833333,CAR
aslg_pc12:a91e4405d04ca9270c5c,"MR BROK , COULD X-YOU HAVE X-YOU DISCUSSION OUTSIDE CHAMBER , PLEASE ?","mr brok , could you have your discussion outside of the chamber , please ?",12,12,0.9,OUTSIDE
aslg_pc12:0dbc7c9568759940b9e9,X-I WOULD DESC-ALSO LIKE TO DRAW ATTENTION TO SPECIFIC SITUATION WOMAN .,i would also like to draw attention to the specific situation of the women .,13,14,0.75,WOMAN
aslg_pc12:e9267d5c018bc59dffb2,X-I HAVE RECEIVE PHONE CALL ABOUT X-IT BOTH YESTERDAY AND TODAY .,i have received phone calls about it both yesterday and today .,13,11,0.75,YESTERDAY
aslg_pc12:6d4e65ab0b15c8cc6503,DESC-NOW X-I COULD GO ON BUT X-WE WOULD BE DESC-HERE FOR SOME TIME .,now I could go on but we would be here for some time .,17,13,0.866667,GO
aslg_pc12:018b92cb52c45786434e,"DESC-FOURTH POINT , AND THIS HAVE DESC-ALREADY BE MENTION , BE THAT FOOD SECURITY MUST BE PROTECT .","the fourth point , and this has already been mentioned , is that food security must be protected .",17,16,0.714286,FOOD
aslg_pc12:b364d689890674c9b1eb,"DESC-FIRST ALL , SE EVENT HAVE GIVE X-WE DESC-MUCH FOOD FOR THOUGHT AS REGARD X-WE DESC-STRATEGIC PLAN .","first of all , these events have given us much food for thought as regards our strategic plans .",21,17,0.529412,FOOD
aslg_pc12:4809f96c412fe41f2c5d,MINUTE YESTERDAY X-POSS SIT BE APPROVE,the minutes of yesterday's sitting were approved,7,7,0.0,YESTERDAY
aslg_pc12:77be84f921ea2ee9e169,"IN ACCEPT DESC-NEW CHALLENGE , DESC-COMMON DESC-AGRICULTURAL POLICY MUST MAINTAIN X-ITS CARE FOR DESC-ENVIRONMENTAL VALUE AND FOOD SECURITY .","in accepting new challenges , the common agricultural policy must maintain its care for environmental values and food security .",22,18,0.736842,FOOD
aslg_pc12:a86d591eb11fff7659f5,"SE BE DESC-JUST WORD , DESC-RE BE NO COMMITMENT AND DESC-REFORE X-I BE GO TO KEEP ASK .","these are just words , there are no commitments and therefore I am going to keep asking .",20,16,0.375,GO
aslg_pc12:9b3f05b50d7a19e2d37f,"FOR CENTURY , X-WE FARMER HAVE PRODUCE FOOD WITHOUT KEEP DESC-VAST QUANTITY RECORD .","for centuries , our farmers have produced food without keeping vast quantities of records .",14,13,0.357143,FOOD
aslg_pc12:fb1122d0d850d42e3604,X-IT BE DESC-NOT ABOUT DESC-INSTITUTIONAL GAME THAT BE DESC-NOW TO BE PLAY .,it is not about institutional games that are now to be played .,16,12,0.666667,PLAY
aslg_pc12:967cc04d3408823cfd9c,DESC-ORWISE X-WE RUN RISK FALL PREY TO DESC-ABSURD .,otherwise we run the risk of falling prey to the absurd .,11,11,0.6,RUN
aslg_pc12:d2ab271c96861bd228cb,X-I WOULD DESC-NOT LIKE ANYONE TO GO DESC-AWAY WITH THIS IMPRESSION BIAS .,i would not like anyone to go away with this impression of bias .,15,13,0.857143,GO
aslg_pc12:1977f77f1b3acf23a0dc,DESC-ONLY DESC-N WILL X-IT BE DESC-POSSIBLE THROUGH TARGET DESC-INDUSTRIAL MEASURE TO PLAY PART IN DESC-GRADUALLY ASSIST DESC-ECONOMIC DEVELOPMENT .,only then will it be possible through targeted industrial measures to play a part in gradually assisting economic development .,25,19,0.7,PLAY
aslg_pc12:dfc942e18706b8204f06,EU HAVE DESC-EXTREMELY DESC-IMPORTANT ROLE TO PLAY IN THIS REGARD IN BOTH COUNTRY .,the eu has an extremely important role to play in this regard in both countries .,15,15,0.769231,PLAY
aslg_pc12:52ad5e1ac51572692b60,"X-WE NEED TO MAKE EVERY DESC-POSSIBLE EFFORT TO FIGHT DESC-HUMAN TRAFFICKING , WHICH DESC-MAINLY AFFECT CHILD AND WOMAN .","we need to make every possible effort to fight human trafficking , which mainly affects children and women .",21,17,0.722222,CHILD|WOMAN
aslg_pc12:792ba7fb0218b33d9ea5,SAGAOF MIGRATION FROM SI X-I TO SI X-I X-I HAVE DESC-SIMPLY GO ON FOR DESC-TOO DESC-LONG .,thesagaof migration from sis I to sis ii has simply gone on for too long .,22,15,0.6,GO
aslg_pc12:95703dba995b001b2377,"MR PRESIDENT , X-I SHALL KEEP X-IT BRIEF , AS NERLAND URUGUAY MATCH BE DESC-STILL GO ON .","mr president , I shall keep it brief , as the netherlands uruguay match is still going on .",18,16,0.705882,GO
aslg_pc12:05235b3dd5eb54bbca2d,"IN BELGIUM , RAILWAY BE DESC-SOCIALIST DOMAIN AND BE DESC-BADLY RUN .","in belgium , the railways are a socialist domain and are badly run .",12,12,0.7,RUN
aslg_pc12:e1014bd5d0ad02d324f0,THIS MEAN X-HE DESC-ONLY REQUIRE DESC-THIRD AS DESC-MUCH TIME IN ORDER TO BE DESC-ABLE TO AFFORD THIS FOOD .,this means he only required a third as much time in order to be able to afford this food .,23,19,0.777778,FOOD
aslg_pc12:18b1188d099b1d87a79c,X-IT SHOULD DESC-NOT BE CASE THAT INSURER PRESSURE PATIENT TO GO DESC-ELSEWHERE TO RECEIVE DESC-CHEAP CARE .,it should not be the case that insurers pressure patients to go elsewhere to receive cheap care .,20,17,0.764706,GO
aslg_pc12:8cedf1bdc984ea0931bd,EUROPE HAVE CHOOSE FOOD MODEL TO PROTECT X-ITS POPULATION .,europe has chosen a food model to protect its population .,10,10,0.7,FOOD
aslg_pc12:1d373b75d51280d1184a,THOSE THAT HAVE DESC-FEWER ENTREPRENEUR AND DESC-FEWER PATENT DESC-JUST GO DESC-BACKWARDS .,those that have fewer entrepreneurs and fewer patents just go backwards .,15,11,0.727273,GO
aslg_pc12:39130391b39b196e87a9,"X-IT TOUCH UPON CONFERENCE X-ITSELF BUT X-IT BE , COURSE , SOMETHING THAT GO DESC-MUCH DESC-FURR .","it touches upon the conference itself but it is , of course , something that goes much further .",19,16,0.6,GO
aslg_pc12:e607d3a2d1e68b3528db,NEIR SHOULD DESC-CONSTANT THREAT UNDER WHICH ISRAELI CHILD DESC-LIVE BE ALLOW .,neither should the constant threat under which israeli children live be allowed .,13,12,0.666667,CHILD
aslg_pc12:4a1a4be67660aacf72a4,"DESC-FIRST , COURT GIVE DESC-UNQUALIFIED OPINION ON ACCOUNT FOR DESC-SECOND YEAR RUN .","first , the court gives an unqualified opinion on the accounts for the second year running .",14,15,0.666667,RUN
aslg_pc12:2bba41415d439a777732,X-WE NEED TO MAKE DESC-SIGNIFICANT INVESTMENT IN DESC-LOCAL AGRICULTURE IF X-WE BE TO GUARANTEE FOOD SECURITY .,we need to make a significant investment in local agriculture if we are to guarantee food security .,20,17,0.8125,FOOD
aslg_pc12:3ba051ebd28fedaf1853,DESC-SPECIAL PLACE FOR CHILD IN EU DESC-EXTERNAL ACTION DESC-SHORT PRESENTATION,a special place for children in eu external action short presentation,13,11,0.818182,CHILD
aslg_pc12:88720a08994e1db0f4b1,DESC-CHRISTIAN WRITER AND DESC-ACADEMIC BE HAVE TO GO INTO HIDE .,christian writers and academics are having to go into hiding .,12,10,0.454545,GO
aslg_pc12:d7145c8f973ef0e6554b,WHAT X-WE DESC-REALLY NEED TO DO BE EMPOWER WOMAN .,what we really need to do is empower women .,11,9,0.636364,WOMAN
aslg_pc12:61b68b04f1dc42f88943,"X-WE BE GO TO ABSTAIN ON THIS REPORT AS DESC-WELL , FOR NUMBER REASON .","we are going to abstain on this report as well , for a number of reasons .",15,15,0.666667,GO
aslg_pc12:cfa859bbd3cfcbde82c8,"DESC-DUE TO TIME CONSTRAINT , X-I CAN DESC-NOT DESC-NOW GO INTO ANY DESC-OR POINT .","due to the time constraints , I cannot now go into any other points .",18,13,0.533333,GO
aslg_pc12:f3820667386328e9209a,PRODUCT SPECIFICATION CHAMPAGNE ALLOW BLEND RED AND DESC-WHITE TO PRODUCE ROS? CHAMPAGNE .,the product specification of champagne allows the blending of red and white to produce rosé champagne .,13,16,0.75,RED
aslg_pc12:e577564e1ac5a0ea0713,LET X-WE DESC-NOT FORGET PROBLEM RECRUITMENT AND PROMOTION THAT WOMAN CHILDBEAR AGE DESC-ALREADY FACE .,let us not forget the problems of recruitment and promotion that women of childbearing age already face .,17,17,0.625,WOMAN
aslg_pc12:12224ebe2615cbf64c44,"DESC-NOWHERE BE THAT MORE DESC-IMPORTANT THAN IN DESC-MEDICAL SCIENCE , AND THAT GO , DESC-TOO , FOR DESC-MENTAL HEALTH .","nowhere is that more important than in medical science , and that goes , too , for mental health .",21,16,0.8125,GO
aslg_pc12:717557d93c561775f4d6,TEN THOUSAND DESC-YOUNG WOMAN AND CHILD FROM DESC-NEW MEMBER STATE BECOME VICTIM DESC-HUMAN TRAFFICKING EVERY YEAR .,tens of thousands of young women and children from new member states become victims of human trafficking every year .,19,19,0.588235,CHILD|WOMAN
aslg_pc12:96b48f6db9c0d4d9f35c,AMENDMENT TO AND REDEFINITION DEVELOPMENT TRAN EUROPEAN TRANSPORT NETWORK HAVE BE GO ON FOR YEAR .,amendments to and redefinitions of the development of the trans european transport network have been going on for years .,15,19,0.6,GO
aslg_pc12:1656279715ab850b9b65,X-YOU BE GO TO HAVE DESC-MANY PEOPLE TO DEAL WITH .,you are going to have many people to deal with .,12,10,0.636364,GO
aslg_pc12:23c7f7c66254dbc96c66,"SE ARRANGEMENT DESC-ALSO ENCOMPASS PHD STUDENT , WHO CARRY OUT LION X-POSS SHARE RESEARCH ACTIVITY .","these arrangements also encompass phd students , who carry out the lion's share of research activities .",16,15,0.5,STUDENT
aslg_pc12:70a9e7e2b8f4bab6534b,"NO , WHAT DO X-WE GO AND DO DESC-JUST DESC-NOW ?","no , what did we go and do just now ?",12,9,0.8,GO
aslg_pc12:d60e4af053b522c70caf,"AS X-WE LOOK ON , UKRAINE BE GO THROUGH CRISIS .","as we look on , ukraine is going through a crisis .",10,10,0.7,GO
aslg_pc12:23cd2e3c1b6cc9199f11,WHAT GO FOR AZERBAIJAN SHOULD DESC-CERTAINLY GO FOR MEMBER STATE EUROPEAN UNION AS DESC-WELL .,what goes for azerbaijan should certainly go for a member state of the european union as well .,16,17,0.923077,GO
aslg_pc12:8f2b1ef00fadb1b187a1,DESC-MUCH DESC-VERY DESC-DELICATE WORK BE GO ON .,much very delicate work is going on .,10,7,0.625,GO
aslg_pc12:f024b0e081ccc7df2cc1,"X-I THINK THIS BE GO TO BE DESC-BIG , DESC-PROUD MOMENT !","i thought this was going to be a big , proud moment !",13,11,0.636364,GO
aslg_pc12:f8dcada5350785fe54cd,"WHEN CAMERA HAVE GO , X-WE NEED TO BE DESC-RE .","when the cameras have gone , we need to be there .",11,10,0.545455,GO
aslg_pc12:fbfd65cc478ee9554ba4,X-IT BE DESC-NOT DESC-JUSTIFIED TO BUY INSURANCE AND BUY DESC-UNSEEN INTERVENTION ON RISK ON DESC-PURELY DESC-SPECULATIVE BASIS .,it is not justified to buy insurance and buy unseen interventions on a risk on a purely speculative basis .,23,19,0.764706,BUY
aslg_pc12:7d6f5c0902b7123ea3e4,DESC-MODERN FAMILY POLICY BE ABOUT DESC-EQUAL RESPONSIBILITY MAN AND WOMAN FOR CHILD AND WORK .,modern family policy is about the equal responsibility of men and women for children and work .,16,16,0.642857,CHILD|WOMAN
aslg_pc12:04ef4a42574b755d733e,X-WE HAVE WAIT DESC-HERE DESC-TONIGHT FOR DESC-MANY HOUR TO SPEAK .,we have waited here tonight for many hours to speak .,14,10,0.666667,TONIGHT
aslg_pc12:aa4f2005d958ca3ef745,PARLIAMENT MAKE ALL RUN X-IT MAKE ALL COMPROMISE PROPOSAL .,parliament made all the running it made all the compromise proposals .,10,11,0.5,RUN
aslg_pc12:ef9d91bfb8134e9a3e67,NEK DESC-ALSO VISIT KISHINEV YESTERDAY . MINISTER MIREK TOPOL ?,you perhaps know that czech prime minister mirek topolánek also visited kishinev yesterday .,9,14,0.777778,YESTERDAY
aslg_pc12:85c172dd4ccbfe9e3892,THIS SHOULD BE WARN TO COUNTRY OUTSIDE EUROZONE .,this should be a warning to countries outside the eurozone .,8,10,0.75,OUTSIDE
aslg_pc12:d859bd035037a0ce1b23,THIS BE DESC-NECESSARY STEP IN ORDER TO GET DIALOGUE BETWEEN CHINA AND TIBET GO DESC-AGAIN .,this is a necessary step in order to get the dialogue between china and tibet going again .,17,17,0.8125,GO
aslg_pc12:9f56ea1b060c97ca90c5,WHERE DO MONEY GO ?,where does the money go ?,4,5,0.75,GO
aslg_pc12:8d425b7269d676ddcaf7,IN DESC-CURRENT DESC-ECONOMIC CLIMATE VALUE CONCLUDE DOHA HAVE GO DESC-UP DESC-VERY DESC-SUBSTANTIALLY .,in the current economic climate the value of concluding doha has gone up very substantially .,17,15,0.692308,GO
aslg_pc12:51e1e558fa46cab0f825,X-WE BE DESC-ALSO GO TO SEE STRENGN DESC-NATIONAL DESC-REGULATORY AUTHORITY .,we are also going to see a strengthening of national regulatory authorities .,14,12,0.5,GO
aslg_pc12:f2b42e08713901f9e940,COUNCIL X-ITSELF HAVE DESC-ALREADY TAKE CONCRETE MEASURE TO IMPROVE ACCESS TO STATISTICS ON VIOLENCE AGAINST WOMAN .,the council itself has already taken concrete measures to improve access to statistics on violence against women .,18,17,0.647059,WOMAN
aslg_pc12:208ab6996dfc5c4dd9a2,"X-WE HAVE SOME DESC-LARGE GROUP , WHICH BE GO TO SUPPORT BARROSO COMMISSION .","we have some large groups , which are going to support the barroso commission .",14,13,0.642857,GO
aslg_pc12:9cb8186f9afcb222e8d7,X-I WOULD LIKE TO POINT OUT KEY IMPORTANCE IMPROVE DESIGNATION ORIGIN FOR FOOD .,i would like to point out the key importance of improving designations of origin for foods .,14,16,0.714286,FOOD
aslg_pc12:ba762437a25d1b524af4,STATE PLAY EUROME DESC-FREE TRADE AREA VOTE,the state of play of the euromed free trade area vote,8,11,0.75,PLAY
aslg_pc12:8fcff07b76e08c3c1b3f,"IN DESC-PARTICULAR , X-WE OUGHT TO INCREASE NUMBER STUDENT , TEACHER AND RESEARCHER PARTICIPATE IN MOBILITY PROGRAM .","in particular , we ought to increase the number of students , teachers and researchers participating in mobility programmes .",17,17,0.5625,STUDENT|TEACHER
aslg_pc12:efa58116b9c1a0975ec4,"DESC-REFORE , ECONOMY SHOULD BE WORK TO SUPPORT FAMILY AND WOMAN .","therefore , the economy should be working to support families and women .",11,11,0.545455,WOMAN
aslg_pc12:82210acfe3495f6d407b,"DESC-CLEARLY , CAPITALIST SYSTEM DESC-ONLY CONTAIN MORE AND MORE DISASTER AS X-IT GO INTO DESC-DEEPER CRISIS .","clearly , the capitalist system only contains more and more disasters as it goes into deeper crisis .",19,16,0.6875,GO
aslg_pc12:24ff2101532d950acda1,X-I DO DESC-NOT THINK THAT ONE WHO BE DESC-AFRAID TO PLAY BE DESC-COURAGEOUS .,i do not think that the one who is afraid to play is courageous .,17,14,0.785714,PLAY
aslg_pc12:ac275329bd823bb2e1cb,X-IT HAVE DESC-JUST BE EXPLAIN TO X-WE THAT PARLIAMENT BE GO DESC-TOO DESC-FAR .,it has just been explained to us that parliament is going too far .,18,13,0.5,GO
aslg_pc12:29892d8a797ba6ff0abe,BUT X-YOU BE DESC-WRONG IF X-YOU SAY THAT EU HAVE NO ROLE TO PLAY DESC-HERE .,but you are wrong if you say that the eu has no role to play here .,19,16,0.75,PLAY
aslg_pc12:0798e6f3262d6953d8e3,"LAW NO 108 BAN HIJAB , WHICH GO DESC-MUCH DESC-FURR THAN ANYBODY DESC-ELSE HAVE PROPOSE .","law no 108 bans the hijab , which goes much further than anybody else has proposed .",16,14,0.571429,GO
aslg_pc12:23f0c475b6d82cf15d33,BULGARIUM X-POSS DESC-PRIME MINISTER AND SLOVAKIUM X-POSS DESC-PRIME MINISTER BE GO TO MOSCOW AND KIEV TO NEGOTIATE .,bulgaria's prime minister and slovakia's prime minister are going to moscow and kiev to negotiate .,21,15,0.5,GO
aslg_pc12:b7cba59be50c3fe2661c,WHAT DESC-EXACTLY ARENOVEL FOOD ?,what exactly arenovel foods?,5,4,0.6,FOOD
aslg_pc12:f66f76d53026174d9752,X-WE MUST GO DESC-FURR .,we must go further .,6,4,0.5,GO
aslg_pc12:4238044dcdcc3d3b40ff,"X-WE HAVE BANK THAT ARETOO DESC-BIG TO FAIL , AS CATCHPHRASE GO .","we have banks that aretoo big to fail, as the catchphrase goes .",13,12,0.692308,GO
aslg_pc12:8e7761b96168aa6e5aca,"TO AVOID MISUNDERSTANDING , THIS REPORT DO DESC-NOT ADDRESS DESC-GENETICALLY MODIFY FOOD .","to avoid misunderstanding , this report does not address genetically modified foods .",13,11,0.666667,FOOD
aslg_pc12:c902bda205b1407184c2,X-I BE DESC-ALSO OPINION THAT WOMAN HAVE RIGHTS OVER X-Y DESC-OWN BODY AND HEALTH .,i am also of the opinion that women have rights over their own bodies and health .,18,16,0.625,WOMAN
aslg_pc12:00bf7ec9e5379d161aba,SE DESC-ALSO INCLUDE THOSE PEOPLE REPRESENT AVERAGE WHO SPEND DESC-MANY TIME MORE THAN THIS ON FOOD .,these also include those people representing the average who spend many times more than this on food .,18,17,0.764706,FOOD
aslg_pc12:c7c032a7401b204bfbaa,X-I WOULD LIKE TO EMPHASISE FACT THAT PROD X-I REPORT BE DESC-DEFINITELY GO IN DESC-DIFFERENT DIRECTION .,i would like to emphasise the fact that the prodi report is definitely going in a different direction .,20,18,0.705882,GO
aslg_pc12:56b45f3bed6bf4f9d9ba,OVER 100 APPLICATION FOR APPROVAL NOVEL FOOD HAVE BE MAKE SINCE 1997 AND OVER 20 HAVE BE APPROVE .,over 100 applications for approvals of novel foods have been made since 1997 and over 20 have been approved .,15,16,0.5,FOOD
aslg_pc12:ff12128e482cfbbbac63,X-S WILL DESC-NOW BE DESC-OPEN TO APPLICATION BY DESC-INTERNATIONAL COMPANY OUTSIDE EUROPEAN UNION .,the εμαs will now be open to applications by international companies outside the european union .,17,15,0.733333,OUTSIDE
aslg_pc12:c387946541fd1bdfc190,X-I BE LEAVE DESC-EARLY AND X-YOU BE DESC-ALSO LEAVE DESC-EARLY BECAUSE X-YOU BE GO TO CAMPAIGN .,i am leaving early and you are also leaving early because you are going to campaign .,22,16,0.615385,GO
aslg_pc12:4633522c63006236bad5,"IN THIS CONNECTION , ASYLUM SUPPORT OFFICE WILL HAVE DESC-IMPORTANT ROLE TO PLAY .","in this connection , the asylum support office will have an important role to play .",13,14,0.923077,PLAY
aslg_pc12:7582e23549bf94eb78f9,"THAT WOULD HAVE BE DESC-MUCH MORE DESC-EFFECTIVE IN GET PEOPLE INTO WORK , AND ACTIVITY GO DESC-AGAIN .","that would have been much more effective in getting people into work , and activity going again .",19,16,0.764706,GO
aslg_pc12:0fe0566fc499af0b4ec6,X-I CAN DESC-NOT GO TO ALL X-Y .,i cannot go to all of them .,10,7,0.444444,GO
aslg_pc12:3fdc28e3e108d6fc74d9,"X-I THINK X-WE NEED TO CHANGE MINDSET DESC-NOW IN DESC-ENTIRE FOOD CHAIN , BASE ON THIS EXPERIENCE .","i think we need to change the mindset now in the entire food chain , based on this experience .",20,18,0.833333,FOOD
aslg_pc12:d62cfb7c9a1e178b9b14,"X-WE SHOULD DESC-NOT BE DESC-INDIFFERENT TO DEGRADATION X-WE CHILD , OR TO X-Y PAIN AND HUMILIATION .","we should not be indifferent to the degradation of our children , or to their pain and humiliation .",20,17,0.733333,CHILD
aslg_pc12:1265dd3d8dd090b91546,"FOR EXAMPLE , IN 2004 , POLISH AIRLINE AIR POLONIUM GO DESC-BANKRUPT .","for example , in 2004 , the polish airline air polonia went bankrupt .",10,10,0.7,GO
aslg_pc12:66a6cf3ad37064a227bb,DESC-OVERALL PRODUCTION CAR AND DESC-COMMERCIAL VEHICLE IN EUROPE BE DESC-LIKELY TO FALL BY BETWEEN 20 30 % .,overall production of cars and commercial vehicles in europe is likely to fall by between 20 30 % .,17,15,0.733333,CAR
aslg_pc12:695cfe169362a651e9a7,X-I REGRET FACT THAT REPORT FROM COMMITTEE ON WOMAN X-POSS RIGHTS AND GENDER EQUALITY BE REJECT .,i regret the fact that the report from the committee on women's rights and gender equality was rejected .,18,18,0.705882,WOMAN
aslg_pc12:ea0f7a8e14abdf899584,"TWENTY SIX WOMAN HAVE DIE THIS YEAR IN PORTUGAL DESC-ALREADY , AS VICTIM DESC-DOMESTIC VIOLENCE .","twenty six women have died this year in portugal already , as victims of domestic violence .",16,15,0.733333,WOMAN
aslg_pc12:bebcb2628bf44fbb9f1b,X-WE BE COMMEMORATE TENTH ANNIVERSARY RESOLUTION PASS BY UN TO COMBAT VIOLENCE AGAINST WOMAN .,we are commemorating the tenth anniversary of the resolution passed by the un to combat violence against women .,15,18,0.666667,WOMAN
aslg_pc12:2b4cb81003269b7f3e81,X-WE DESC-STILL HAVE DESC-SAME DESC-OLD PACK PAPER THAT SHOW WHAT BE GO THROUGH DESC-PLENARY THIS WEEK .,we still have the same old pack of paper that shows what is going through plenary this week .,21,18,0.722222,GO
aslg_pc12:d0e29622674875d6359d,DESC-RE BE DESC-ALSO DESC-MANY PROPOSAL TO RE EVALUATE OPERATION CARRY OUT BY BANK OUTSIDE EUROPEAN UNION .,there are also many proposals to re evaluate the operations carried out by the bank outside the european union .,19,19,0.6875,OUTSIDE
aslg_pc12:e815a4e43b606eea95f7,X-HE FAMILY DESC-TOO HAVE LOSE CHILD AND X-Y WORLD DESC-TOO HAVE BE TURN DESC-UPSIDE DESC-DOWN .,his family too have lost a child and their world too has been turned upside down .,21,16,0.533333,CHILD
aslg_pc12:688ebd863ce1fa5f8e3e,"BOTH THOSE BE DESC-CRUCIAL FOR WOMAN , AS DESC-WELL AS FOR DESC-OR GROUP .","both of those are crucial for women , as well as for other groups .",15,13,0.545455,WOMAN
aslg_pc12:2e7a3136f334eaaa69f2,"COMMISSIONER , X-I APPROVE X-YOU DESC-LAST BUT ONE PARAGRAPH ON WHAT CAR INDUSTRY SHOULD BE .","commissioner , I approved your last but one paragraph on what the car industry should be .",17,15,0.75,CAR
aslg_pc12:4725681596320bd99699,X-WE BE TALK ABOUT FOOD FOR EUROPEAN CITIZEN AND INCOME FOR THOSE WHO DESC-LIVE AND MANAGE DESC-RURAL ENVIRONMENT .,we are talking about food for european citizens and incomes for those who live and manage the rural environment .,21,19,0.666667,FOOD
aslg_pc12:ce702deca1727b200b9d,"DESC-HOWEVER , DESC-MANY YEAR WILL GO BY BEFORE THIS DEMAND BE MEET AT DESC-INTERNATIONAL LEVEL .","however , many years will go by before this demand is met at international level .",17,14,0.733333,GO
aslg_pc12:c6b0f89e8e1fff21ebcc,BE X-IT DESC-POSSIBLE TO PROTECT ANIMAL WHICH X-WE BE GO TO KILL ?,is it possible to protect an animal which we are going to kill ?,15,13,0.666667,GO
aslg_pc12:ae415cc9186dc435eff4,"WHY DO X-WE , PARLIAMENT , ALLOW COUNCIL TO RUN RING AROUND X-WE TIME AND DESC-AGAIN ?","why do we , parliament , allow the council to run rings around us time and again ?",17,15,0.8,RUN
aslg_pc12:c91ebe7af784ac947d05,X-YOU DESC-STILL HAVE DESC-VERY DESC-LONG WAY TO GO TO WIN OVER DESC-SOCIALIST AND DESC-SOCIAL DEMOCRAT .,you still have a very long way to go to win over the socialists and the social democrats .,21,18,0.75,GO
aslg_pc12:a0629660cbac0e6a848e,X-WE DESC-ALSO SUPPORT PROPOSAL THAT FOOD PRODUCT EARMARK FOR DISTRIBUTION UNDER PROGRAM COME FROM EUROPEAN UNION .,we also support the proposal that food products earmarked for distribution under the programme come from the european union .,18,19,0.722222,FOOD
aslg_pc12:620ac8ca671efc1c1f92,X-WE NEED TO GO DESC-FURR ALONG THIS ROAD .,we need to go further along this road .,10,8,0.7,GO
aslg_pc12:10208072c057f4f1f378,"PLEASE , LET X-WE DESC-NOT ALLOW SITUATION TO GO TO DOG .","please , let us not allow the situation to go to the dogs .",12,12,0.636364,DOG|GO
aslg_pc12:2cfdb290ae3de4ebf095,WORD COME AND GO DESC-ONLY WRITE WORD REMAIN .,words come and go only the written word remains .,9,9,0.625,GO
aslg_pc12:bf41758fd83b6f3e8faf,WHAT BE X-YOU GO TO DO IN ORDER TO DEFEND EURO DURING CZECH PRESIDENCY ?,what are you going to do in order to defend the euro during the czech presidency ?,15,16,0.785714,GO
aslg_pc12:520d9ae689c6fb28371f,THIS DESC-ALSO GO FOR LEGISLATION TO IMPROVE RIGHTS MINORITY .,this also goes for legislation to improve the rights of minorities .,10,11,0.7,GO
aslg_pc12:b05aab26e8372a212609,OPERATOR MUST ASSUME RESPONSIBILITY THAT COME WITH PROCESSING AND STORE SE DESC-HUGE AMOUNT INFORMATION .,operators must assume the responsibility that comes with processing and storing these huge amounts of information .,15,16,0.6,STORE
aslg_pc12:8f118f7d034244bfd716,X-WE BE DESC-HERE TO JUDGE AND ASSESS DESC-MAIN ME PRESIDENCY AND X-ITS SIX MONTH TENURE .,we are here to judge and assess the main themes of the presidency and its six month tenure .,19,18,0.75,ME
aslg_pc12:daae3d4c038d7e2f1a01,WHAT BE GO ON IN X-WE CONGRESS ?,what is going on in the us congress ?,8,8,0.5,GO
aslg_pc12:61bd88e0f95f2ba5afd8,"THAT WOULD LEAD DESC-ONLY TO FORM LEGALISE DEPORTATION CHILD , WHICH BE DESC-NOT WHAT HAITUS NEED .","that would lead only to a form of legalised deportation of children , which is not what haiti needs .",17,18,0.625,CHILD
aslg_pc12:276979c5c2330f01ef8e,NUMBER AIRLINE HAVE DESC-RECENTLY GO DESC-BANKRUPT IN DESC-RAPID SUCCESSION .,a number of airlines have recently gone bankrupt in rapid succession .,12,11,0.7,GO
aslg_pc12:a855a272d6e12588aca2,"X-IT SHOULD BE REMEMBER THAT DESC-RE BE DESC-ALSO AID PROGRAM FOCUS ON EDUCATION , AGRICULTURE AND FOOD SECURITY .","it should be remembered that there are also aid programmes focusing on education , agriculture and food security .",20,17,0.666667,FOOD
aslg_pc12:820784a91f5729564173,"WOMAN BE SEE TO HAVE DESC-INFERIOR , SUBORDINATE ROLE .","women were seen to have an inferior , subordinate role .",9,9,0.555556,WOMAN
aslg_pc12:e61ee8f870b07aa9a100,"VIOLENCE AGAINST WOMAN CONTINUE TO INCREASE RAPE , SUICIDE , ACID ATTACK AND WOMAN BE BURN .","violence against women continues to increase rapes , suicides , acid attacks and women being burned .",14,14,0.461538,WOMAN
aslg_pc12:a452fb2fd83a25ec6376,DESC-MANY COMPANY USE CHILD LABOR IN SPITE DESC-RELEVANT DESC-LEGAL RESTRICTION .,many companies use child labour in spite of the relevant legal restrictions .,13,12,0.636364,CHILD
aslg_pc12:7b7f04dde4dc9eab4918,X-I THINK MOST DESC-SIGNIFICANT FROM TODAY BE WHAT BE EU X-ITSELF GO TO BE DESC-ABLE TO DO ?,i think most significant from today is what is the eu itself going to be able to do ?,21,18,0.8125,GO
aslg_pc12:cc952df75cd4a3104cab,"AS DESC-OLD SAY GO , X-WE BE AS DESC-STRONG AS X-WE DESC-WEAKEST LINK .","as the old saying goes , we are as strong as our weakest link .",17,13,0.545455,GO
aslg_pc12:d325666d1e0549ace825,DESC-INTERNATIONAL RECOVERY CHILD SUPPORT AND DESC-OR FORM FAMILY MAINTENANCE,international recovery of child support and other forms of family maintenance,11,11,0.7,CHILD
aslg_pc12:a21927a772b4bf0c8d5d,STATE SUBSIDY TO RESCUE CAR INDUSTRY BE DESC-NOT SOLUTION .,state subsidies to rescue the car industry are not the solution .,10,11,0.7,CAR
aslg_pc12:179d70a1bd95caff146b,EUROPEAN UNION MUST PLAY PART IN REFORM AND SUPPORT X-IT .,the european union must play a part in the reform and support it .,11,13,0.909091,PLAY
aslg_pc12:c7c1645ca0c7e5877d48,DESC-SAME GO FOR REDUCE CORRUPTION .,the same goes for reducing corruption .,6,6,0.5,GO
aslg_pc12:e3040c6c48e5c6f51568,THIS WILL RAISE QUESTION MARK OVER FOOD SUPPLY SECURITY IN EUROPE .,this will raise a question mark over food supply security in europe .,11,12,1.0,FOOD
aslg_pc12:aa76118b43b752d82d0b,"THAT SECURITY HAVE MULTIPLE DIMENSION DESC-POLITICAL , DESC-MILITARY , ENERGY , FOOD , AND DESC-SO ON .","that security has multiple dimensions political , military , energy , food , and so on .",15,12,0.769231,FOOD
aslg_pc12:1f7310ab5f64b481587a,"DESC-NATURALLY , IF CLOSURE DESC-EVER GO DESC-AHEAD , X-WE SHALL HAVE TO ENSURE THAT PEOPLE BE OFFER ASSISTANCE .","naturally , if the closure ever goes ahead , we shall have to ensure that people are offered assistance .",20,17,0.722222,GO
aslg_pc12:2dba65a1968756d91aaf,ALLOW X-I TO GO INTO SOME DESC-FURR DETAIL ABOUT POSITION EUROPEAN MOTOR INDUSTRY AT THIS TIME .,allow me to go into some further detail about the position of the european motor industry at this time .,18,19,0.777778,GO
aslg_pc12:aba3abd8d9210fe08e95,DESC-SO X-WE HAVE EUROPEAN DESC-ECONOMIC RECOVERY PLAN WHICH CAR INDUSTRY BE PART .,so we have a european economic recovery plan of which the car industry is a part .,15,16,0.785714,CAR
aslg_pc12:668527e7c9815245b17b,"THIS BE GO TO BE DESC-EXTREMELY DESC-IMPORTANT FOR EUROPEAN UNION AND , ABOVE ALL , FOR LATIN AMERICA .","this is going to be extremely important for the european union and , above all , for latin america .",18,17,0.866667,GO
aslg_pc12:0f5a6b44f2546d6daf72,THIS BE GO TO HAVE DESC-IMMEDIATE AND DESC-TANGIBLE DESC-FISCAL CONSEQUENCE IN MEMBER STATE .,this is going to have immediate and tangible fiscal consequences in the member states .,16,14,0.642857,GO
aslg_pc12:eae2d10a98dc8e81a63a,"CHILDCARE HELP FAMILY AND SOCIETY AS WHOLE , AND X-IT CAN HELP MOST DESC-VULNERABLE CHILD DESC-TOO .","childcare helps families and society as a whole , and it can help the most vulnerable children too .",18,17,0.733333,CHILD
aslg_pc12:8b1c2b4173d75fb906a4,X-IT SHOULD BE COMMISSION PRIORITY TO SUPPORT DESC-GREATER PARTICIPATION WOMAN IN DESC-SENIOR ROLE .,it should be a commission priority to support the greater participation of women in senior roles .,16,16,0.733333,WOMAN
aslg_pc12:a0446790e6414c22eb0e,CAR BASE SOCIETY AS X-WE KNOW X-IT TODAY HAVE DESC-THUS BE GIVE SUSPEND SENTENCE .,the car based society as we know it today has thus been given a suspended sentence .,17,16,0.5625,CAR
aslg_pc12:dff7efdfc4d952b99cac,DESC-ALMOST HALF THOSE DESC-LIVE WITH HIV BE WOMAN .,almost half of those living with hiv are women .,10,9,0.555556,WOMAN
aslg_pc12:104a74e82b6302d044cc,CHILD BE DESC-GREATLY AT RISK .,children are greatly at risk .,6,5,0.5,CHILD
aslg_pc12:3b0a7b8de0efe5640dbe,DESC-HERE LIE DANGER SHOULD STATE GO AND BLOCK ACCESS TO WEBSITE OR FILTER SEARCH ENGINE RESULT ?,here lies the danger should the state go and block access to websites or filter search engine results ?,17,18,0.764706,GO
aslg_pc12:3f7a689c4816f98e027c,"EUROPE SHOULD PLAY LEAD ROLE IN RESOLVE CONFLICT , SUPPORT DEVELOPMENT AND PROMOTE DESC-HUMAN RIGHTS .","europe should play a leading role in resolving conflicts , supporting development and promoting human rights .",15,15,0.6,PLAY
aslg_pc12:ae3fa9f2903736d3d1e0,X-MY DESC-THIRD POINT BE THAT X-WE MUST FOLLOW DEVELOPMENT OUTSIDE EUROPE .,my third point is that we must follow developments outside europe .,14,11,0.692308,OUTSIDE
aslg_pc12:19d15df0461670f4abd5,LET X-WE DESC-NOT FORGET DESC-VITAL ROLE THAT NATO HAVE PLAY DESC-LONG MAY X-IT CONTINUE .,let us not forget the vital role that nato has played long may it continue .,19,15,0.6875,PLAY
aslg_pc12:4e68734edfd2f082b4ec,"X-I WOULD LIKE TO EMPHASISE X-HE DEDICATION IN DEAL WITH GENDER EQUALITY , WOMAN X-POSS EMPLOYMENT AND DESC-SIMILAR PROBLEM .","i would like to emphasise his dedication in dealing with gender equality , women's employment and similar problems .",22,17,0.65,WOMAN
aslg_pc12:d63916fedaf50274b2a8,YESTERDAY X-POSS TRIALOGUE GIVE LOT HOPE FOR DESC-FINAL AGREEMENT .,yesterday's trialogue gives a lot of hope for final agreement .,11,10,0.545455,YESTERDAY
aslg_pc12:068ae594848cb40294b6,"DESC-ALSO , CUT RED TAPE AND BUREAUCRACY BY COMMISSION HAVE TO BE DESC-WELCOME .","also , the cutting of red tape and bureaucracy by the commission has to be welcomed .",14,15,0.692308,RED
aslg_pc12:3995e86feb9cdf778bfa,X-WE NEED TO SUPPORT THOSE PEOPLE ENGAGE IN CAR INDUSTRY .,we need to support those people engaged in the car industry .,11,11,0.818182,CAR
aslg_pc12:4ddbeebd285a13abbe7e,SWEDISH DESC-CONSERVATIVE HAVE TODAY VOTE AGAINST RESOLUTION ON FAO WORLD SUMMIT ON FOOD SECURITY .,the swedish conservatives have today voted against the resolution on the fao world summit on food security .,15,17,0.785714,FOOD
aslg_pc12:64f55a86684374ecbd6e,"THIS , DESC-UNFORTUNATELY , BE OVERT PROMOTION DISCRIMINATION AGAINST WOMAN .","this , unfortunately , is overt promotion of discrimination against women .",9,9,0.666667,WOMAN
aslg_pc12:c9b9411c69653c961412,"SYSTEM FOR DESC-LEGAL AID AND REPRESENTATION SHOULD BE DESC-FREE , DESC-ESPECIALLY FOR CHILD .","the system for legal aid and representation should be free , especially for children .",15,13,0.833333,CHILD
aslg_pc12:46fe3d07993c0488c4a3,FUS X-MY THANKS GO TO RAPPORTEUR FOR DESC-EXCELLENT JOB .,in writing . fi my thanks go to the rapporteur for an excellent job .,11,13,0.727273,GO
aslg_pc12:85c3b192c49e055e4ea9,DESC-PERSONAL DATUM WILL BE STORE FOR DECADE AND NO ONE WILL HAVE ANY CONTROL OVER HOW X-IT BE USE .,personal data will be stored for decades and no one will have any control over how it is used .,21,19,0.684211,STORE
aslg_pc12:26c1ad91ea9d2b24fea4,X-I HAVE DESC-HERE SOME STATISTICS WHICH LIST PRICE FOOD .,i have here some statistics which list the prices of food .,11,11,0.727273,FOOD
aslg_pc12:5a365032faf8c051d2ec,DESC-UNFORTUNATELY THIS TYPE APPROACH HAVE BECOME MORE DESC-COMMON IN RUN DESC-UP TO EUROPEAN ELECTION .,unfortunately this type of approach has become more common in the run up to the european elections .,17,17,0.8,RUN
aslg_pc12:3987ede1ba6adeb88996,EVERY CHILD HAVE DESC-RIGHT TO DESC-COMPLETE FAMILY AND EDUCATION DESC-SO THAT X-Y CAN DEVELOP DESC-HARMONIOUSLY .,every child has the right to a complete family and an education so that they can develop harmoniously .,20,18,0.764706,CHILD
aslg_pc12:26beda6d634db447262f,"THIS , IN TURN , WOULD HAVE DESC-ADVERSE EFFECT ON FOOD PRODUCTION AND ECONOMY .","this , in turn , would have adverse effects on food production and the economy .",13,13,0.846154,FOOD
aslg_pc12:11f746a104f487ce392b,"PRESIDENT IN OFFICE , GO TO LAMPEDUSA AND SEE HOW DESC-SERIOUS PROBLEM BE .","president in office , go to lampedusa and see how serious the problem is .",13,13,0.846154,GO
aslg_pc12:bb825f9f7c6d1007185b,"C MADAM PRESIDENT , X-I WOULD LIKE TO RESPOND DESC-AGAIN TO YESTERDAY X-POSS DESC-PLENARY DEBATE .","cs madam president , I would like to respond again to yesterday's plenary debate .",18,13,0.666667,YESTERDAY
aslg_pc12:fb568e51b7414af88cee,X-IT GO WITHOUT SAY THAT CREATE DESC-SUITABLE INFRASTRUCTURE MUST BE PRIORITY .,it goes without saying that creating a suitable infrastructure must be a priority .,13,13,0.615385,GO
aslg_pc12:692b45652a41f4fb6e12,FOOD SAFETY AND HEALTH EUROPEAN CITIZEN BE AT STAKE .,food safety and the health of european citizens are at stake .,9,11,0.777778,FOOD
aslg_pc12:5472b433e83a6c0081ad,X-I BE IN FAVOR SIMPLIFY AND ADOPT RULE THAT WILL DESC-SUFFICIENTLY GUARANTEE FOOD SAFETY IN EU .,i am in favour of simplifying and adopting rules that will sufficiently guarantee food safety in the eu .,18,18,0.588235,FOOD
aslg_pc12:286ed445486fdd032591,X-I DO DESC-NOT WANT X-MY CHILD OR X-MY GRANDCHILD TO ASK WHY X-I DO DESC-NOT ACT .,i do not want my children or my grandchildren to ask why I did not act .,22,16,0.714286,CHILD
aslg_pc12:12fb7ea8d0d744293100,X-IT BE GO TO BE DESC-INTERESTING .,it is going to be interesting .,8,6,0.571429,GO
aslg_pc12:4f65fda2740cd86cc380,X-I COULD HAVE RESPOND TO MORE SPECIFIC QUESTION ABOUT CHILD .,i could have responded to more specific questions about children .,11,10,0.636364,CHILD
aslg_pc12:c394b6e292f1abea46e6,DESC-MANY GOVERNMENT HAVE NEIR REDUCE STUDENT SUPPORT NOR SCALE DESC-BACK ENROLMENT .,many governments have neither reduced student support nor scaled back enrolment .,13,11,0.583333,STUDENT
aslg_pc12:2a27f02b64bd6cb6de08,WHAT PART WILL X-Y PLAY IN PUBLICATION X-Y WORK ON WEB ?,what part will they play in the publication of their work on the web ?,13,14,0.818182,PLAY
aslg_pc12:d607deee845410159859,"DESC-NOW X-WE BE GO STEP DESC-FURR DESC-FIRSTLY , COURSE , ON VOICE ROAM .","now we are going a step further firstly , of course , on voice roaming .",15,13,0.538462,GO
aslg_pc12:a16afb97648680b467e9,THIS BE DESC-NOT DESC-FIRST TIME THAT TRAIN HAVE PASS RED SIGNAL .,this was not the first time that a train has passed a red signal .,13,14,0.666667,RED
aslg_pc12:55a5a5c9471ad62069e6,"ON FRIDAY , COMMISSION DESC-PRESENT CHARTER WOMAN X-POSS RIGHTS CONTAIN DESC-VERY DESC-MANY FINE WORD .","on friday , the commission presented a charter of women's rights containing very many fine words .",17,15,0.533333,WOMAN
aslg_pc12:d0f928f8d61065338e8e,FOOD SECURITY TO X-Y MEAN DESC-ONLY FOOD PRODUCE IN EU FOR EUROPEAN .,food security to them means only food produced in the eu for europeans .,14,13,0.538462,FOOD
aslg_pc12:f4d0546aa838be7aa7ff,"PL NEGOTIATION WITH MERCOSUR COUNTRY BE SUSPEND IN DESC-200HOWEVER , X-WE SHOULD DESC-ALSO BE PROTECT INTEREST X-WE FARMER AND AGRICULTURE AND FOOD SECTOR .","pl negotiations with the mercosur countries were suspended in 200however , we should also be protecting the interests of our farmers and the agriculture and food sector .",26,26,0.619048,FOOD
aslg_pc12:bd8dc711a262adab4aa4,COMMITTEE ON WOMAN X-POSS RIGHTS AND GENDER EQUALITY BE DESC-EXTREMELY DESC-IMPORTANT COMMITTEE .,the committee on women's rights and gender equality is an extremely important committee .,15,13,0.615385,WOMAN
aslg_pc12:a41a3021165869fc484a,WORLD OUTSIDE EU BE DESC-NOT STAND DESC-STILL .,the world outside the eu is not standing still .,9,9,0.625,OUTSIDE
aslg_pc12:c95ffe00ee942056f14c,"YESTERDAY , ECOFIN REACH AGREEMENT ON REDUCE VAT IN LABOR DESC-INTENSIVE SERVICE SECTOR , DESC-SUCH AS RESTAURANT , ETC .","yesterday , ecofin reached an agreement on reducing vat in labour intensive services sectors , such as restaurants , etc .",18,17,0.588235,YESTERDAY
aslg_pc12:c9bd008f9298dfec769c,"DESC-ONLY YESTERDAY , ARTICLE IN GUARDIAN HIGHLIGHT DESC-OR INCIDENT .","only yesterday , an article in the guardian highlighted other incidents .",10,10,0.555556,YESTERDAY
aslg_pc12:82fada9da8ce1de6d12d,SK SAY GO THAT DESC-GOOD AGREEMENT BE MAKE BY DESC-EQUAL PARTNER .,sk the saying goes that good agreements are made by equal partners .,13,12,0.416667,GO
aslg_pc12:4763e6d730043345cbc8,HOW BE X-WE GO TO GET DESC-RE ?,how are we going to get there ?,9,7,0.444444,GO
aslg_pc12:bda9621857e41de734e3,BUY CHINESEUS DESC-DIFFERENT PROPOSITION .,buy chineseis a different proposition .,5,5,0.6,BUY
aslg_pc12:c4aa309094744f3496b3,2006 DISCHARGE EUROPEAN FOOD SAFETY AUTHORITY,2006 discharge european food safety authority,5,5,1.0,FOOD
aslg_pc12:f400a4393fc1c23bbcd4,"DESC-SECONDLY , IMPACT EU GO X-IT DESC-ALONE .","secondly , the impact of the eu going it alone .",9,9,0.625,GO
aslg_pc12:61e987e7abc9b53da748,"MADAM PRESIDENT , COMMISSIONER , FOOD AID PROGRAM BE DESC-ESSENTIAL TODAY .","madam president , commissioner , the food aid programme is essential today .",10,10,0.7,FOOD
aslg_pc12:049fb137ae32b4880b9a,"MADAM PRESIDENT , SOME AMENDMENT THAT X-WE BE CONSIDER DESC-TONIGHT REFLECT X-WE DESC-MANIC OBSESSION WITH DESC-RENEWABLE .","madam president , some of the amendments that we are considering tonight reflect our manic obsession with renewables .",20,17,0.625,TONIGHT
aslg_pc12:d0e8551bb50092015b9c,DESC-FUNERAL PRESIDENT AND X-HE WIFE BE HOLD YESTERDAY .,the funeral of the president and his wife was held yesterday .,10,11,0.5,YESTERDAY
aslg_pc12:b41dcefd11c2a5638318,DESC-RE BE DESC-MANY EUROPEAN INSTRUMENT WHICH CAN BE USE TO ASSIST CAR INDUSTRY AND X-ITS WORKER IN DESC-PARTICULAR .,there are many european instruments which can be used to assist the car industry and its workers in particular .,22,19,0.684211,CAR
aslg_pc12:373cf2231f883faccc87,"DESC-ONCE DESC-AGAIN , PRIZE FOR DESC-BIGGEST REDUCTION IN NUMBER ASYLUM APPLICATION GO TO FRANCE .","once again , the prize for the biggest reduction in the number of asylum applications goes to france .",16,17,0.785714,GO
aslg_pc12:c6710bdee751dd795a5e,DESC-SIGNIFICANT PROBLEM IN THIS SITUATION BE LACK DESC-APPROPRIATE SOLUTION CONCERN RETIREMENT PENSION ENTITLEMENT FOR SE WOMAN .,a significant problem in this situation is the lack of appropriate solutions concerning retirement pension entitlements for these women .,18,19,0.588235,WOMAN
aslg_pc12:f36e5b971464a68e0058,"DESC-SECONDLY , X-I WOULD LIKE TO MAKE COMMENT THAT CHILD REQUIRE PROTECTION .","secondly , I would like to make the comment that children require protection .",13,12,0.769231,CHILD
aslg_pc12:e21487b77423b75fd15b,"HOW , UNDER THOSE CIRCUMSTANCE , BE X-WE GO TO GET DESC-SMART REGULATION ?","how , under those circumstances , are we going to get smart regulation ?",13,11,0.615385,GO
aslg_pc12:c83143818d516fe506a0,"X-WE WOULD HAVE LIKE TO SEE DESC-GREATER PROTECTION FOR WOMAN INVOLVE IN DESC-DOMESTIC WORK , FOR EXAMPLE .","we would have liked to see greater protection for women involved in domestic work , for example .",19,16,0.705882,WOMAN
aslg_pc12:60bc17368b7aa3eb51e7,"AT LUNCHTIME YESTERDAY , DURING DISCUSSION IN X-WE DESC-RESPECTIVE GROUP , X-WE REALIZE THAT TIME BE DESC-SHORT .","at lunchtime yesterday , during discussions in our respective groups , we realised that time was short .",19,15,0.625,YESTERDAY
aslg_pc12:06af4b59e703eb0c04b4,"IF THIS REPORT BE ADOPT , X-IT WILL GO DESC-LONG WAY TOWARDS RECTIFY THAT .","if this report is adopted , it will go a long way towards rectifying that .",15,14,0.666667,GO
aslg_pc12:0ee6ac1cd175c1868663,ELIMINATION VIOLENCE AGAINST WOMAN VOTE,elimination of violence against women vote,5,6,0.8,WOMAN
aslg_pc12:94337baee67f8c56c755,"X-IT GO WITHOUT SAY , DESC-REFORE , THAT X-WE SHOULD INTRODUCE THIS MEASURE DESC-SOONER DESC-RAR THAN DESC-LATER .","it goes without saying , therefore , that we should introduce this measure sooner rather than later .",21,15,0.647059,GO
aslg_pc12:14c0a8158b8ac323e826,USE THIS TYPE DATUM WOULD DESC-ONLY BE DESC-ACCEPTABLE IF X-IT DESC-TRULY OFFER PROTECTION TO X-WE CHILD .,the use of this type of data would only be acceptable if it truly offered protection to our children .,21,19,0.666667,CHILD
aslg_pc12:d3f740a174cba4cac163,X-MY DESC-HEARTFELT THANKS GO TO ALL THOSE WHO HAVE BE INVOLVE .,my heartfelt thanks go to all those who have been involved .,13,11,0.692308,GO
aslg_pc12:9b08d0a699b7155b56e1,"DESC-HOWEVER , THIS BE DESC-NOT GO TO HAPPEN WHILE MAINTAIN DESC-CURRENT DESC-DIRECT PAYMENT SYSTEM , WHICH BE DESC-RIDICULOUS .","however , this is not going to happen while maintaining the current direct payments system , which is ridiculous .",21,17,0.6875,GO
aslg_pc12:c4f4dff22bbf69e50908,PROBLEM VIOLENCE AGAINST WOMAN REPRESENT MORE DESC-GENERAL PROBLEM LACK EQUALITY .,the problem of violence against women represents a more general problem a lack of equality .,11,15,0.7,WOMAN
aslg_pc12:5e1e752ce93ac2a8439b,X-WE BE SEEK LEVEL PLAY FIELD IN SANCTION PROVISION AS CONTAIN IN PROPOSE REGULATION .,we are seeking a level playing field in the sanctions provisions as contained in the proposed regulation .,15,17,0.428571,PLAY
aslg_pc12:68e4faaf9cb2c2fb7fa6,"X-WE , X-OURSELVES , GO DESC-MUCH DESC-FURR .","we , ourselves , go much further .",9,5,0.571429,GO
aslg_pc12:d917fd8a569a444b6ad9,X-WE WILL DO THAT DESC-SYSTEMATICALLY IN ALL X-WE DISCUSSION WITH PARTNER OUTSIDE EUROPE .,we will do that systematically in all our discussions with partners outside of europe .,16,14,0.714286,OUTSIDE
aslg_pc12:6d18f533ce0aa3558696,IN PARAGRAPH 46 X-SHE REFER TO AFRICAN FOOD SECURITY AND FOOD SOVEREIGNTY .,in paragraph 46 she refers to african food security and food sovereignty .,12,11,0.818182,FOOD
aslg_pc12:5f590c917c202e99e87a,X-MY TIME HAVE RUN OUT .,my time has run out .,6,5,0.666667,RUN
aslg_pc12:c636ef2cdbd5d2a04fe3,X-I DESC-WELCOME COMMISSION X-POSS INTENTION TO DRAW DESC-UP PARTNER DESC-NATIONAL ACTION PLAN FOR CHILD .,i welcome the commission's intention to draw up partner national action plans for children .,19,14,0.625,CHILD
aslg_pc12:924f3631ba31b0104c46,"BOTH PRESIDENT HAVE DESC-JUST DESC-EXPRESS X-Y OPINION ON EUROPE DESC-20IN FACT , X-WE NO DESC-LONGER DESC-EVEN HAVE CHOICE X-WE NEED WOMAN FOR DESC-ECONOMIC DEVELOPMENT .","both presidents have just expressed their opinions on europe 20in fact , we no longer even have a choice we need women for economic development .",32,24,0.695652,WOMAN
aslg_pc12:b1be0b2a6754eee21119,COMBATE DESC-SEXUAL EXPLOITATION CHILD AND CHILD PORNOGRAPHY DEBATE,combating the sexual exploitation of children and child pornography debate,9,10,0.75,CHILD
aslg_pc12:3bfe52076b9e4bee0c4e,"X-WE SAY THAT SHOULD TAKE PLACE IN ALL DESC-NEW CAR MODEL FROM 20LATER THIS MONTH , DESC-RE BE MEETING DESC-NATIONAL TYPE APPROVAL AUTHORITY .","we said that should take place in all new car models from 20later this month , there is a meeting of the national type approval authorities .",26,25,0.708333,CAR
aslg_pc12:635dcf19b73962ee2852,X-I HAVE SAY THAT X-WE CAN ADDRESS SPECIFIC CONCRETE ISSUE ME BY ME DESC-RAR THAN CASE BY CASE .,i have said that we can address specific concrete issues theme by theme rather than case by case .,21,18,0.647059,ME
aslg_pc12:2337812542827a2f722f,RO DESC-SEXUAL EXPLOITATION CHILD AND CHILD PORNOGRAPHY BE DESC-VERY DESC-SERIOUS CRIME .,ro sexual exploitation of children and child pornography are very serious crimes .,14,12,0.727273,CHILD
aslg_pc12:ad7a578e0f0d0d248a7a,"THIS PHENOMENON BE DESC-VERY DESC-WIDESPREAD , WITH 45 % WOMAN IN EUROPE VICTIM DESC-DIFFERENT FORM VIOLENCE .","this phenomenon is very widespread , with 45 % of women in europe victims of different forms of violence .",16,16,0.642857,WOMAN
aslg_pc12:c9ab023733722f94e4d4,CAN X-I ASK COMMISSIONER IF X-SHE WOULD CONSIDER DESC-THOROUGH AND DESC-FULL EXAMINATION FOOD PROMOTION BUDGET ?,can I ask the commissioner if she would consider a thorough and full examination of the food promotion budget ?,19,19,0.882353,FOOD
aslg_pc12:09a43d60a9d79c109889,"THIS REPORT DESC-ONCE DESC-AGAIN ECHO EVERY COMPLAINT , EVERY DESC-GROSS GENERALISATION ABOUT DESC-POOR , BATTER AND RAPE WOMAN .","this report once again echoes every complaint , every gross generalisation about poor , battered and raped women .",20,16,0.6875,WOMAN
aslg_pc12:c0d15b24dd7a84b180c5,X-I X-MYSELF KNOW WHAT X-IT BE LIKE TO HAVE DESC-HEALTHY CHILD BECOME DESC-DISABLED .,i myself know what it is like to have a healthy child become disabled .,18,14,0.8,CHILD
aslg_pc12:85084008ff74702bce3f,X-IT WILL GIVE BOOST TO CAR INDUSTRY AT WHAT BE DESC-VERY DESC-DIFFICULT TIME .,it will give a boost to the car industry at what is a very difficult time .,16,16,0.8,CAR
aslg_pc12:d96f759953503d062796,"DESC-HOWEVER , BAN DO DESC-NOT GO DESC-FAR DESC-ENOUGH .","however , a ban does not go far enough .",11,8,0.75,GO
aslg_pc12:6a671239a5f20bd75802,DESC-RE BE DESC-ALSO OPTION DESC-NOT TO BUY DESC-ELECTRIC CAR NO ONE BE FORCE EUROPEAN TO BUY X-Y .,there is also the option not to buy electric cars no one is forcing europeans to buy them .,22,18,0.5,BUY|CAR
aslg_pc12:71b71f0018138a1fc03a,"DESC-ONCE MORE , WORLD FOOD SECURITY HAVE BE IN SPOTLIGHT .","once more , world food security has been in the spotlight .",10,10,0.7,FOOD
aslg_pc12:ea9e8a10ed713143ec69,"SAY THIS DESC-CLEARLY , AND X-YOU WILL GO DESC-DOWN IN HISTORY .","say this clearly , and you will go down in history .",13,10,0.833333,GO
aslg_pc12:d523e7a562de52e7de19,DESC-HUNGARIAN GOVERNMENT DESC-CLOSE X-Y DESC-DOWN IN 196Y BE TEACH SLOVAK BY DESC-HUNGARIAN SPEAKING TEACHER WHO BE DESC-NOT DESC-PROFICIENT IN SLOVAK LANGUAGE .,the hungarian government closed them down in 196they are taught slovak by hungarian speaking teachers who are not proficient in the slovak language .,28,23,0.611111,TEACHER
aslg_pc12:68522e0aac9ead76f7d5,"ON FOOD AID AND FOOD SECURITY , THIS BE ONE PRIORITY EUROPEAN PARLIAMENT RESOLUTION .","on food aid and food security , this is one of the priorities of the european parliament resolution .",13,17,0.833333,FOOD
aslg_pc12:b9b0deea5f9f29ebb8b2,APPLICATION PRINCIPLE DESC-EQUAL PAY FOR MAN AND WOMAN,application of the principle of equal pay for men and women,9,11,0.666667,WOMAN
aslg_pc12:7881ce41ce215b9a25c9,X-IT HAVE DESC-ALWAYS GO IN PARALLEL WITH DOHA .,it has always gone in parallel with doha .,10,8,0.6,GO
aslg_pc12:d5073498066baee3f493,X-I HAVE VISIT REGION AND HAVE SPEAK TO DESC-MANY PEOPLE INSIDE AND OUTSIDE COUNTRY .,i have visited the region and have spoken to many people inside and outside the country .,16,16,0.714286,OUTSIDE
aslg_pc12:f564fd633ac92c06c186,"FOR SE REASON , URGENCY THIS MATTER MUST DESC-NOT GO DESC-UNSTATED .","for these reasons , the urgency of this matter must not go unstated .",12,12,0.727273,GO
aslg_pc12:df55aa4cbce6a269cbb7,THIS BE WHY X-I BE GO TO COPENHAGEN DESC-IMMEDIATELY AFTER THIS DEBATE .,this is why I am going to copenhagen immediately after this debate .,14,12,0.666667,GO
aslg_pc12:cb6720d192d51c6eeac2,DESC-ONLY DESC-SAFE THING TO DO BE TO LEAVE SOFTEN AGENT OUT X-WE CHILD X-POSS TOY DESC-COMPLETELY .,the only safe thing to do is to leave the softening agents out of our children's toys completely .,21,18,0.470588,CHILD
aslg_pc12:936c0483fa6a4206b06e,X-WE BE DESC-NOT INVENT X-Y THIS TIME THAT HAVE BE GO ON FOR YEAR .,we are not inventing them this time that has been going on for years .,17,14,0.466667,GO
aslg_pc12:4114e9a2d1799c0e2074,DANUBE REGION PLAY DESC-IMPORTANT ROLE IN EUROPEAN UNION X-POSS DIVERSIFICATION ENERGY SUPPLY SOURCE .,the danube region plays an important role in the european union's diversification of energy supply sources .,15,16,0.6,PLAY
aslg_pc12:75b794bb64ce13b35655,"OVER 20 PEOPLE , INCLUDE CHILD , BE BURN DESC-ALIVE IN BUILDING .","over 20 people , including children , were burned alive in a building .",10,10,0.5,CHILD
aslg_pc12:6c6a9d369971b30ddbb8,X-I REMEMBER DESC-FIRST DELOR COMMISSION HAVE NO WOMAN AND DESC-SECOND HAVE DESC-ONLY ONE .,i remember the first delors commission had no women and the second had only one .,17,15,0.642857,WOMAN
aslg_pc12:642821881e9d7e4f793c,"FOR EXAMPLE , X-WE CAN DESC-NOT DEMAND THAT NOVEL FOOD HAVE NO DESC-NEGATIVE IMPACT ON ENVIRONMENT .","for example , we cannot demand that a novel food has no negative impact on the environment .",18,16,0.705882,FOOD
aslg_pc12:949806fc9ee2abd07ff1,CHILD BE DESC-VULNERABLE AND X-Y BE ENTITLE TO PROTECTION IN ORDER TO ENSURE X-Y DESC-HARMONIOUS DEVELOPMENT .,children are vulnerable and they are entitled to protection in order to ensure their harmonious development .,20,16,0.6,CHILD
aslg_pc12:8424a9ed330a2215cfe3,YESTERDAY X-POSS INCIDENT SHOULD DESC-NEVER HAVE TAKE PLACE .,yesterday's incident should never have taken place .,10,7,0.5,YESTERDAY
aslg_pc12:0701850e00cd8224cbda,X-WE CAN DESC-NOT GO DESC-AHEAD WITH PREPARE MACROFINANCIAL ASSISTANCE PROGRAM BEFORE LAUNCH PROGRAM WITH IMF .,we cannot go ahead with preparing a macrofinancial assistance programme before launching the programme with the imf .,18,17,0.533333,GO
aslg_pc12:0ffcfc0cf4aa07813523,"MR SALAFRANCA , IF X-YOU HAVE POINT ORDER , PLEASE GO DESC-AHEAD .","mr salafranca , if you have a point of order , please go ahead .",12,12,0.833333,GO
aslg_pc12:a6cc0886956a4c1f7255,PLEASE JOIN X-YOU VOICE TO VOICE WOMAN .,please join your voices to the voices of the women .,8,10,0.428571,WOMAN
aslg_pc12:397f3184eef7f7836617,"DESC-YES , X-HE BE DESC-VERY DESC-HAPPY TO GO !","yes , he is very happy to go !",11,7,0.666667,GO
aslg_pc12:a6071c8ee85e4429530b,X-WE BE DESC-VERY DESC-WORRIED ABOUT WHAT BE GO TO HAPPEN TO SE SPORTSMAN NEXT .,we are very worried about what is going to happen to these sportsmen next .,17,14,0.571429,GO
aslg_pc12:e61b7d0c75b514af3470,EU DESC-ALSO PLAY DESC-MAJOR ROLE IN X-WE DESC-EASTERN NEIGHBORHOOD .,the eu also plays a major role in our eastern neighbourhood .,13,11,0.545455,PLAY
aslg_pc12:8fa8cf9dbd31bfa2cc1f,X-WE BE GO TO CONTINUE TO MONITOR THIS DESC-VERY DESC-CLOSELY .,we are going to continue to monitor this very closely .,13,10,0.636364,GO
aslg_pc12:6686fcded8e403a9ad66,"TURKISH GOVERNMENT MUST ENSURE , AS MATTER URGENCY , THAT TRANSGENDER KILL NO DESC-LONGER GO DESC-UNPUNISHED .","the turkish government must ensure , as a matter of urgency , that transgender killings no longer go unpunished .",16,17,0.866667,GO
aslg_pc12:b48f55fb743fdeb5a68c,"NEEDLESS TO SAY , DESC-GREAT DEAL THOUGHT HAVE GO INTO DESC-SUCH SYSTEM IN EACH COUNTRY .","needless to say , a great deal of thought has gone into such a system in each country .",16,17,0.8,GO
aslg_pc12:7b74ed36f2842a05d174,"DESC-HOWEVER , X-WE DESC-PROBABLY NEED TO GO DESC-FURR .","however , we probably need to go further .",11,7,0.666667,GO
aslg_pc12:eeed9d9ff68c9c16d76c,FOOD CONTAIN NANOMATERIAL SHOULD BE BAN UNTIL DESC-SUCH TIME AS ANIMAL DESC-FRIENDLY AND DESC-SAFE METHOD EVALUATION BE FIND .,foods containing nanomaterials should be banned until such time as an animal friendly and safe method of evaluation is found .,21,20,0.666667,FOOD
aslg_pc12:e3bc8435e447bc4e5a2e,EUROPEAN PARLIAMENT AND DESC-NATIONAL PARLIAMENT MUST PLAY MORE DESC-SIGNIFICANT ROLE IN BOTH .,the european parliament and national parliaments must play a more significant role in both .,14,14,0.916667,PLAY
aslg_pc12:f5f478a920640da79cd9,"X-WE BE FORCE TO DISCOVER THAT DESC-OR WOMAN HAVE BE SHOOT , DESC-SUCH AS DESC-HIGHEST RANK POLICE OFFICER .","we were forced to discover that other women had been shot , such as the highest ranking police officer .",21,18,0.5,WOMAN
aslg_pc12:70fe1b411b0e8646e880,X-WE DESC-REFORE NEED TO GUARANTEE PUBLIC ACCESS TO DATUM ON WHICH RISK ASSESSMENT FOR NOVEL FOOD BE BASE .,we therefore need to guarantee public access to data on which the risk assessment for novel food is based .,20,19,0.684211,FOOD
aslg_pc12:6336dfb960b99038f10f,IN SPRING 2006 TWELVE MEMBER STATE BE GO THROUGH DESC-EXCESSIVE DEFICIT PROCEDURE .,in the spring of 2006 twelve member states were going through an excessive deficit procedure .,12,14,0.666667,GO
aslg_pc12:72e8d78eb23186acf240,"X-Y BE DESC-RESPONSIBLE FOR HOUSEHOLD IMPOVERISHMENT THAT BE DESC-SERIOUSLY AFFECT DEMAND , KEEP DESC-VICIOUS CIRCLE GO .","they are responsible for the household impoverishment that is seriously affecting demand , keeping the vicious circle going .",19,17,0.5625,GO
aslg_pc12:27cbb82501249ffa1084,"WOMAN BE DESC-FIRST TO CONTRIBUTE TO INTER DESC-GENERATIONAL SOLIDARITY , DESC-THUS PARTICIPATE IN CREATION DESC-SOCIAL RELATION .","women are the first to contribute to inter generational solidarity , thus participating in the creation of social relations .",19,18,0.666667,WOMAN
aslg_pc12:ba56ddc934865dfe866c,REPRESENTATIVE ORGANIZATION AND ROMA COMMUNITY MUST PLAY DESC-ACTIVE ROLE IN DRAW DESC-UP INCLUSION POLICY .,representative organisations and roma communities must play an active role in drawing up inclusion policies .,16,15,0.666667,PLAY
aslg_pc12:48586895aadf912706d9,"DESC-UNFORTUNATELY , IN DESC-SUCH CRISIS SITUATION WOMAN AND CHILD BE DESC-WORST AFFECT BY X-IT .","unfortunately , in such a crisis situation women and children are the worst affected by it .",17,15,0.6,CHILD|WOMAN
aslg_pc12:408ef8404119324ad445,"TODAY , X-WE BE GIVE GO DESC-AHEAD TO ESTABLISHMENT EUROPEAN ASYLUM SUPPORT OFFICE .","today , we are giving the go ahead to the establishment of the european asylum support office .",14,16,0.714286,GO
aslg_pc12:ec5dd934d4db99d64093,"AS RESULT , X-Y PLAY DESC-IMPORTANT PART IN DEVELOPMENT DESC-RURAL AREA WITHIN EUROPEAN UNION .","as a result , they play an important part in the development of rural areas within the european union .",16,18,0.733333,PLAY
aslg_pc12:20c528a6b908136172fa,"YEAR DESC-AGO , IN ANTICIPATION TREATY , PARLIAMENT DESC-ALSO ADOPT CHILD X-POSS STRATEGY .","a year ago , in anticipation of the treaty , parliament also adopted a children's strategy .",14,14,0.615385,CHILD
aslg_pc12:12201b688a96f2d8af34,"SE DIFFERENCE BETWEEN MAN AND WOMAN HAVE BE DESC-PARTICULARLY EXACERBATE BY DESC-CURRENT DESC-ECONOMIC , DESC-FINANCIAL AND DESC-SOCIAL CRISIS .","these differences between men and women have been particularly exacerbated by the current economic , financial and social crisis .",22,18,0.588235,WOMAN
aslg_pc12:1210f42a46ea08473462,"IN DESC-SOCIAL TERM , X-IT WOULD BE DESC-UNFAIR TO IGNORE PROGRESS MAKE , DESC-PARTICULARLY ON BEHALF WOMAN .","in social terms , it would be unfair to ignore the progress made , particularly on behalf of women .",19,17,0.705882,WOMAN
aslg_pc12:6739192e69db1a5259e4,DESC-NOW FLOOR WILL BE TAKE FOR DESC-FIRST TIME IN THIS DEBATE BY WOMAN .,now the floor will be taken for the first time in this debate by a woman .,15,16,0.857143,WOMAN
aslg_pc12:77bd49e3cb58f705ec02,X-WE WILL DESC-SURELY USE X-IT IN X-WE WORK ON CHILD .,we will surely use it in our work on children .,14,10,0.727273,CHILD
aslg_pc12:2e4316151756b686f4ac,X-Y GO DESC-STRAIGHT FROM BE EXPLOIT IN DESC-ILLEGAL WORK TO BE EXPEL .,they go straight from being exploited in illegal work to being expelled .,15,12,0.538462,GO
aslg_pc12:20ab2d2632fe9b35ebd0,THIS INCLUDE QUESTION AVOID ANIMAL TESTING OR PREVENT USE CLONE FOOD .,this includes the question of avoiding animal testing or preventing the use of cloned foods .,11,15,0.545455,FOOD
aslg_pc12:ea452d393ad03189d374,FOR HOW DESC-LONG BE THIS PARLIAMENT GO TO ALLOW TAXPAYERSMONEY TO BE ABUSE ?,for how long is this parliament going to allow taxpayersmoney to be abused ?,14,13,0.75,GO
aslg_pc12:54e36b4b6bd28d9ba787,THIS DESC-ALSO GO FOR SHADOW RAPPORTEUR .,this also goes for the shadow rapporteurs .,7,7,0.571429,GO
aslg_pc12:ba367e155133da4fcbb2,"DESC-VARIOUS GAS PIPELINE , OFF SHORE WIND PARK AND POWER STATION BY DOZEN BE AT DRAW BOARD STAGE .","various gas pipelines , off shore wind parks and power stations by the dozen are at the drawing board stage .",18,19,0.666667,PARK
aslg_pc12:b0c562c4eb1812e4705a,X-IT WILL DESC-ALSO INFLUENCE PRICE FOOD .,it will also influence the price of food .,8,8,0.75,FOOD
aslg_pc12:68b1df9cb6e0db4a99e1,"MARCO POLO IUS OFFER IMPROVE PLAN SECURITY , BECAUSE X-IT BE TIMETABLE TO RUN UNTIL 31 DECEMBER DESC-20IT HAVE BUDGET EUR 450 MILLION .","marco polo ii offers improved planning security , because it is timetabled to run until 31 december 20it has a budget of eur 450 million .",22,22,0.571429,RUN
aslg_pc12:0907324df6c66b18cef7,"IN X-MY OPINION , X-WE BE LET SOME OPPORTUNITY GO TO WASTE WITH DESC-PRESENT MOBILISATION EGF .","in my opinion , we are letting some opportunities go to waste with the present mobilisation of the egf .",18,18,0.705882,GO
aslg_pc12:115767a25db033c02bdc,X-WE DO DESC-NOT NEED FLEET CAR DESC-HERE IN STRASBOURG .,we do not need a fleet of cars here in strasbourg .,12,11,0.727273,CAR
aslg_pc12:580d874d6de72b8c902c,"X-IT SHOULD GO TO DESC-YOUNG GENERATION , AND X-Y DEVELOPMENT .","it should go to the young generation , and their development .",12,10,0.727273,GO
aslg_pc12:fe11f4cf335406fdf04a,"X-IT WOULD DESC-NOT HAVE BE DESC-POSSIBLE WITHOUT X-WE DESC-JOINT EFFORT , AS EVERYONE INVOLVE PLAY X-Y PART .","it would not have been possible without our joint efforts , as everyone involved played their part .",22,16,0.555556,PLAY
aslg_pc12:a0a5bf7d285ab464ab95,EUROPEAN UNION HAVE DESC-PARTICULARLY DESC-IMPORTANT ROLE TO PLAY IN THIS DESC-COMMON ENDEAVOR .,the european union has a particularly important role to play in this common endeavour .,15,14,0.769231,PLAY
aslg_pc12:9fda4816545d76285166,"THIS BE WAY DESC-FORWARD , WITH ENLIGHTEN EMPLOYER RECOGNIZE WOMAN X-POSS STRENGTH AND PROMOTE X-Y DESC-ECONOMIC DESC-WELL BE .","this is the way forward , with enlightened employers recognising women's strengths and promoting their economic well being .",22,17,0.388889,WOMAN
aslg_pc12:b2aecfeb86e8056fcc92,X-IT BE DESC-EVEN MENTION ONTHOUGHT FOR DAYON RADIO SCOTLAND YESTERDAY .,it was even mentioned onthought for the dayon radio scotland yesterday .,12,11,0.666667,YESTERDAY
aslg_pc12:893bbdaa7cbd668bfdf5,CAR INDUSTRY BE DESC-NOT DESC-ONLY SECTOR WHICH X-WE BE ASK EIB TO HELP WITH .,the car industry is not the only sector which we are asking the eib to help with .,17,17,0.733333,CAR
aslg_pc12:a865fe7b3de615273fd7,THAT DESC-ALSO IMPLY DESC-OPEN ACCESS TO INTERNET FOR CHILD AND DESC-YOUNG PEOPLE .,that also implies open access to the internet for children and young people .,15,13,0.769231,CHILD
aslg_pc12:3bdbc37ca7d268825db5,LET X-WE WAIT AND SEE TOMORROW WHICH WAY MAJORITY IN PARLIAMENT WISH TO GO .,let us wait and see tomorrow which way the majority in parliament wishes to go .,15,15,0.8,GO
aslg_pc12:a22304f62de438458d15,"THIS DO DESC-NOT START YESTERDAY , BUT WEEK DESC-AGO DESC-NOW .","this did not start yesterday , but a week ago now .",12,10,0.8,YESTERDAY
aslg_pc12:9261ae7d2f542f166ff1,THIS DESC-ALSO GO FOR POPULATION KOSOVO .,this also goes for the population of kosovo .,7,8,0.714286,GO
aslg_pc12:13f1e002c9cc232af31c,BUT COURSE X-YOU HAVE GO BEYOND X-YOU REMIT .,but of course you have gone beyond your remit .,10,9,0.75,GO
aslg_pc12:2d79dcc58a31c7e4245b,"IN ADDITION , DEMAND CONSUMER REGARD QUALITY FOOD BE INCREASE .","in addition , the demands of consumers regarding the quality of food are increasing .",9,13,0.444444,FOOD
aslg_pc12:17f7ed64aa74456a593e,"TODAY DESC-RE BE SURPLUS GRAIN , FOR EXAMPLE , IN STORE AND NO MARKET FOR X-Y .","today there are surpluses of grain , for example , in store and no market for them .",16,15,0.6,STORE
aslg_pc12:cd9874218278604435cd,X-I BE DESC-NOT GO TO REPEAT ALL DESC-DIFFERENT MEASURE THAT X-WE HAVE BE TAKE .,i am not going to repeat all the different measures that we have been taking .,18,15,0.6,GO
aslg_pc12:ddc5f33dbc84d538fc10,"THIS MRL BE DESC-VALID FOR EU PRODUCTION , BUT DESC-ALSO FOR IMPORT FOOD AND FEED .","this mrl is valid for eu production , but also for imported food and feed .",16,14,0.785714,FOOD
aslg_pc12:179259de22e070884d9f,"X-IT LEAVE 150 DESC-DEAD AND MORE THAN 1 000 INJURE , AND DESC-MANY WOMAN BE RAPE AND DISEMBOWEL .","it left 150 dead and more than 1 000 injured , and many women were raped and disembowelled .",17,14,0.428571,WOMAN
aslg_pc12:108ad7d422aa5ccaa0a8,DESC-SIMILAR SITUATION BE DESC-ALSO GO ON IN DESC-OR COUNTRY AND IN DESC-OR COMPANY FROM DESC-DIFFERENT DESC-INDUSTRIAL SECTOR .,similar situations are also going on in other countries and in other companies from different industrial sectors .,23,17,0.5,GO
aslg_pc12:51ea696f05f094c8dbee,X-WE BE GO TO WANT TO GET X-WE DESC-PARLIAMENTARY COMMITTEE INVOLVE IN THIS .,we are going to want to get our parliamentary committees involved in this .,16,13,0.538462,GO
aslg_pc12:8dc13dceb419f34352b8,X-WE BE DESC-NOT GO TO HAVE BROADCAST DESC-POLITICAL GROUP .,we are not going to have broadcasts of political groups .,12,10,0.454545,GO
aslg_pc12:151e0385a72b306aec78,"X-IT BE DESC-NOT GO TO PRODUCE REPORT DESC-MERELY TO BE HEAR , AS BE CASE UNTIL DESC-NOW .","it is not going to produce reports merely to be heard , as was the case until now .",20,17,0.666667,GO
aslg_pc12:847aa22dbd980f5c2de6,"THAT BE DESC-NOT GO TO BE DESC-POSSIBLE , BUT AT DESC-LEAST X-WE BE ON ROAD .","that is not going to be possible , but at least we are on the road .",18,15,0.785714,GO
aslg_pc12:15ef74d6d7b693fc7c0c,TEN YEAR HAVE GO BY AND DEATH HAVE CONTINUE .,ten years have gone by and the deaths have continued .,9,10,0.5,GO
aslg_pc12:248c0f2585e8f1988d1b,"DE MR PRESIDENT , X-MY DESC-SINCERE THANKS GO TO RAPPORTEUR .","de mr president , my sincere thanks go to the rapporteur .",11,10,0.818182,GO
aslg_pc12:2226eebf9de18c3cffc6,IF X-I MIGHT ADD EVERY CHILD NEED DESC-EQUAL CHANCE TO DEVELOP X-Y TREASURE .,if I might add every child needs an equal chance to develop their treasures .,16,14,0.666667,CHILD
aslg_pc12:a45d39949e7249361599,THIS BE BECAUSE WOMAN DESC-OFTEN FEAR BE MISUNDERSTAND BY AUTHORITY AND DESC-JUDICIAL BODY .,this is because women often fear being misunderstood by authorities and judicial bodies .,15,13,0.538462,WOMAN
aslg_pc12:eeddeefca3f570346cac,X-YOU BE MINISTER FROM 2002 TO DESC-200 NEXT DECADE WILL DECIDE WHERE EUROPE BE GO TO BE .,you were minister from 2002 to 200the next decade will decide where europe is going to be .,17,16,0.785714,GO
aslg_pc12:c2ef5c9a3ae6dfe3a15c,"AS FOR EUROPEAN PARLIAMENT , X-IT HAVE NO ROLE TO PLAY NOBODY ASK X-WE OPINION .","as for the european parliament , it had no role to play nobody asked our opinion .",16,15,0.733333,PLAY
aslg_pc12:1694dee007ccf95d33cc,X-WE VOTE IN THIS HOUSE ON REPORT THAT X-I PRODUCE ABOUT DESC-GLOBAL FOOD SECURITY .,we voted in this house on a report that I produced about global food security .,17,15,0.75,FOOD
aslg_pc12:1967c91b3b944ab99bb3,"DESC-EQUAL OPPORTUNITY , DESC-PARTICULARLY EQUALITY FOR WOMAN , BE ANOR PROBLEM .","equal opportunities , particularly equality for women , is another problem .",11,9,0.5,WOMAN
aslg_pc12:b47d9d00d84433fb1ec3,DESC-ILLEGAL EMPLOYMENT PLAY DESC-SIGNIFICANT ROLE IN REDUCE STANDARD EMPLOYMENT .,illegal employment plays a significant role in reducing standards of employment .,11,11,0.555556,PLAY
aslg_pc12:55b0fdeae27f621eb770,THAT DESC-RE SHOULD BE NO DESC-LEGAL LOOPHOLE THAT ALLOW PERPETRATOR TO GO DESC-UNPUNISHED BE DESC-IMPORTANT .,that there should be no legal loopholes that allow perpetrators to go unpunished is important .,19,15,0.714286,GO
aslg_pc12:38b407cae498e86499d3,X-I HIRE CAR IN FRANKFURT FOR X-MY DESC-FIRST DAY IN PARLIAMENT DESC-HERE .,i hired a car in frankfurt for my first day in parliament here .,16,13,0.769231,CAR
aslg_pc12:fe32bf658e4cf7122cc7,"X-IT BE DESC-UNACCEPTABLE , IN FACT , TO GO DESC-AHEAD WITH ADVANCE STATUS .","it is unacceptable , in fact , to go ahead with advanced status .",14,11,0.692308,GO
aslg_pc12:1d4e4d8c040fdf2aaf0e,DESC-FAIR DIVISION FAMILY AND DESC-DOMESTIC RESPONSIBILITY WOMAN AND MAN WILL HELP TO RESOLVE SITUATION .,a fair division of the family and domestic responsibilities of women and men will help to resolve the situation .,16,19,0.714286,WOMAN
aslg_pc12:d9b048d5ec6b9ca89445,DESC-RE BE PARALLEL NEGOTIATION GO ON WITH TURKEY .,there is a parallel negotiation going on with turkey .,9,9,0.555556,GO
aslg_pc12:5772243275d31ae33ab3,CLONING ANIMAL FOR FOOD SUPPLY VOTE,cloning of animals for food supply vote,6,7,0.833333,FOOD
aslg_pc12:9441935888a93db99876,CAR SALE HAVE FALL BY 59.4 % .,car sales have fallen by 59.4 % .,5,5,0.6,CAR
aslg_pc12:7eda68c01213c9cb8926,THIS PRINCIPLE BE DESC-INTEGRAL PART X-WE DIALOGUE WITH ALL PARTNER IN EUROPE AND OUTSIDE .,this principle is an integral part of our dialogue with all partners in europe and outside .,16,16,0.6875,OUTSIDE
aslg_pc12:140421fdd25c77716aa0,X-IT DESC-ALSO PROMOTE DESC-MUCH DESC-WIDER AWARENESS DESC-SEXUAL HEALTH MATTER FOR BOTH WOMAN AND MAN .,it also promotes a much wider awareness of sexual health matters for both women and men .,19,16,0.625,WOMAN
aslg_pc12:47d68846463a9c0d3c2d,"FOR EXAMPLE , WOULD BAN ON BLEND RED AND DESC-WHITE WINE BE DESC-REGIONAL OR DESC-NATIONAL BAN ?","for example , would the ban on blending red and white wine be a regional or national ban ?",18,17,0.866667,RED
aslg_pc12:1ac7b114f258a419e7ac,LET X-WE DESC-SIMPLY GO FOR POSITION X-WE SUPPORT 100 % .,let us simply go for a position we support 100 % .,11,9,0.777778,GO
aslg_pc12:1ae7486085117b93e180,WOMAN X-POSS RIGHTS IN SAUDUS ARABIUM VOTE,women's rights in saudi arabia vote,8,6,0.375,WOMAN
aslg_pc12:f9dc49d730df7de4f137,BE FACT THAT DOZEN 16 YEAR DESC-OLD PALESTINIAN CHILD BE IN GAOL DESC-NOT DESC-HUMANITARIAN ISSUE ?,is the fact that dozens of 16 year old palestinian children are in gaol not a humanitarian issue ?,17,17,0.714286,CHILD
aslg_pc12:6f2ce40d85ac7a4e6fb4,"FIFTY SEVEN PEOPLE BE KILL , WOMAN BE RAPE , PEOPLE BE INJURE X-Y CONVEY DESC-BLOODY MESSAGE .","fifty seven people were killed , women were raped , people were injured they convey a bloody message .",17,16,0.428571,WOMAN
aslg_pc12:8fb20755a306de091c16,"THIS FIVE YEAR PROGRAM GO DESC-BACK TO AIM TAMPERE , SEEK DESC-REAL PROGRESS IN DESC-MANY AREA .","this five year programme goes back to the aims of tampere , seeking real progress in many areas .",18,17,0.625,GO
aslg_pc12:6737606db3aab337d39e,"THIS BE , BY WAY , GO TO BE X-WE DESC-LAST RESOLUTION ADOPT IN DESC-200 DESC-WIDESPREAD PRACTICE HARASSMENT , PERSECUTION AND CONVICTION OPPOSITION JOURNALIST BE DESC-ALARMING .","this is , by the way , going to be our last resolution adopted in 200the widespread practice of harassment , persecution and conviction of opposition journalists is alarming .",27,26,0.727273,GO
aslg_pc12:32cf6ce42bc61ac9ca06,X-I BE DESC-LITTLE DESC-CONCERNED THAT PRESIDENCY BE GO TO ABANDON X-ITS PRIORITY .,i was a little concerned that the presidency was going to abandon its priorities .,16,14,0.615385,GO
aslg_pc12:67eb0f879c1b22958b46,"DESC-HOWEVER , X-IT BE DESC-IMPORTANT FOR X-WE THAT WOMAN BE DESC-NOT DESC-ONLY TAKE INTO ACCOUNT IN TERM NUMBER .","however , it is important for us that women are not only taken into account in terms of numbers .",23,18,0.555556,WOMAN
aslg_pc12:f6bbecfa211a4b19166d,HOW BE EUROPEAN UNION GO TO ORGANISE X-ITSELF IN ORDER TO REACH AGREEMENT ?,how is the european union going to organise itself in order to reach an agreement ?,14,15,0.769231,GO
aslg_pc12:63c107a47badd8ee3172,"AT DESC-SAME TIME , X-WE MUST DESC-ALSO PLAY ON LEVEL PLAY FIELD .","at the same time , we must also play on a level playing field .",14,13,0.833333,PLAY
aslg_pc12:f3190071e2157bbec7d1,X-WE HEAR FROM COMPONENT MANUFACTURER THAT CAR ASSEMBLER BE DESC-TOO DESC-LOW IN X-Y AMBITION .,we hear from the component manufacturers that the car assemblers are too low in their ambitions .,18,16,0.5625,CAR
aslg_pc12:bae45515d6c9e311613e,"TODAY , CAPITALIST SYSTEM HAVE TURN SOIL AND FOOD INTO COMMODITY , INTO OBJECT DESC-GLOBAL SPECULATION .","today , the capitalist system has turned soil and food into commodities , into objects of global speculation .",15,16,0.642857,FOOD
aslg_pc12:57228f8264b612fb8018,SOME X-WE DESC-ALSO TOUCH ON COOPERATION WITH RED CROSS .,some of us also touched on cooperation with the red cross .,11,11,0.636364,RED
aslg_pc12:c9395776fffb2cc03b74,DESC-OPEN CHANNEL COMMUNICATION WITH AUTHORITY MUST GO HAND IN HAND WITH REJECTION DESC-UNDEMOCRATIC PARLIAMENT IN MINSK .,opening channels of communication with the authorities must go hand in hand with rejection of the undemocratic parliament in minsk .,18,20,0.714286,GO
aslg_pc12:3e6396911ab3ee3cf5bd,"AT MOST , DESC-ELECTRIC CAR SOLVE EMISSION PROBLEM .","at most , electric cars solve the emissions problem .",8,8,0.625,CAR
aslg_pc12:80f4cef3af2cb38f5e34,MEMBER EUROPEAN PARLIAMENT PLAY DESC-CRUCIAL ROLE IN PROMOTE EUROPEAN YOUTH POLICY IN MEMBER STATE .,the members of the european parliament play a crucial role in promoting european youth policies in the member states .,15,19,0.666667,PLAY
aslg_pc12:9b3104e45c7444e608b5,"SE COUNTRY MUST BE ALLOW TO DECIDE X-MSELVES ON X-Y SECURITY POLICY SOLUTION , WITHOUT ANY PRESSURE FROM OUTSIDE .","these countries must be allowed to decide themselves on their security policy solutions , without any pressure from outside .",20,18,0.631579,OUTSIDE
aslg_pc12:b52197de7985d8b50ec7,FLAVORING AND DESC-CERTAIN FOOD INGREDIENT WITH FLAVORING PROPERTY,flavourings and certain food ingredients with flavouring properties,9,8,0.5,FOOD
aslg_pc12:b103249ada34fec0ef01,"AS HEAD POLICE AUTHORITY , THIS MINISTER SHOULD PACK X-HE BAG AND GO .","as the head of a police authority , this minister should pack his bags and go .",13,15,0.769231,GO
aslg_pc12:982ec923a92d41ba4f2f,"DESC-CONSEQUENTLY , X-I WILL DESC-NOT GO INTO DETAIL ON X-ITS RESULT .","consequently , I will not go into detail on its results .",14,10,0.75,GO
aslg_pc12:d7774c3f69f830ab7f7c,"FOR ROMA WOMAN , LIFE EXPECTANCY CAN BE DESC-UP TO 10 YEAR DESC-LESS THAN THOSE MAJORITY .","for roma women , life expectancy can be up to 10 years less than those of the majority .",16,16,0.8,WOMAN
aslg_pc12:599710aaf9f535d784a1,AVERAGE AGE FOR DESC-FIRST PREGNANCY BE DESC-ONLY 10 % ROMA WOMAN USE CONTRACEPTION .,the average age for the first pregnancy is only 10 % of roma women use contraception .,13,14,0.75,WOMAN
aslg_pc12:0e32cb9f8bae8dd4bede,THANKS MUST DESC-ALSO GO TO COLLEAGUE FROM DESC-OR GROUP WHO HAVE MAKE DESC-VERY DESC-CONSTRUCTIVE SUGGESTION .,thanks must also go to colleagues from other groups who have made very constructive suggestions .,19,15,0.625,GO
aslg_pc12:36e4861d5a8be032f134,"X-YOU CAN DESC-NOT SAY THAT X-WE DO DESC-NOT DO DESC-SO , BECAUSE X-WE BE GO TO REVISE DIRECTIVE .","you cannot say that we do not do so , because we are going to revise the directive .",23,17,0.6875,GO
aslg_pc12:5e455767a65f56ed2eb7,COMMISSION HAVE SUBMIT DESC-GOOD PROPOSAL FOR UPDATE REGULATION ON NOVEL FOOD .,the commission has submitted a good proposal for updating the regulation on novel foods .,12,14,0.583333,FOOD
aslg_pc12:583fb3a2249a715e4cea,THAT BE WHY PARLIAMENT DO DESC-WELL TO DRAW NUMBER RED LINE .,that is why parliament does well to draw a number of red lines .,12,13,0.666667,RED
aslg_pc12:64f3d13956bdef5bde5f,X-WE DESC-CENTRAL CONCERN MUST BE TO PROTECT DESC-VULNERABLE GROUP DESC-SUCH AS CHILD AND DESC-PREGNANT WOMAN .,our central concern must be to protect vulnerable groups such as children and pregnant women .,20,15,0.647059,CHILD|WOMAN
aslg_pc12:e4bbfa62b5db484e08b5,"DESC-MOREOVER , TRIBUNAL PLAY DESC-IMPORTANT ROLE IN EUROPEAN POLICY WITH REGARD TO DESC-WESTERN BALKAN .","moreover , the tribunal plays an important role in european policy with regard to the western balkans .",16,16,0.785714,PLAY
aslg_pc12:37db436d62558a9fd2ed,X-WE MUST MAKE DESC-SURE THAT CHILD SAFETY BECOME DESC-CENTRAL ISSUE IN ALL EU MEMBER STATE .,we must make sure that child safety becomes a central issue in all eu member states .,18,16,0.764706,CHILD
aslg_pc12:9886779f4f1e3277e8c5,"PEOPLE BE LOSE X-Y JOB , DESC-MANY BUSINESS BE GO DESC-BANKRUPT , WHILE DESC-NATIONAL BUDGET BE IN DESC-MAJOR DEFICIT .","people are losing their jobs , many businesses are going bankrupt , while national budgets are in major deficit .",22,17,0.470588,GO
aslg_pc12:76389e250cdbe0b7b969,"MR PRESIDENT , X-WE GO ON AND ON AND ON .","on behalf of the ecr group . mr president , we go on and on and on .",10,15,0.857143,GO
aslg_pc12:6ac82867f21c409ab731,MAJORITY DESC-ALMOST 80 MILLION PEOPLE DESC-LIVE IN POVERTY IN EUROPE BE WOMAN AND CHILD .,the majority of the almost 80 million people living in poverty in europe are women and children .,15,16,0.615385,CHILD|WOMAN
aslg_pc12:253adbfbd16f40b154bd,X-WE BE GO TO HAVE PRESIDENT EUROPEAN COUNCIL .,we are going to have a president of the european council .,9,11,0.666667,GO
aslg_pc12:39c691cf470f7fe7a968,"FINLAND OUTSIDE NATO BE IN DESC-GOOD COMPANY WITH SWEDEN , AUSTRIUM AND SWITZERLAND .","finland outside nato is in good company with sweden , austria and switzerland .",13,12,0.769231,OUTSIDE
aslg_pc12:c95b20cdc2363845f9dd,CAN X-WE EXPECT THAT THIS BE GO TO BE IMPROVE ?,can we expect that this is going to be improved ?,11,10,0.7,GO
aslg_pc12:aa4e4d30c76d4c4c6f7a,"STRATEGY COME AND GO , AND ECONOMY COLLAPSE .","strategies came and went , and the economy collapsed .",7,8,0.333333,GO
aslg_pc12:f64b232c65598c9a2d54,X-WE BE DESC-AWARE SENSITIVITY CAR SECTOR .,we are aware of the sensitivities of the car sector .,8,10,0.5,CAR
aslg_pc12:9aa91f1f1bba1daf8d1e,DESC-RE BE SOME MEMBER STATE WHERE EMPLOYMENT RATE FOR WOMAN BE DESC-STILL DESC-VERY DESC-MUCH DESC-LOWER THAN FOR MAN .,there are some member states where the employment rate for women is still very much lower than for men .,23,19,0.647059,WOMAN
aslg_pc12:887d02a1c6d0751e2007,X-WE SHOULD BE DESC-ABLE TO SHOW TO EUROPEAN CITIZEN THAT EUROPE BE DESC-NOT DESC-ONLY RUN BY MAN .,we should be able to show to european citizens that europe is not only run by men .,21,17,0.764706,RUN
aslg_pc12:65484c25049f51ed0e5e,X-I BE ALL IN FAVOR DESC-EQUAL TREATMENT MAN AND WOMAN IN EYE LAW .,i am all in favour of the equal treatment of men and women in the eyes of the law .,15,19,0.5,WOMAN
aslg_pc12:27a5fbb95ec7e9f810bc,EVERYONE KNOW THAT BRITAIN BE DESC-WORSE OFF THAN ANY DESC-OR COUNTRY AS X-WE GO INTO SE DESC-HARD TIME .,everyone knows that britain is worse off than any other country as we go into these hard times .,22,18,0.65,GO
aslg_pc12:c14d3b7fa5f985992f2a,THIS BE MOST DESC-EXCLUSIVE ELECTORATE IN EUROPE 736 MEP GET TO DECIDE WHO WILL RUN CONTINENT .,this is the most exclusive electorate in europe 736 meps get to decide who will run the continent .,16,17,0.8125,RUN
aslg_pc12:37cc90719f1f4343389b,"DESC-REFORE , X-I WANT ANY LABEL SYSTEM TO CREATE LEVEL PLAY FIELD .","therefore , I want any labelling system to create a level playing field .",13,12,0.615385,PLAY
aslg_pc12:0ad92df0a6cbf249a62b,WOMAN AND CHILD CONTINUE TO BE RAPE AND TRAFFIC .,women and children continue to be raped and trafficked .,9,9,0.5,CHILD|WOMAN
aslg_pc12:354e28ac4702acc32d9e,THIS MEAN ENSURE THAT COMPANY OPERATE IN EU BE CHILD LABOR DESC-FREE .,this means ensuring that companies operating in the eu are child labour free .,13,13,0.461538,CHILD
aslg_pc12:7a3c05eb2de985764c02,"DESC-RE BE DESC-LONG WAY TO GO TO ACHIEVE EUROPEAN STANDARD , BUT SOME PROGRESS NEED TO BE MAKE .","there is a long way to go to achieving european standards , but some progress needs to be made .",19,18,0.6,GO
aslg_pc12:4e046e30ac45f5895a80,"X-WE MUST , DESC-REFORE , CONTINUE TO STRESS THAT VIOLENCE AGAINST WOMAN BE NEIR DESC-NATURAL NOR DESC-UNAVOIDABLE .","we must , therefore , continue to stress that violence against women is neither natural nor unavoidable .",19,15,0.647059,WOMAN
aslg_pc12:f9bac56059737094e16e,X-WE HAVE TO END TRAVESTY WOMAN LOSE RIGHTS WHEN X-Y CARE OR BRING SOMEBODY INTO LIFE .,we have to end the travesty of women losing rights when they care or bring somebody into life .,18,18,0.764706,WOMAN
aslg_pc12:c724e26607f3206a577d,X-IT BE LACK INVESTMENT IN AGRICULTURE THAT HAVE LEAD TO THIS PHENOMENON FOOD INSECURITY .,it is the lack of investment in agriculture that has led to this phenomenon of food insecurity .,15,17,0.733333,FOOD
aslg_pc12:cc0c54078117e9eaea55,X-I DESC-JUST CAN SAY THAT VISA FEE AND VISA FOR CHILD BE SPECIFIC TO EACH AND EVERY COUNTRY .,i just can say that visa fees and visas for children are specific to each and every country .,20,18,0.722222,CHILD
aslg_pc12:0f890791e570e0d2167b,"MINORITY WOMAN BE EXPERIENCE POVERTY , EXCLUSION AND DISCRIMINATION .","minority women are experiencing poverty , exclusion and discrimination .",8,8,0.625,WOMAN
aslg_pc12:30ab1419d4af8f9971b5,"X-WE NEED TO GET UNEMPLOYMENT RATE DESC-DOWN FOR WOMAN , MAN , DESC-YOUNG PEOPLE AND DESC-OLDER PEOPLE .","we need to get the unemployment rate down for women , men , young people and older people .",19,16,0.75,WOMAN
aslg_pc12:a2c27d2790bac797cab0,CESR WILL BE DESC-SINGLE ENTRY POINT FOR REGISTER AGENCY AND X-IT WILL DESC-INITIALLY PLAY COORDINATOR ROLE .,the cesr will be the single entry point for registering agencies and it will initially play a coordinator role .,19,19,0.764706,PLAY
aslg_pc12:3a0da8d0a34a5923d3e0,EUROPE 2020 MUST DESC-NOT GO DESC-SAME WAY .,europe 2020 must not go the same way .,8,7,0.857143,GO
aslg_pc12:8bdcdae4cdbe0a6cbd65,"DESC-UNDOUBTEDLY , DESC-AGRICULTURAL YIELD WILL GO DESC-DOWN .","undoubtedly , agricultural yields will go down .",9,6,0.714286,GO
aslg_pc12:9b612239ea3d53aba916,"OUTSIDE DESC-LEGISLATIVE PROCEDURE , REPORT X-WE HAVE BEFORE X-WE BE DESC-NOT DESC-PARTICULARLY DESC-IMPRESSIVE .","outside the legislative procedure , the report we have before us is not particularly impressive .",18,14,0.769231,OUTSIDE
aslg_pc12:857409e1551b77d1e0e7,"BESIDES , DESC-ELECTRIC CAR BE DESC-USELESS AT MOMENT .","besides , an electric car is useless at the moment .",9,9,0.75,CAR
aslg_pc12:537891e3238d349fbe42,X-IT BE DESC-REFORE DESC-IMPORTANT DESC-NOT TO EXCLUDE DESC-PRIVATE CAR AND TO FOCUS MORE ON LOGISTICS IN TOWN .,it is therefore important not to exclude private cars and to focus more on logistics in the town .,22,18,0.722222,CAR
aslg_pc12:939917e2f1dfdf0afed9,X-I REMEMBER AS STUDENT READING JOSEPH WEILER X-POSS ARTICLE ABOUT PROTECTION DESC-HUMAN RIGHTS .,i remember as a student reading joseph weiler's articles about the protection of human rights .,16,15,0.666667,STUDENT
aslg_pc12:5b87edfecc31e3e22322,THIS SITUATION HAVE DEMONSTRATE IMBALANCE THAT EXIST BETWEEN THOSE IN DESC-AGRICULTURAL AND FOOD SECTOR VALUE CHAIN .,this situation has demonstrated the imbalance that exists between those in the agricultural and food sector value chain .,17,18,0.764706,FOOD
aslg_pc12:33fbdcfb5bb664184454,X-I HAVE VOTE IN FAVOR MR LIOTARD X-POSS PROPOSAL ON NOVEL FOOD .,i have voted in favour of mr liotard's proposal on novel foods .,14,12,0.538462,FOOD
aslg_pc12:3ced26b1640917dae31b,"DESC-HOWEVER , THIS START WITH EDUCATION X-WE CHILD .","however , this starts with the education of our children .",9,9,0.444444,CHILD
aslg_pc12:3530799d2074acb2b4c1,"X-I FEEL THAT , IN DESC-LONG RUN , THIS WILL BE DESC-WELL WORTH X-IT .","i feel that , in the long run , this will be well worth it .",16,13,0.857143,RUN
aslg_pc12:0bbe672775db11d5a6bb,"DESC-HOWEVER , LEVEL PLAY FIELD WILL DESC-NOT BE DISADVANTAGE .","however , a level playing field will not be a disadvantage .",10,10,0.777778,PLAY
aslg_pc12:d34cd31304de1ad20861,X-IT BE DESC-REFORE DESC-RIGHT TO CREATE EXEMPTION DESC-HERE FOR CHILD .,it is therefore right to create an exemption here for children .,14,11,0.583333,CHILD
aslg_pc12:05ffc726df6b24da0ca2,X-I BE CONVINCE THAT MAKE CAR MANUFACTURER SCAPEGOAT FOR CLIMATE CHANGE BE DESC-DEEPLY FLAW AND DESC-COUNTERPRODUCTIVE POLICY .,i am convinced that making car manufacturers the scapegoats for climate change is a deeply flawed and counterproductive policy .,20,19,0.555556,CAR
aslg_pc12:dfd44ba993cc54239ebc,"DESC-INDEED , X-WE KNOW DESC-VERY DESC-WELL THAT WITHOUT CONTRIBUTION WOMAN , DESC-RE WILL BE NO DEVELOPMENT .","indeed , we know very well that without the contribution of women , there will be no development .",19,16,0.75,WOMAN
aslg_pc12:c26a553208804906d0ab,IN UNITE KINGDOM NURSE AND TEACHER FACE CUT IN X-Y PAY AND PENSION .,in the united kingdom nurses and teachers face cuts in their pay and pensions .,14,14,0.416667,TEACHER
aslg_pc12:eafaaaa90118bb298909,"X-IT BE GO , GO , GO ALL TIME .","it is go , go , go all the time .",8,8,0.666667,GO
aslg_pc12:1952c23130845db14c7f,"EURO , DESC-STABLE DESC-COMMON CURRENCY , HAVE PLAY PART DESC-REAL DESC-MONETARY SHIELD .","the euro , a stable common currency , has played the part of a real monetary shield .",14,15,0.727273,PLAY
aslg_pc12:3ef1af47ec6c80edc6de,X-WE BE DESC-NOW ENSURE THAT ALL EUROPEAN WOMAN HAVE DESC-RIGHT TO MATERNITY LEAVE .,we are now ensuring that all european women have the right to maternity leave .,16,14,0.666667,WOMAN
aslg_pc12:71b65f0dab95ffd3dfb6,ANOR EXAMPLE BE THAT ROLE WOMAN .,another example is that of the role of women .,6,9,0.5,WOMAN
aslg_pc12:e6b946510820d1f1431f,"X-I BE , DESC-REFORE , GO TO ALLOW DESC-ONLY SIX MEMBER TO SPEAK .","i am , therefore , going to allow only six members to speak .",14,11,0.5,GO
aslg_pc12:c87ab3c03054a9521a70,X-IT WOULD BE NA?VE TO IGNORE ROLE EU REGULATION IN DESC-CURRENT CRISIS AFFLICT CAR INDUSTRY .,it would be naïve to ignore the role of eu regulation in the current crisis afflicting the car industry .,18,20,0.833333,CAR
aslg_pc12:77cd4268498babf8b21b,X-WE BE DESC-PROBABLY GO TO HAVE DESC-HIGH REPRESENTATIVE .,we are probably going to have a high representative .,11,9,0.6,GO
aslg_pc12:eb6e980655d4ca834ae0,REQUIRE AMOUNT FOR DEVELOP COUNTRY BE ESTIMATE TO GO DESC-UP TO EUR 120 150 BILLION DESC-ANNUALLY IN DESC-20SE MAY DESC-PARTLY BE SUPPORT BY DESC-INTERNATIONAL LOAN ARRANGEMENT IN ORDER TO MOBILISE DESC-INTERNATIONAL DESC-PRIVATE FINANCE .,required amounts for developing countries are estimated to go up to eur 120 150 billion annually in 20these may partly be supported by international loan arrangements in order to mobilise international private finance .,38,31,0.666667,GO
aslg_pc12:0a6211b992ae670c4bea,ALL DESC-OR BOOK BE OUTSIDE SCOPE SETTLEMENT .,all other books are outside the scope of the settlement .,8,10,0.5,OUTSIDE
aslg_pc12:0a1fff9b3804ca82bdf2,WHERE DO DESC-MANY MILLION EURO GO ?,where do the many millions of euro go ?,7,8,0.714286,GO
aslg_pc12:f2b97bd9e7e9cf2fe276,"IF X-YOU GO ON PUSH X-YOU EXTREME EURO NATIONALISM , THIS WILL LEAD TO VIOLENCE .","if you go on pushing your extreme euro nationalism , this will lead to violence .",16,14,0.857143,GO
aslg_pc12:24bff3591d989564afb3,"DESC-HOWEVER , IN ABSENCE DESC-BINDING AGREEMENT , WHAT WOULD X-WE MODUS OPERANDUS BE GO DESC-FORWARD ?","however , in the absence of a binding agreement , what would our modus operandi be going forward ?",17,16,0.666667,GO
aslg_pc12:e5b5860182089189fe1e,"X-WE NEED TO TAKE SOME DESC-FUNDAMENTAL RULE INTO ACCOUNT , BOTH OUTSIDE AND INSIDE PARLIAMENT .","we need to take some fundamental rules into account , both outside and inside parliament .",16,14,0.8125,OUTSIDE
aslg_pc12:8dd00f5d16e017610bdd,"IN THIS CONTEXT , INTERREGIONAL COOPERATION PLAY DESC-IMPORTANT ROLE .","in this context , interregional cooperation plays an important role .",9,9,0.777778,PLAY
aslg_pc12:2b9e26e9143b3318f3b6,DESC-SUCH DESC-PERSONAL INVOLVEMENT BE DESC-INDISPENSABLE X-WE NEED TO GO FROM PAPER RECOMMENDATION TO DESC-REAL LIFE COMMITMENT .,such personal involvement is indispensable we need to go from paper recommendations to real life commitment .,21,16,0.764706,GO
aslg_pc12:7f29dbdbd56fd82199d1,X-IT CAN BE SAY THAT VIS BE GO DESC-VERY DESC-MUCH ACCORD TO PLAN AGREE WITH MEMBER STATE .,it can be said that vis is going very much according to the plan agreed with the member states .,20,19,0.611111,GO
aslg_pc12:9b55ca94181873cd25b7,"X-WE RULE FOR DESC-INTERNAL GOVERNANCE GO DESC-VERY DESC-LONG WAY DESC-TOO DESC-FAR , IN FACT .","our rules for internal governance go a very long way too far , in fact .",19,14,0.733333,GO
aslg_pc12:57ce6aa2f8f24dc8709d,"TO CONCLUDE , X-I BELIEVE THAT PRIORITY MUST DESC-ALSO BE GIVE TO MODE TRANSPORT DESC-OR THAN CAR .","to conclude , I believe that priority must also be given to modes of transport other than cars .",19,17,0.647059,CAR
aslg_pc12:51992e05f46d75cea1d6,DESC-GENETICALLY MODIFY FOOD AND FEED IMPLEMENT POWER CONFER ON COMMISSION VOTE,genetically modified food and feed implementing powers conferred on the commission vote,12,12,0.583333,FOOD
aslg_pc12:07adde4a55897ee4a176,"DESC-PRIME MINISTER , X-WE DESC-STRONGLY DESC-WELCOME X-YOU DETERMINATION TO PLAY DESC-SUCH ROLE .","prime minister , we strongly welcome your determination to play such a role .",17,12,0.769231,PLAY
aslg_pc12:31513ad298ccc29d662d,X-IT BE DESC-GOOD COMMISSIONER BARROT TO GO TO LAMPEDUSA IN NEXT DESC-FEW DAY AND X-I APPRECIATE THIS .,it is good of commissioner barrot to go to lampedusa in the next few days and I appreciate this .,21,19,0.777778,GO
aslg_pc12:8a01291437912c32d184,DEVELOP COUNTRY BE DESC-NOT GO TO DO X-IT AND DEVELOP COUNTRY BE DESC-EVEN DESC-LESS DESC-LIKELY TO DO DESC-SO .,developed countries are not going to do it and developing countries are even less likely to do so .,24,18,0.6,GO
aslg_pc12:2a2ec55f8c403e0a74b7,"DESC-ECONOMIC CRISIS BE DESC-FAR FROM OVER , BUT X-WE HAVE DESC-SOLID MANDATE GO INTO CLIMATE NEGOTIATION .","the economic crisis is far from over , but we have a solid mandate going into the climate negotiations .",19,18,0.705882,GO
aslg_pc12:3964c6490acbb40e39ed,"DESC-SECONDLY , FLEXIBILITY PROVISION AIM MORE DESC-GENERALLY TO PROTECT FOOD DIVERSITY AND HELP DESC-SMALL SCALE PRODUCER .","secondly , the flexibility provisions aim more generally to protect food diversity and help small scale producers .",18,16,0.8125,FOOD
aslg_pc12:91f4320da945e2cc3907,FOOD PRICE IN EUROPE DESC-SHORT PRESENTATION,food prices in europe short presentation,7,6,0.714286,FOOD
aslg_pc12:a5fbd77366ffd49d8eb6,EUROPE X-POSS CAMPAIGN TO PROTECT WOMAN BE MAKE HEADWAY WITH THIS TEXT .,europe's campaign to protect women is making headway with this text .,13,11,0.538462,WOMAN
aslg_pc12:0f511ed2f67982a6b6f2,"DESC-NEW DESC-AGRICULTURAL POLICY MUST DESC-ALSO DESC-REFORE BE FOOD , DESC-ENVIRONMENTAL AND TERRITORIAL POLICY .","a new agricultural policy must also therefore be a food , environmental and territorial policy .",17,14,0.833333,FOOD
aslg_pc12:3324deb9b15a58243ab2,TEN AND HALF MILLION CHILD BE DESC-NOT DESC-JUST STATISTIC .,ten and a half million children is not just a statistic .,11,11,0.7,CHILD
aslg_pc12:272966e0f856489fe243,CAR INDUSTRY BE ONE INDUSTRY THAT HAVE BE DESC-HARDEST HIT .,the car industry is one of the industries that has been hardest hit .,11,13,0.666667,CAR
aslg_pc12:5b71312dbe16ea26839d,X-Y FIND X-IT DESC-JUST DESC-TOO DESC-EASY TO RE TRAFFIC SE CHILD .,they find it just too easy to re traffic these children .,16,11,0.615385,CHILD
aslg_pc12:d297c003b30c098589c3,"DESC-FOURTHLY , X-WE MUST PROVIDE TAX RELIEF ON DESC-ELECTRIC CAR THROUGHOUT EUROPE .","fourthly , we must provide tax relief on electric cars throughout europe .",14,11,0.769231,CAR
aslg_pc12:77fff0aaf2fbac384ef3,"X-I WOULD AGREE WITH ALL THOSE WHO SAY , AS X-I CONFIRM , THAT EUROPEAN FOOD BE DESC-SAFE .","i would agree with all those who said , as I confirmed , that european food is safe .",19,16,0.705882,FOOD
aslg_pc12:5f2f276eb4ca1b323791,"IF X-WE DO , THREE MILLION PEOPLE IN X-WE COUNTRY BE GO TO LOSE OUT ON THIS .","if we do , three million people in our country are going to lose out on this .",18,16,0.8125,GO
aslg_pc12:df65f031ed7c91c356d3,CHILD DESC-ACTUALLY RECEIVE HUMANE TREATMENT .,children actually receive humane treatment .,6,5,0.666667,CHILD
aslg_pc12:bf1439aa399f3a9ebe2e,X-I BE DESC-PLEASED THAT COMMISSION ACCEPT THAT BUSINESS HAVE DESC-IMPORTANT ROLE TO PLAY .,i am pleased that the commission accepts that business has an important role to play .,16,15,0.642857,PLAY
aslg_pc12:eebe11121563ae7a1f5b,BOTH NOMINATION BE DESC-CONTROVERSIAL AND DESC-RE BE DESC-VARIOUS DISCUSSION GO ON ABOUT BOTH X-Y .,both nominations are controversial and there are various discussions going on about both of them .,18,15,0.428571,GO
aslg_pc12:5035a0ae12a528df13b7,THIS BE DESC-NOT DESC-JUST PROBLEM FOR WOMAN .,this is not just a problem for women .,9,8,0.625,WOMAN
aslg_pc12:9122deca8c65a2a1d67d,"X-IT BE DESC-BLOODY CONFLICT , AND WOMAN AND CHILD BE SUFFER DESC-PARTICULARLY AS RESULT X-IT .","it is a bloody conflict , and women and children are suffering particularly as a result of it .",18,17,0.538462,CHILD|WOMAN
aslg_pc12:b6779d0a88801d82d2dd,X-Y BE GO TO LAUNCH DESC-TERRORIST ATTACK IN SPAIN USE DESC-EXPLOSIVE .,they were going to launch terrorist attacks in spain using explosives .,14,11,0.384615,GO
aslg_pc12:1ca6d2a2aac298d52674,"DESC-HOWEVER , X-IT FAIL TO MENTION THAT PARENT SHOULD PLAY DESC-PRIMARY ROLE IN PROTECT CHILD FROM TRAFFICKING .","however , it fails to mention that parents should play a primary role in protecting children from trafficking .",19,17,0.666667,CHILD|PLAY
aslg_pc12:8daf78d92d0823a47a3b,PRODUCT DESC-SUCCESSFULLY DEVELOP BY STUDENT AT UNIVERSITY HAVE DESC-IMMEDIATE DESC-PRACTICAL USE IN DESC-LOCAL ECONOMY .,the products successfully developed by the students at the university have an immediate practical use in the local economy .,18,19,0.733333,STUDENT
aslg_pc12:317b1693ca2fd464f968,"X-IT BE DESC-VITAL FOR X-WE DESC-RURAL WORLD , AND FOR FOOD SECURITY AND QUALITY .","it is vital for our rural world , and for food security and quality .",17,13,0.692308,FOOD
aslg_pc12:602351b1257bad7ce1df,DESC-SEXUAL EXPLOITATION DESC-MINOR AND CHILD PORNOGRAPHY BE GRAVE VIOLATION DESC-HUMAN RIGHTS .,the sexual exploitation of minors and child pornography are a grave violation of human rights .,14,15,0.75,CHILD
aslg_pc12:018d4dfb468faf9366d2,DESC-JUST DESC-FEW DESC-GREEN OR RED DOT OR WHOLE PERSON WHO BE BE SCAN ?,just a few green or red dots or the whole person who is being scanned ?,16,15,0.666667,RED
aslg_pc12:feaf6588d15db67a2b34,NOVEL FOOD DEBATE,novel foods debate,3,3,0.666667,FOOD
aslg_pc12:49c866d14c38ac275cf7,X-IT BE DESC-NOT GO TO BE MEASURE BY NUMBER MEETING THAT X-WE HOLD .,it is not going to be measured by the number of meetings that we hold .,16,15,0.642857,GO
aslg_pc12:e4758fcd6419134d2d62,X-SHE BE DESC-FOURTH WOMAN TO BE HANG BY REGIME IN PAST MONTH .,she is the fourth woman to be hanged by the regime in the past month .,14,15,0.769231,WOMAN
aslg_pc12:ba371bbf51dd81d97180,SUBJECT CAR RENTAL COMPANY,subject car rental companies,4,4,0.75,CAR
aslg_pc12:770d6b95252b1c5d2f14,X-I VOTE FOR REPORT ON FUTURE FOOD QUALITY POLICY .,i voted for the report on the future of food quality policy .,10,12,0.8,FOOD
aslg_pc12:9b559d5773261fbf80ed,"X-WE NEED TO STOP DEAL WITH CYBERSPACE AS IF X-IT BE SOMETHING OUTSIDE X-WE DESC-DAILY LIFE , SOMETHING DESC-SEPARATE .","we need to stop dealing with cyberspace as if it were something outside our daily life , something separate .",23,18,0.777778,OUTSIDE
aslg_pc12:4a7303fd51b3deedefae,NO ONE CAN SAY THAT DESC-LEGAL INSTRUMENT IGNORE WOMAN X-POSS RIGHTS .,no one can say that the legal instruments ignore women's rights .,13,11,0.615385,WOMAN
aslg_pc12:73bfb6b7bc03dd58a43c,X-I GO DESC-TOO DESC-FAR IN WHAT X-I SAY .,i went too far in what I said .,12,8,0.555556,GO
aslg_pc12:07b326ac15d93663de3f,VOTE FOR THIS BUDGET WOULD GO AGAINST EUROPEAN DESC-GENERAL INTEREST .,voting for this budget would go against the european general interest .,11,11,0.818182,GO
aslg_pc12:06d370c15161a63f14e7,X-WE DO DESC-NOT AGREE WITH FINGERPRINTING CHILD 14 YEAR AGE .,we do not agree with the fingerprinting of children of 14 years of age .,11,13,0.636364,CHILD
aslg_pc12:4398be9b05c633138795,"DE MR PRESIDENT , YESTERDAY UNITE NATIONSANTUS RACISM CONFERENCE DESC-OPEN IN GENEVA .","de mr president , yesterday the united nationsanti racism conference opened in geneva .",12,12,0.666667,YESTERDAY
aslg_pc12:3e7523009a21818023c5,"DESC-INSTEAD , X-IT EMBODY DESC-FUNDAMENTAL DESC-ECONOMIC PRINCIPLE LEVEL PLAY FIELD .","instead , it embodies the fundamental economic principle of levelling the playing field .",13,12,0.545455,PLAY
aslg_pc12:910ec7183264bdb95920,"THAT , COMMISSIONER , BE DESC-WRONG WAY TO GO .","that , commissioner , is the wrong way to go .",8,8,0.75,GO
aslg_pc12:a172504c68cd304e1319,THIS WILL BE INCENTIVE FOR PRODUCER TO FOCUS MORE ON QUALITY AND FOOD SAFETY .,this will be an incentive for producers to focus more on quality and food safety .,14,15,0.928571,FOOD
aslg_pc12:a5a262f8f211d0511276,"DENIAL BE DESC-EASY OPTION , BUT X-I DO DESC-NOT GO INTO POLITICS TO FIGHT FOR DESC-EASY OPTION .","denial is the easy option , but I did not go into politics to fight for easy options .",20,17,0.75,GO
aslg_pc12:ac4eea34d78b0976bef5,X-WE BE GO INTO DESC-GREATER DEPTH ASSOCIATION AGREEMENT BE DESC-ALREADY DESC-VERY DESC-BROAD AND DESC-DEEP .,we are going into greater depth the association agreements are already very broad and deep .,20,15,0.666667,GO
aslg_pc12:a61918408ba9e5150f86,X-Y COUSIN OUTSIDE EUROPEAN UNION CAN USE SE PRODUCT .,their cousins outside the european union can use these products .,10,10,0.5,OUTSIDE
aslg_pc12:5be368e2a41fd32c639d,X-YOU HAVE TO HAVE SOUND EU FOOD POLICY .,you have to have a sound eu food policy .,9,9,0.875,FOOD
aslg_pc12:31cd4a9bf5591f68d600,"DESC-THANKFULLY , THAT DAY BE DESC-NOW OVER DESC-SO X-I WILL GO ON TO X-MY QUESTION .","thankfully , that day is now over so I will go on to my question .",19,14,0.8125,GO
aslg_pc12:1b14200855e614776b6f,CHILD MUST BE DESC-EXEMPT FROM REQUIREMENT TO PROVIDE DESC-BIOMETRIC FINGERPRINT FOR PASSPORT .,children must be exempted from the requirements to provide biometric fingerprints for passports .,14,13,0.538462,CHILD
aslg_pc12:52050acf9082108dc9b6,X-WE NEED TO LOOK OUTSIDE EUROPE X-POSS BOUNDARY TO SEE HOW DESC-OR REGION BE RESOLVE THIS PROBLEM .,we need to look outside europe's boundaries to see how other regions are resolving this problem .,20,16,0.5,OUTSIDE
aslg_pc12:9b7f144380a5bb63d25c,COMMISSION BE DESC-INSTRUMENTAL IN SET X-IT DESC-UP AND WILL PLAY DESC-IMPORTANT ROLE IN X-ITS MANAGEMENT AND IMPLEMENTATION .,the commission was instrumental in setting it up and will play an important role in its management and implementation .,22,19,0.764706,PLAY
aslg_pc12:874944ff5bc9c4e27cf1,THIS BE DESC-NOT ABOUT EMPLOYMENT TEACHER .,this is not about the employment of teachers .,7,8,0.571429,TEACHER
aslg_pc12:b1fa6a9194b7781037e1,"X-I WILL DESC-NOT GO DESC-BACK OVER CONTENT , DEVELOPMENT AND SCOPE NEGOTIATION THAT HAVE TAKE PLACE .","i will not go back over the content , development and scope of the negotiations that have taken place .",18,18,0.764706,GO
aslg_pc12:4b50dad15cfb02105ebb,X-WE SHOULD HAVE GO DESC-FURR TODAY .,we should have gone further today .,8,6,0.5,GO
aslg_pc12:c02ecc250641d8c89222,"SELF EMPLOY PERSON AND X-Y PARTNER , MAJORITY WHOM BE WOMAN , HAVE RIGHTS .","self employed persons and their partners , the majority of whom are women , have rights .",13,14,0.461538,WOMAN
aslg_pc12:35fceec5c970b34b7bff,DESC-CRIMINAL MUST KNOW X-Y WILL DESC-NEVER GO DESC-UNPUNISHED DESC-ANYWHERE .,criminals must know they will never go unpunished anywhere .,14,9,0.636364,GO
aslg_pc12:73e10f3689f3f0928e82,PLEASE TELL X-WE WHEN X-YOU BE GO TO IGNORE PEOPLE .,please tell us when you are going to ignore people .,12,10,0.636364,GO
aslg_pc12:73e4b8627e75f3cab05e,THIS REPORT MAKE DESC-CLEAR THAT WHAT BE GO ON IN DESC-EAST JERUSALEM AMOUNT TO FORM DESC-ETHNIC CLEANSE .,this report makes clear that what is going on in east jerusalem amounts to a form of ethnic cleansing .,20,19,0.666667,GO
aslg_pc12:c0b4727bda60fddb57b9,CULTURE DESC-ALSO PLAY DESC-IMPORTANT DESC-ECONOMIC ROLE IN DEVELOPMENT DESC-REGIONAL DEVELOPMENT .,culture also plays an important economic role in the development of regional development .,14,13,0.8,PLAY
aslg_pc12:b69a5d924fd53ae03a00,"HU IN ROMANIUM , HISTORY DESC-SZ?KELY LAND X-POSS AUTONOMY GO DESC-BACK DESC-SEVERAL HUNDRED YEAR .","hu in romania , the history of székely land's autonomy goes back several hundred years .",18,15,0.5625,GO
aslg_pc12:200bb16fab46e6b87b43,"DESC-HOWEVER , X-IT BE ABOVE ALL NAIVETY EUROPEAN POLITICIAN WHICH ALLOW RUSSIUM TO PLAY DESC-SUCH GAME .","however , it is above all the naivety of european politicians which allows russia to play such games .",18,17,0.588235,PLAY
aslg_pc12:49486c3b75af3a629e0f,X-I HAVE TO GO OUT AND MEET DESC-ORDINARY PEOPLE EVERY DAY AND DEAL WITH X-Y DESC-ORDINARY CONCERN .,i have to go out and meet ordinary people every day and deal with their ordinary concerns .,21,17,0.764706,GO
aslg_pc12:5f29ebbd20dfa791cff5,THIS BE HOW X-WE CAN RECOGNIZE BENEFIT DESC-CERTAIN HEALTHIER NOVEL FOOD .,this is how we can recognise the benefits of certain healthier novel foods .,13,13,0.538462,FOOD
aslg_pc12:9341204935a1a50055d4,DESC-MANY COUNTRY HAVE DESC-LONG WAY TO GO TO BALANCE X-Y PUBLIC FINANCES .,many countries have a long way to go to balance their public finances .,15,13,0.692308,GO
aslg_pc12:229853f466dbd6dfaa53,"DESC-LIKEWISE , X-WE WILL ADDRESS FOOD SECURITY IN DESC-REGIONAL DIMENSION .","likewise , we will address food security in the regional dimension .",12,10,0.818182,FOOD
aslg_pc12:1aa492cd65d78eadaa47,X-IT BE ONE AREA ABOVE ALL WHERE REGULATION HAVE DESC-DEFINITE ROLE TO PLAY .,it is one area above all where regulation has a definite role to play .,15,14,0.733333,PLAY
aslg_pc12:2ccbf6a83d95b3697875,X-IT BE QUESTION PROTECTION X-WE CHILD .,it is a question of the protection of our children .,8,10,0.428571,CHILD
aslg_pc12:6774b41e9fe7c54ab43e,ALTERNATIVE DISPUTE RESOLUTION BE GO TO BE X-WE KEY MOVER IN THIS REGARD .,alternative dispute resolution is going to be our key mover in this regard .,14,13,0.769231,GO
aslg_pc12:8cb53732ee6070d63818,X-I WOULD DESC-ALSO LIKE TO MAKE REFERENCE TO SOME COMMENT MAKE ABOUT IMPORT FOOD .,i would also like to make reference to some comments made about imported food .,16,14,0.714286,FOOD
aslg_pc12:50defdcebdd6ef898517,"VEHICLE INDUSTRY BE GO TO UNDERGO DESC-MAJOR TRANSFORMATION , WHICH HAVE DESC-ALREADY BEGIN .","the vehicle industry is going to undergo a major transformation , which has already begun .",14,14,0.615385,GO
aslg_pc12:b275743471f7ce487600,"DESC-ORWISE , X-YOU BE GO TO FIND X-YOURSELF IN DESC-SAME SITUATION WITH PARLIAMENT AS X-YOU EXPERIENCE WITH SWIFT .","otherwise , you are going to find yourself in the same situation with parliament as you experienced with swift .",22,18,0.647059,GO
aslg_pc12:f8a5dd084d7575054948,STRENGN INTERCULTURAL DIALOGUE WILL DESC-ALSO PLAY DESC-IMPORTANT ROLE IN THIS CONTEXT .,strengthening intercultural dialogue will also play an important role in this context .,13,12,0.833333,PLAY
aslg_pc12:39552476457ebf61af96,"PT MADAM PRESIDENT , COMMISSIONER , X-I BE GO TO TRY TO PUT QUESTION DESC-VERY DESC-SUCCINCTLY .","pt madam president , commissioner , I am going to try to put the questions very succinctly .",17,15,0.666667,GO
aslg_pc12:8d91570e68ccecb9eb24,KEEP X-IT GO AND HAVE AS DESC-MUCH SUCCESS AS X-YOU HAVE WITH ROAM CHARGE .,keep it going and have as much success as you had with the roaming charges .,17,15,0.642857,GO
aslg_pc12:faf8add51d6085af73c0,X-WE BE GO TO HOLD TALK ABOUT THIS .,we are going to hold talks about this .,9,8,0.555556,GO
aslg_pc12:d5593dcff4d033ec1946,X-IT BE SHAME THAT NOBODY DESC-ELSE SEEM TO READ SOME SE REPORT THAT GO THROUGH THIS PLACE .,it is a shame that nobody else seems to read some of these reports that go through this place .,19,19,0.666667,GO
aslg_pc12:0d031dae2115326db399,"IN WEEK WHERE X-WE START WITH DESC-ONLY THREE WOMAN IN COMMISSION , X-WE FINISH WITH NINE .","in a week where we started with only three women in the commission , we finish with nine .",18,17,0.714286,WOMAN
aslg_pc12:50fddcddf1cd286e9330,X-HE HAVE BE INCARCERATE IN DESC-DEEPEST DARKNESS AND DESC-NOT DESC-EVEN RED CROSS BE ALLOW ACCESS TO X-HE .,he has been incarcerated in deepest darkness and not even the red cross is allowed access to him .,22,18,0.647059,RED
aslg_pc12:095d8528643bb4dbef4d,"LADY AND GENTLEMAN , CAR REPRESENT FREEDOM .","ladies and gentlemen , cars represent freedom .",6,6,0.5,CAR
aslg_pc12:998df9d18486a3676886,"TOMORROW , X-WE BE GO TO VOTE ON RESOLUTION TO WIND DESC-UP TODAY X-POSS DEBATE .","tomorrow , we are going to vote on the resolution to wind up today's debate .",17,14,0.6,GO
aslg_pc12:2005256446b7bfc2d45c,"THIS BE DESC-NOT GO TO BE DESC-EASY , BUT X-I BELIEVE THAT X-WE BE MOVE IN DESC-RIGHT DIRECTION .","this is not going to be easy , but I believe that we are moving in the right direction .",22,18,0.764706,GO
aslg_pc12:66c241621a12acaf0227,UKRAINE BE GO TO BE PARTNER FROM WHOM DESC-MUCH WILL BE EXPECT .,ukraine is going to be a partner from whom much will be expected .,13,13,0.727273,GO
aslg_pc12:c62bb4603c4f532611e4,X-I DO DESC-NOT WISH TO GO DESC-BACK OVER RETURN DIRECTIVE .,i do not wish to go back over the return directive .,13,11,0.833333,GO
aslg_pc12:81b7adf444af03c013f9,"WHAT BE MORE , SE BE MAN AND WOMAN WHO REPRESENT BACKBONE EU ECONOMY .","what is more , these are the men and women who represent the backbone of the eu economy .",13,17,0.666667,WOMAN
aslg_pc12:8ca54701f28d7eff679b,"DESC-HOWEVER , EUROPEAN UNION X-POSS POLICY WITH REGARD TO CUBA GO DESC-FURR .","however , the european union's policy with regard to cuba goes further .",14,11,0.538462,GO
aslg_pc12:5326becc967dd0aa4d08,REOPEN NEGOTIATION WITH MERCOSUR COUNTRY WITHOUT CONSULT MEMBER STATE BE DESC-VERY DESC-DIRTY PLAY .,reopening negotiations with the mercosur countries without consulting the member states was very dirty play .,15,15,0.5,PLAY
aslg_pc12:cc9e8698ddd520161192,WHY DESC-NOT STEP DESC-UP X-WE EFFORT AND DO SOME KIND ENFORCEMENT SWEEP IN CAR RENTAL INDUSTRY DESC-ALSO ?,why not step up our efforts and do some kind of enforcement sweep in the car rental industry also ?,21,19,0.789474,CAR
aslg_pc12:ddcbafeb76ccc1b6c881,"SE PROBLEM BE DESC-NOT LIMIT TO SECURITY AND RELATE TO FOOD , HEALTH AND EDUCATION .","these problems are not limited to security and relate to food , health and education .",15,14,0.615385,FOOD
aslg_pc12:090f6818a4157775d598,PROCEDURE MUST PROTECT CONSUMER FROM DANGER DESC-UNHEALTHY FOOD AND FROM BE MISLEAD .,the procedures must protect consumers from the danger of unhealthy food and from being misled .,13,15,0.583333,FOOD
aslg_pc12:f54fbbfca6d601c1d0b1,"IF X-WE BE GO TO REVIEW DIRECTIVE , X-Y NEED TO BE REVIEW FROM DESC-VARIOUS DESC-DIFFERENT VIEWPOINT .","if we are going to review the directives , they need to be reviewed from various different viewpoints .",20,17,0.6,GO
aslg_pc12:248b2a100e2dc5471a7e,"X-WE GOAL MUST BE DESC-HEALTHY , DESC-PROSPEROUS , DESC-SECURE SOCIETY , WHERE EVERYONE FEEL X-Y CAN PLAY X-Y PART .","our goal must be healthy , prosperous , secure societies , where everyone feels they can play their part .",22,16,0.647059,PLAY
aslg_pc12:4a5ad05b271b317e54fd,"X-I BE VOTE IN FAVOR THIS RESOLUTION , ALTHOUGH X-IT DO DESC-NOT GO DESC-FAR DESC-ENOUGH .","i am voting in favour of this resolution , although it does not go far enough .",19,15,0.625,GO
aslg_pc12:d4762f414a37c0e4d545,"THIS CONCERN DESC-NOT DESC-ONLY DESC-LARGE CAR FIRM , BUT DESC-ALSO ALL BUSINESS ASSOCIATE WITH CAR INDUSTRY .","this concerns not only the large car firms , but also all businesses associated with the car industry .",19,17,0.666667,CAR
aslg_pc12:8d1fd8dfd221329427a5,DEMAND X-IT MAKE GO WAY BEYOND WHAT X-I UNDERSTAND BY TRANSPARENCY .,the demands it makes go way beyond what I understand by transparency .,13,12,0.75,GO
aslg_pc12:d5a6ccba2d05471bf596,DESC-MULTIANNUAL COMMUNITY PROGRAM ON PROTECT CHILD USE INTERNET AND DESC-OR COMMUNICATION TECHNOLOGY,multiannual community programme on protecting children using the internet and other communication technologies,14,13,0.461538,CHILD
aslg_pc12:b3c0604d1ee4c6eb2df1,"AS DESC-NATIONAL SPAIN , X-I BE DESC-ASHAMED TO SEE WHAT BE GO ON IN X-MY COUNTRY .","as a national of spain , I am ashamed to see what is going on in my country .",19,17,0.75,GO
aslg_pc12:5608ca9dd3f2716a0a5a,LET X-WE GO DESC-BACK TO ROOT PROBLEM .,let us go back to the root of the problem .,9,10,0.666667,GO
aslg_pc12:ed113d4f554df15c618e,"DESC-MANY CHILD ROMANIAN DESC-IMMIGRANT , FOR INSTANCE , FACE DIFFICULTY IN THIS RESPECT .","many children of romanian immigrants , for instance , face difficulties in this respect .",13,12,0.666667,CHILD
aslg_pc12:078478c950781a605332,X-Y PRODUCE DESC-GOOD FOOD THAT BE BASIS X-WE DESC-GOOD HEALTH .,they produce the good food that is the basis of our good health .,14,13,0.545455,FOOD
aslg_pc12:f5ff0aefaeddce24d593,DESC-VERY DEFINITION OFMARRIAGESHOULD BE RESERVE FOR UNION BETWEEN WOMAN AND MAN .,the very definition ofmarriageshould be reserved for unions between women and men .,12,12,0.583333,WOMAN
aslg_pc12:a2374edf6f72949c1efb,X-I BE CALL YESTERDAY BY THREE PEOPLE WHO BE IN THIS SITUATION .,i was called yesterday by three people who are in this situation .,13,12,0.75,YESTERDAY
aslg_pc12:ce5ab2d3efd1457f6307,"ALL DESC-SAME , X-WE TRY TO GUIDE DESC-OR OUTSIDE EU ON IMPORTANCE DESC-DEMOCRATIC ELECTION .","all the same , we try to guide others outside the eu on the importance of democratic elections .",17,17,0.733333,OUTSIDE
aslg_pc12:81f13f71efed01b251ae,X-I WOULD DESC-ALSO LIKE TO DRAW X-YOU ATTENTION TO DESC-FURR ARREST UNIVERSITY STUDENT IN SHIRAZ .,i would also like to draw your attention to further arrests of university students in shiraz .,19,16,0.625,STUDENT
aslg_pc12:ebc9c99aca7b7719a145,EU MEMBER STATE IN REGION CAN PLAY DESC-IMPORTANT ROLE IN THIS PROCESS .,the eu member states in the region can play an important role in this process .,13,15,0.833333,PLAY
aslg_pc12:37ad2afb472d3a7eb96a,WHAT ROLE SHOULD BE PLAY BY MEMBER STATE AND X-Y SYSTEM SUPERVISION AND AUDITING ?,what role should be played by member states and their systems of supervision and auditing ?,15,15,0.642857,PLAY
aslg_pc12:ef6f629262e47dbde733,FEMINISATION POVERTY HAVE DESC-REAL IMPACT ON DESC-PHYSICAL AND DESC-MENTAL HEALTH WOMAN .,the feminisation of poverty has a real impact on the physical and mental health of women .,14,16,0.75,WOMAN
aslg_pc12:e111332341683bb4d56c,"GIVE SUCCESS THIS CAMPAIGN , X-IT WILL BE EXTEND INTO DESC-20ON THAT BASIS , IN JUNE 2008 , X-I INTRODUCE EUROPEAN NETWORK FOR WOMAN IN DECISION MAKE .","given the success of this campaign , it will be extended into 20on that basis , in june 2008 , I introduced a european network for women in decision making .",26,26,0.708333,WOMAN
aslg_pc12:f328578907da6e418af7,THIS PROPOSAL CAN PLAY DESC-BIG PART IN ACHIEVE THIS GOAL .,this proposal can play a big part in achieving this goal .,11,11,0.8,PLAY
aslg_pc12:453b244d0aa7d81ab43f,"DESC-RE BE PARENT PUSH CHILD IN BUGGY , WITH CIGARETTE HANG OVER CHILD .","there were parents pushing children in buggies , with a cigarette hanging over the child .",13,14,0.416667,CHILD
aslg_pc12:00b9299e84e707e5e2d9,X-WE BE DESC-ALSO GO TO COMMIT THIS SUM AND TO DISBURSE THIS AS DESC-SOON AS DESC-POSSIBLE .,we are also going to commit this sum and to disburse this as soon as possible .,20,16,0.733333,GO
aslg_pc12:b9beaf08301006bb89b5,SE DESC-LEGISLATIVE MEASURE BE GO TO BE ACCOMPANY BY RECOMMENDATION TO MEMBER STATE .,these legislative measures are going to be accompanied by recommendations to the member states .,14,14,0.416667,GO
aslg_pc12:a7025afc129678edc114,"ON DESC-OR HAND , DESC-COMMERCIAL BROADCASTER REQUIRE TO PROVIDE PUBLIC SERVICE DESC-ALSO PLAY DESC-IMPORTANT ROLE .","on the other hand , commercial broadcasters required to provide a public service also play an important role .",18,17,0.733333,PLAY
aslg_pc12:03f5a16d74f34733dd41,"IN CASE DESC-HUMAN TRAFFICKING , 80 % VICTIM BE DESC-ALSO WOMAN .","in the case of human trafficking , 80 % of victims are also women .",10,11,0.555556,WOMAN
aslg_pc12:c8c093b3e25ea54fff46,DESC-OR COUNTRY OUTSIDE EURO AREA BE DESC-ALSO FACE DESC-VERY DESC-DIFFICULT TIME .,other countries outside the euro area are also facing very difficult times .,15,12,0.5,OUTSIDE
aslg_pc12:2250385480f394adb87e,X-I WOULD PREFER DESC-COMMON POSITION AS X-IT WOULD GIVE DESC-BETTER BALANCE BETWEEN PUBLIC HEALTH AND FOOD PRODUCTION .,i would prefer the common position as it would give a better balance between public health and food production .,21,19,0.888889,FOOD
aslg_pc12:2bf579e4887f6cddd820,X-I BELIEVE THAT X-WE COULD HAVE GO DESC-FURR THAN X-WE DO TODAY .,i believe that we could have gone further than we did today .,16,12,0.615385,GO
aslg_pc12:be03fd2a14bcbe358df2,COMBATE DESC-SEXUAL EXPLOITATION CHILD AND CHILD PORNOGRAPHY,combating the sexual exploitation of children and child pornography,8,9,0.714286,CHILD
aslg_pc12:1a2eb17e93d173f8de28,ARGUMENT THAT X-WE NEED IMMIGRATION TO DESC-COUNTER LACK CHILD WOULD DESC-N DESC-FINALLY BE DESC-SUPERFLUOUS .,the argument that we need immigration to counter the lack of children would then finally be superfluous .,19,17,0.75,CHILD
aslg_pc12:e68e36193a0f9a4ec137,WHO BE GO TO PAY FOR ALL THIS ?,who is going to pay for all this ?,8,8,0.75,GO
aslg_pc12:628cbfea3c6644d2ab4f,"THAT BE RECOGNIZE DESC-NOT DESC-ONLY IN EUROPE BUT DESC-ALSO DESC-GLOBALLY , AS X-WE GO THROUGH DESC-UNPRECEDENTED DESC-FINANCIAL TIME .","that is recognised not only in europe but also globally , as we go through unprecedented financial times .",24,17,0.736842,GO
aslg_pc12:1b3713f8522e22e1f6f9,DESC-LONG DESC-LIVE RED TAPE .,long live red tape .,6,4,0.8,RED
aslg_pc12:28f1f9aef743dc418ac1,DESC-N SOMETHING BE DESC-NOT GO DESC-WELL .,then something is not going well .,9,6,0.428571,GO
aslg_pc12:d65bbdcde1df55dfe7c0,X-IT BE X-WE DUTY TO PROTECT CHILD FROM WORLD THAT MAY DESTROY X-Y .,it is our duty to protect children from a world that may destroy them .,16,14,0.642857,CHILD
aslg_pc12:5b23003fb1155c22033b,WOMAN AND CHILD BE PRINCIPAL VICTIM DESC-HUMAN TRAFFICKING .,in writing . women and children are the principal victims of human trafficking .,9,12,0.444444,CHILD|WOMAN
aslg_pc12:ed98a3762ff8191a26cc,THIS COMMISSION AS X-YOU KNOW HAVE DESC-HIGHEST NUMBER WOMAN COMMISSIONER DESC-EVER .,this commission as you know has the highest number of women commissioners ever .,14,13,0.615385,WOMAN
aslg_pc12:70204eae1dcace6560a9,"CHILD MORTALITY IN SWAZILAND BE 78 1000 IN 1997 , COMPARE TO 86 1000 DESC-NOW .","child mortality in swaziland was 78 / 1000 in 1997 , compared to 86 / 1000 now .",10,9,0.666667,CHILD
aslg_pc12:23600ea11db2cf9067dd,DESC-LARGE NUMBER TRAVELLER DESC-NOW BUY X-Y FLIGHT TICKET ON INTERNET .,a large number of travellers now buy their flight tickets on the internet .,13,13,0.583333,BUY
aslg_pc12:2cf77d9c06b5eed19386,X-MY PARTY BE DESC-PLEASED THAT UK REMAIN OUTSIDE EUROZONE .,my party is pleased that the uk remains outside the eurozone .,11,11,0.636364,OUTSIDE
aslg_pc12:c38f5c9231b90bf5ec1a,"IN ADDITION , LAW GIVE DESC-LEGAL CUSTODY CHILD DESC-EXCLUSIVELY TO FAR AND GRANDFAR .","in addition , the law gives legal custody of children exclusively to fathers and grandfathers .",14,14,0.615385,CHILD
aslg_pc12:b1c21f55182d75455fc0,COMMISSION HAVE PROPOSE SOME DESC-PRACTICAL ACTION TO OVERCOME PAY GAP BETWEEN MAN AND WOMAN .,the commission has proposed some practical actions to overcome the pay gap between men and women .,15,16,0.6,WOMAN
aslg_pc12:97113c112f6f0bba601a,"X-HE DESC-REALLY HAVE PROVIDE DESC-MUCH FOOD FOR THOUGHT AND , ABOVE ALL , DESC-PRACTICAL COMMITMENT .","he really has provided much food for thought and , above all , practical commitment .",17,13,0.733333,FOOD
aslg_pc12:be67e416e2d629f8fd88,WHOLE WORLD BE WATCH EVERY DAY WHAT BE GO ON DESC-HERE .,the whole world is watching every day what is going on here .,12,12,0.636364,GO
aslg_pc12:745d396e600847b7e449,SOME PEOPLE CLAIM THAT SE AGREEMENT GO DESC-TOO DESC-FAR AND BE DESC-TOO DESC-COMPREHENSIVE .,some people claim that these agreements go too far and are too comprehensive .,17,13,0.692308,GO
aslg_pc12:429e01199eab4f7952c0,BE X-YOU GO TO RAISE X-IT ON ANOR OCCASION ?,are you going to raise it on another occasion ?,11,9,0.6,GO
aslg_pc12:27cdeffbd798d2e4cc3e,WOMAN AND MAN WHO APPLY X-IT MUST MEASURE DESC-UP TO X-WE AMBITION .,the women and men who apply it must measure up to our ambitions .,15,13,0.571429,WOMAN
aslg_pc12:9818fc6c51dc1895b4ef,"MADAM PRESIDENT , COMMISSIONER , LADY AND GENTLEMAN , YESTERDAY X-I SEE SOME IMAGE ROHINGYA REFUGEE FROM BURMA .","madam president , commissioner , ladies and gentlemen , yesterday I saw some images of rohingya refugees from burma .",16,16,0.625,YESTERDAY
aslg_pc12:767a1fc6a618df2ccced,SERVICE INTEREST ON THAT DEBT BE GO TO COST MORE THAN EDUCATE CHILD .,servicing the interest on that debt is going to cost more than educating the child .,13,15,0.692308,CHILD|GO
aslg_pc12:0bae2a5ec662570d20a5,CHILD IMITATE GAME WHICH CAN LEAD TO DESC-TRAGIC RESULT .,children imitate the games which can lead to tragic results .,10,10,0.6,CHILD
aslg_pc12:3e04822c039bd6b7a12e,X-WE HAVE FEELING THAT DEVELOPMENT IN THIS REGARD BE GO DESC-BACKWARDS DESC-RAR THAN DESC-FORWARDS .,we have the feeling that developments in this regard are going backwards rather than forwards .,18,15,0.625,GO
aslg_pc12:df7ff1a6c19da6fc92b8,PERPETRATOR MUST DESC-NOT BE ALLOW TO GO DESC-FREE .,the perpetrators must not be allowed to go free .,10,9,0.666667,GO
aslg_pc12:410fa1ca475af2298af0,SITUATION WOMAN IN DESC-RURAL AREA EU,the situation of women in rural areas of the eu,7,10,0.571429,WOMAN
aslg_pc12:78883d4c4429564cb929,X-WE BE GIVE X-Y MONEY TO BUY X-WE WEAPON .,we are giving them money to buy our weapons .,12,9,0.444444,BUY
aslg_pc12:5d60fc511aff02241f8e,"DESC-APPROXIMATELY 100 140 MILLION WOMAN AND GIRL WORLDWIDE HAVE UNDERGO PRACTICE , WHILE 4 MILLION BE DESC-POTENTIALLY AT RISK .","approximately 100 140 million women and girls worldwide have undergone the practice , while 4 million are potentially at risk .",17,16,0.666667,WOMAN
aslg_pc12:6757901c07c4fdc654fb,IN DESC-RECENT YEAR WOMAN X-POSS DIGNITY AND CALL HAVE TAKE ON DESC-NEW DIMENSION .,in recent years women's dignity and calling have taken on a new dimension .,16,13,0.533333,WOMAN
aslg_pc12:73062412dd9b92a76cc7,COOPERATION WITH DESC-OR COUNTRY PLAY DESC-ENORMOUS ROLE IN THIS FIELD .,cooperation with other countries plays an enormous role in this field .,12,11,0.636364,PLAY
aslg_pc12:8f299bb0bd9f465b76fc,"DESC-HOWEVER , LISBON STRATEGY AIM TO ENSURE THAT 60 % WOMAN DESC-ABLE TO WORK BE IN EMPLOYMENT .","however , the lisbon strategy aims to ensure that 60 % of women able to work are in employment .",16,16,0.714286,WOMAN
aslg_pc12:b7636a4381c194b3c3ff,DESC-RE BE DESC-ALWAYS PROBLEM THAT GO DESC-FAR BEYOND NEED FOR FULFIL DESC-STRICT CRITERION FOR ACCESSION .,there were always problems that went far beyond the need for fulfilling the strict criteria for accession .,19,17,0.533333,GO
aslg_pc12:a4c4a2836695f2ee59ce,MATERNITY LEAVE MUST DESC-NOT PENALIZE WOMAN .,maternity leave must not penalise women .,7,6,0.571429,WOMAN
aslg_pc12:3b1d768816267fdb4c87,"DESC-REFORE , X-Y DO DESC-NOT GO DESC-BACK TO WORK DESC-RE .","therefore , they do not go back to work there .",14,9,0.545455,GO
aslg_pc12:0ca4dd4c35be01c4cc7e,DESC-EVEN USA HAVE SHELVE X-ITS FTA WITH DESC-SOUTH KOREA DESC-PARTLY BECAUSE DESC-SIMILAR OBJECTION FROM CAR INDUSTRY .,even the usa has shelved its fta with south korea partly because of similar objections from the car industry .,21,19,0.722222,CAR
aslg_pc12:91a3c164948ac4d80fc6,SE HAVE DESC-GREATER IMPACT ON DESC-YOUNG PEOPLE AND WOMAN .,these have a greater impact on young people and women .,11,10,0.7,WOMAN
aslg_pc12:b5e48fcbd7cdb734f603,"X-WE BE TALK ABOUT HOW UNIVERSITY CAN MAINTAIN X-Y DESC-ACADEMIC EXCELLENCE , DESC-YET PREPARE X-Y STUDENT FOR WORK .","we are talking about how the universities can maintain their academic excellence , yet prepare their students for work .",22,18,0.611111,STUDENT
aslg_pc12:5de8095237eee9ac923d,"THIS STATE , THIS GOVERNMENT , THIS PRESIDENT , SCORN RIGHTS MAN AND WOMAN .","this state , this government , this president , scorn the rights of men and women .",11,13,0.777778,WOMAN
aslg_pc12:872ca1a675386ebe2ee3,"AT THIS ONE , DESC-VERY DESC-CLEAR ISSUE BE GO TO BE AT STAKE .","at this one , a very clear issue is going to be at stake .",14,13,0.818182,GO
aslg_pc12:36e30cb225c7bf195320,PARLIAMENT SHOULD DESC-ALSO PLAY GUARD DOG ROLE WHEN X-IT COME TO STRENGTH EURO .,parliament should also play a guard dog role when it comes to the strength of the euro .,15,17,0.8,DOG|PLAY
aslg_pc12:10a94d3883c69fb44eb5,X-SHE GO ON TO MAKE THAT DESC-NOW DESC-FAMOUS SPEECH IN BRUGE THAT SPARK OPPOSITION TO PROJECT .,she went on to make that now famous speech in bruges that sparked opposition to the project .,19,17,0.6875,GO
aslg_pc12:b53a5178c7d3d26cba75,X-IT BE FOR THIS DESC-VERY REASON THAT COHESION POLICY PLAY DESC-SUCH DESC-LARGE PART IN EERP .,it is for this very reason that cohesion policy plays such a large part in the eerp .,19,17,0.764706,PLAY
aslg_pc12:cd95568cc1cfbf91f704,CONSUMER ORGANIZATION HAVE DESC-CRUCIAL ROLE TO PLAY IN DESC-ALERT PUBLIC AUTHORITY TO PROBLEM THAT CONSUMER FACE .,consumer organisations have a crucial role to play in alerting public authorities to the problems that consumers face .,18,18,0.666667,PLAY
aslg_pc12:59d15ca29f295874de67,TO THINK THAT ALL THIS BE GO ON IN EUROPE IN DESC-21ST CENTURY .,to think that all this is going on in europe in the 21st century .,14,14,0.769231,GO
aslg_pc12:423c529b55e386662c75,"THIS BE DESC-GOOD , BUT X-IT DO DESC-NOT GO DESC-FAR DESC-ENOUGH .","this is good , but it does not go far enough .",15,10,0.666667,GO
aslg_pc12:a3dfbc873ca2cc752b6d,"X-WE WANT TO FIGHT AGAINST DESC-SOCIAL DUMP AND CHILD LABOR , AND PROTECT DESC-SOCIAL RIGHTS AND ENVIRONMENT .","we want to fight against social dumping and child labour , and protect social rights and the environment .",19,17,0.733333,CHILD
aslg_pc12:ffc7a1c08d97da2fdaf6,WHAT BE DESC-REALLY GO ON IN CZECH REPUBLIC ?,what is really going on in the czech republic ?,9,9,0.666667,GO
aslg_pc12:f737836123098926152b,"SKY SEEM TO BE LIMIT , AND CONSUMPTION AND GRANT LOAN DESC-JUST KEEP ON GO .","the sky seemed to be the limit , and the consumption and granting of loans just kept on going .",15,18,0.571429,GO
aslg_pc12:0e87bcf2e8e9d4146d3d,EUROPE MUST PRODUCE DESC-VIGOROUS PLAN FOR FUTURE THAT DESC-DRASTICALLY ACCELERATE DEVELOPMENT DESC-SUSTAINABLE DESC-ELECTRIC CAR .,europe must produce a vigorous plan for the future that drastically accelerates the development of the sustainable electric car .,18,19,0.866667,CAR
aslg_pc12:00aa288b4a5dd5df7abf,X-I WILL DESC-NOW SWITCH TO ENGLISH BECAUSE X-I BE DESC-NOW GO TO BE REPLACE MR HELGA TR?PEL .,i will now switch to english because I am now going to be replacing mrs helga trüpel .,22,18,0.6875,GO
aslg_pc12:91b4095a49f730407eb2,GO DESC-BACK TO DRAW BOARD .,go back to the drawing board .,6,6,0.666667,GO
aslg_pc12:6a27ddb51ee0b7045eed,"EUROPEAN UNION PLAY DESC-IMPORTANT ROLE IN , AND ASSUME COMMITMENT TO , FUND CLIMATE PROGRAM .","the european union plays an important role in , and assumes a commitment to , funding the climate programme .",14,17,0.642857,PLAY
aslg_pc12:ac3b94ee71999f500f69,BE X-IT GO TO BE BARONESS ASHTON ?,is it going to be baroness ashton ?,8,7,0.714286,GO
aslg_pc12:3a5413501a2facd742a9,"WHEN EUROPEAN COMMISSION BE BE FORM , EACH MEMBER STATE SHOULD PROPOSE BOTH MAN AND WOMAN AS COMMISSIONER .","when the european commission is being formed , each member state should propose both men and women as commissioners .",17,18,0.6875,WOMAN
aslg_pc12:1885f8576cebccc9adbe,X-Y REPEAT THAT DESC-AGAIN YESTERDAY .,they repeated that again yesterday .,7,5,0.428571,YESTERDAY
aslg_pc12:a913d7e98aa2986e7f8e,DESC-FULL ACCIDENT PREVENTION POLICY BE REQUIRE FOR FACILITY IN WHICH DESC-TOXIC SUBSTANCE BE TREAT OR STORE .,a full accident prevention policy is required for the facilities in which toxic substances are treated or stored .,18,18,0.5625,STORE
aslg_pc12:a7a877ea56938ec8d3f3,"DESC-ONCE DESC-AGAIN , EUROPEAN PARLIAMENT BE GUARANTEE PROTECTION WOMAN IN X-Y WORK .","once again , the european parliament is guaranteeing the protection of women in their work .",14,14,0.538462,WOMAN
aslg_pc12:e0e35ae4cde0485a7afd,"LIKE X-YOU , X-I THINK THAT X-WE MUST GO DESC-FURR .","like you , I think that we must go further .",13,9,0.727273,GO
aslg_pc12:9752aa1b2a9db94b0014,EUROPE BUY 38 MILLION TONNE SOYA AND FEED FOR CATTLE .,europe buys 38 million tonnes of soya and feed for cattle .,9,10,0.777778,BUY
aslg_pc12:a3e861f942c316990f6e,"X-IT BE DESC-DEPLORABLE , BUT IN DESC-MANY STATE , CHILD LABOR OR DESC-EVEN SLAVE LABOR BE DESC-STILL USE .","it is deplorable , but in many states , child labour or even slave labour are still used .",21,16,0.625,CHILD
aslg_pc12:61b060582d3c8bfc2597,DESC-RIGHT POLISH CHILD TO RECEIVE EDUCATION WITH POLISH AS MEDIUM INSTRUCTION BE BE CURTAIL .,the right of polish children to receive education with polish as the medium of instruction is being curtailed .,15,18,0.692308,CHILD
aslg_pc12:06ad5e81428be44c6e15,X-I COULD GO ON .,i could go on .,5,4,0.8,GO
aslg_pc12:9fdc60044d175ca86227,"DESC-SO , X-I SUPPORT X-MY COLLEAGUE , PETER LIESE , IN X-HE CALL FOR PROTECTION CHILD .","so , I support my colleague , peter liese , in his call for the protection of children .",17,15,0.733333,CHILD
aslg_pc12:e820fb3029cef57b409b,FOOD SECURITY BE ANOR INTERDEPENDENCY .,food security is another interdependency .,5,5,0.6,FOOD
aslg_pc12:2ea6b39ffa28658407b0,"X-I WILL DESC-NOT GO INTO DETAIL , BUT DESC-AUNTIC VERSION BE ENGLISH VERSION .","i will not go into the details , but the authentic version is the english version .",15,15,0.615385,GO
aslg_pc12:6386246edc4aa8048cb6,X-IT BE DESC-OBVIOUS THAT BELARUS BE PLAY ON TWO FRONT .,it is obvious that belarus is playing on two fronts .,12,10,0.545455,PLAY
aslg_pc12:155b73f20bd5879a70f4,X-I WOULD LIKE X-YOU TO BEAR THOSE IN MIND AS X-WE GO DESC-FORWARD .,i would like you to bear those in mind as we go forward .,17,13,0.866667,GO
aslg_pc12:7352ab5c23688197f1c9,ROMANIUM WOULD LIKE TO INTRODUCE DESC-ELECTRIC CAR DESC-GRADUALLY ON X-ITS DESC-DOMESTIC MARKET .,romania would like to introduce electric cars gradually on its domestic market .,16,12,0.714286,CAR
aslg_pc12:61f455010bc04c898dd5,X-WE CITIZEN MUST BE GUARANTEE DESC-RIGHT TO CHOOSE BOTH CAR PART AND DESC-INDEPENDENT SERVICE STATION .,our citizens must be guaranteed the right to choose both car parts and independent service stations .,18,16,0.588235,CAR
aslg_pc12:c3ceff272e0e5de893c4,"IN ADDITION , NOTHING HAVE HAPPEN WITH DESC-OFFSHORE BANKING MECHANISM HAVE DESC-SIMPLY DESC-NOT BE BRING INTO PLAY .","in addition , nothing has happened with offshore banking the mechanism has simply not been brought into play .",19,17,0.6875,PLAY
aslg_pc12:cfbcd2f3b91514680b13,X-WE NEED TO KNOW WHER EUROPEAN UNION WILL HAVE POWER AND COMPETENCY TO PLAY ROLE .,we need to know whether the european union will have the powers and the competency to play a role .,16,19,0.8,PLAY
aslg_pc12:05679a3f91dd7c60f84e,X-I DESC-GLADLY NOTE CHILD AND FAMILY RELATE PARAGRAPH IN PAPER .,i gladly note the children and family related paragraphs in the paper .,12,12,0.583333,CHILD
aslg_pc12:7d9d995e42ebdc86f7f2,"LEZ . GO TO HAVE PLEASURE GIVE FLOOR TO X-MY COMPATRIOT , MR CARNERO GONZ ?","i am going to have the pleasure of giving the floor to my compatriot , mr carnero gonzález .",14,18,0.769231,GO
aslg_pc12:56f114f3d1339a748a66,"LET X-WE DESC-ALWAYS REMEMBER FOOD SECURITY , AND X-WE SOCIETY , WHICH NEED THAT SECURITY .","let us always remember food security , and our society , which needs that security .",16,13,0.692308,FOOD
aslg_pc12:5e23f8ab4577d56eae6a,"AUTHOR , HERBERT REUL , HAVE INDICATE THAT X-HE BE RUN DESC-LATE .","the author , herbert reul , has indicated that he is running late .",12,11,0.5,RUN
aslg_pc12:77c8f32ef1054d91bf63,"MR PRESIDENT , BE EUROPE GO TO HAVE TO FACE DESC-NEW GAS CRISIS THIS WINTER ?","mr president , is europe going to have to face a new gas crisis this winter ?",15,15,0.785714,GO
aslg_pc12:b35bea6bd071b0919144,EVERYONE KNOW THAT MOST BANK BE DESC-TOO DESC-BIG TO BE ALLOW TO GO DESC-BANKRUPT .,everyone knows that most banks are too big to be allowed to go bankrupt .,17,14,0.692308,GO
aslg_pc12:31155886d2d129450a12,EU SHOULD PLAY DESC-MUCH DESC-GREATER ROLE IN THIS ISSUE THAN X-IT HAVE DO TO DATE .,the eu should play a much greater role in this issue than it has done to date .,18,17,0.764706,PLAY
aslg_pc12:b575cf432f29a5a48fd1,X-I WOULD LIKE TO MENTION FIVE CORE ME THAT BE DESC-REALLY DESC-ESSENTIAL FOR X-WE GROUP .,i would like to mention five core themes that are really essential for our group .,19,15,0.705882,ME
aslg_pc12:8af8cdda161b2d615e3c,X-WE SHOULD DESC-N GO DESC-FURR BY ESTABLISH DESC-REAL COMMUNITY PREFERENCE .,we should then go further by establishing real community preference .,14,10,0.583333,GO
aslg_pc12:79288600e512a9af40c4,SELF EMPLOY WOMAN DESC-OFTEN HAVE TO GRAPPLE WITH PROBLEM THAT BECOME MOR COULD ENDANGER X-Y LIVELIHOOD .,self employed women often have to grapple with the problem that becoming a mother could endanger their livelihood .,18,18,0.611111,WOMAN
aslg_pc12:04cecc5b5b920af2a0d3,IN JUNE COMMISSION WILL STAGE EUROPEAN FORUM ON RIGHTS CHILD IN BRUSSELS .,in june the commission will stage the european forum on the rights of the child in brussels .,12,17,1.0,CHILD
aslg_pc12:598415cdb0733a81b073,"BUY CAR BE DESC-OFTEN DESC-BIGGEST EXPENDITURE HOUSEHOLD IN EUROPEAN UNION HAVE , AFTER BUY HOUSE .","buying a car is often the biggest expenditure households in the european union have , after buying a house .",16,18,0.714286,BUY|CAR
aslg_pc12:778a97251246907b5a91,X-IT SEEM TO X-I THAT THIS BE GO TO BE DESC-DECISIVE WEEK .,it seems to me that this is going to be a decisive week .,15,13,0.583333,GO
aslg_pc12:d01d6a809fa3d222d3ad,"DESC-HOWEVER , EVERY YEAR , X-WE DISCOVER THAT FUND HAVE DESC-NOT GO WHERE X-Y BE SUPPOSE TO GO .","however , every year , we discover that the funds have not gone where they were supposed to go .",20,17,0.647059,GO
aslg_pc12:6f91058fb3b96a6a0807,"DESC-HOWEVER , RELATIONSHIP SHOULD GO DESC-FURR AND BE MORE DESC-AMBITIOUS .","however , the relationship should go further and be more ambitious .",12,10,0.8,GO
aslg_pc12:ddeb5908cb79bc219b8d,THAT BE WHY X-IT BE DESC-IMPORTANT THAT DESC-SAME RULE APPLY BOTH WITHIN AND OUTSIDE EU .,that is why it is important that the same rules apply both within and outside of the eu .,18,18,0.733333,OUTSIDE
aslg_pc12:dfbf167e95b522e69d07,X-I WANT TO MENTION IN DESC-PARTICULAR SCHOOLBOOK WHICH CHILD USE IN SCHOOL .,i want to mention in particular the schoolbooks which children use in school .,14,13,0.692308,CHILD
aslg_pc12:32ca37ddd7d4dfb3fe27,EUROPEAN PARLIAMENT HAVE PLAY DESC-IMPORTANT ROLE IN RAISE AWARENESS THIS ISSUE .,the european parliament has played an important role in raising awareness of this issue .,12,14,0.666667,PLAY
aslg_pc12:ebdc1ec3e22bc558324c,BUILD DESC-UP EXIST YOUTH AND CHILD X-POSS NETWORK AS DESC-SUSTAINABLE PLATFORM FOR CONSULT CHILD,build up existing youth and children's networks as sustainable platforms for consulting children,17,13,0.466667,CHILD
aslg_pc12:f7f690418d5b17b4feb3,"WITHOUT THAT FUNDING , X-WE BE GO TO SUFFER DESC-EXACTLY FATE THAT MR MCGUINNESS HAVE REFER TO .","without that funding , we are going to suffer exactly the fate that mrs mcguinness has referred to .",18,17,0.5625,GO
aslg_pc12:d8054af26f24d915b22a,SE COMPLAINT GIVE RISE TO QUESTION THAT CONTINUE TO GO DESC-UNANSWERED .,these complaints give rise to questions that continue to go unanswered .,12,11,0.636364,GO
aslg_pc12:5851e127705b56352dda,"BY 2020 , X-ITS CHEMICAL INDUSTRY WOULD HAVE GO , VICTIM DESC-EXCESSIVE PRODUCTION COST .","by 2020 , its chemical industry would have gone , a victim of excessive production costs .",13,13,0.692308,GO
aslg_pc12:8503d79452a1a014afa7,SUBJECT ISEQUAL TREATMENT BETWEEN MAN AND WOMAN ENGAGE IN ACTIVITY IN SELF EMPLOY CAPACITY .,the subject isequal treatment between men and women engaged in an activity in a self employed capacity.,14,17,0.692308,WOMAN
aslg_pc12:3aee49be24c0e9b17a7e,X-I KNOW DESC-RE BE GO TO BE BATTLE DESC-HERE .,i know there is going to be a battle here .,12,10,0.6,GO
aslg_pc12:6a1fa8338ec3e5687b9c,ALL X-YOU BE WORRY ABOUT BE VOTE AND GO HOME .,all you are worried about is voting and going home .,11,10,0.5,GO
aslg_pc12:52354ad3823a07e1e5f4,DESC-CURRENT CRISIS HAVE DESC-ALSO SHOW THAT EUROPEAN CAR INDUSTRY BE DESC-STRONGLY INTERCONNECT .,the current crisis has also shown that the european car industry is strongly interconnected .,15,14,0.615385,CAR
aslg_pc12:51b75473785d3935a00a,DESC-NUCLEAR POWER HAVE DESC-MAJOR ROLE TO PLAY BECAUSE X-IT WILL HELP COMBAT GREENHOUSE EFFECT .,nuclear power has a major role to play because it will help combat the greenhouse effect .,17,16,0.8125,PLAY
aslg_pc12:6922b5211d2ba02d5f7b,"QUESTION , DESC-REFORE , ARISE HOW CAN X-WE ENSURE SAFETY EU CITIZEN OUTSIDE EU TERRITORY ?","a question , therefore , arises how can we ensure the safety of eu citizens outside eu territory ?",15,16,0.642857,OUTSIDE
aslg_pc12:bbc46f4c48bf26e856c5,REPLACE DESC-CURRENT CAR FLEET WITH DESC-ELECTRIC CAR WILL NEIR RESOLVE PROBLEM CONGESTION NOR PROTECT CLIMATE .,replacing the current car fleet with electric cars will neither resolve the problem of congestion nor protect the climate .,17,19,0.8,CAR
aslg_pc12:7b039b9d45b0b0399ebe,FOOD SECURITY AND PROTECTION DESC-FRAGILE INDUSTRY ACP COUNTRY .,food security and the protection of the fragile industries of acp countries .,9,12,0.666667,FOOD
aslg_pc12:bc6539e565a8da490aa2,"WHILE X-WE CHILD BE CELEBRATE CHRISTMAS , HOW DESC-MANY CHILD DIE IN GAZA ?","while our children were celebrating christmas , how many children died in gaza ?",14,12,0.461538,CHILD
aslg_pc12:4b7af641ee3bf45a5e67,"FOOD PRODUCT MUST DESC-ALSO BE DESC-PROPERLY PACK , TRANSPORT AND STORE .","food products must also be properly packed , transported and stored .",12,10,0.545455,FOOD|STORE
aslg_pc12:8628e8236a87c3bb41b9,DESC-URBAN TRAFFIC PLAY KEY ROLE IN CONTEXT CLIMATE CHANGE .,urban traffic plays a key role in the context of climate change .,10,12,0.8,PLAY
aslg_pc12:3e012d75e7c20fe1d9f2,DESC-PRACTICAL ACTION BE NEED BECAUSE INCREASE EVIDENCE DESC-SEXUAL EXPLOITATION CHILD .,practical actions are needed because of the increasing evidence of sexual exploitation of children .,12,14,0.454545,CHILD
aslg_pc12:b54eb5eadea96fcc9fd8,"BUT THING GO DESC-WRONG , DO X-Y DESC-NOT ?","but things went wrong , did they not ?",10,7,0.333333,GO
aslg_pc12:57891cdb3fe0b960822c,KOSOVO DESC-STILL HAVE DESC-LONG WAY TO GO .,kosovo still has a long way to go .,9,8,0.75,GO
aslg_pc12:5ec7ca320b200080c36c,"ISRAEL BE ENTITLE TO PROTECT X-ITSELF , BUT X-IT HAVE GO DESC-TOO DESC-FAR WITH SE ATTACK .","israel is entitled to protect itself , but it has gone too far with these attacks .",19,15,0.529412,GO
aslg_pc12:99b6d7bd2af24fdc1fe0,"MADAM PRESIDENT , WHEN FARM WOMAN START PROTEST X-YOU KNOW DESC-RE BE DESC-SERIOUS DIFFICULTY .","madam president , when farm women start protesting you know there is a serious difficulty .",16,14,0.6,WOMAN
aslg_pc12:9007aeb87f076ea97f95,X-WE DO DESC-NOT THINK OUTSIDE BOX .,we do not think outside the box .,8,7,0.75,OUTSIDE
aslg_pc12:1ecd987e8b8e72a88c70,"IN WAKE THIS SUMMIT , MR Š`PIDLUM BE GO TO ESTABLISH EUROPEAN PLATFORM ON ROMA .","in the wake of this summit , mr špidla is going to establish a european platform on the roma .",14,18,0.785714,GO
aslg_pc12:0e0df5ca9a2b8b5a0cc8,"IN DESC-ECONOMIC SPHERE , PROPORTION WOMAN WITH DECISION MAKE POWER BE DESC-VERY DESC-UNSATISFACTORY .","in the economic sphere , the proportion of women with decision making powers is very unsatisfactory .",15,15,0.615385,WOMAN
aslg_pc12:6124e8d9fbafa3813351,"DESC-DUE TO DESC-IRRESPONSIBLE POLICY DESC-RIGHT WING GOVERNMENT , LATVIUM RISK GO DESC-BANKRUPT WITHOUT DESC-FINANCIAL ASSISTANCE FROM OUTSIDE .","due to the irresponsible policy of right wing governments , latvia risked going bankrupt without financial assistance from outside .",21,18,0.705882,GO|OUTSIDE
aslg_pc12:2e895b1910bd5c09d907,X-I CAN UNDERSTAND PEOPLE IN AN GO OUT INTO STREET AND PROTEST .,i can understand people in athens going out into the streets and protesting .,13,13,0.615385,GO
aslg_pc12:0dbe21424f7d21fdce7b,"ON DESC-OR HAND , SLOVAK CHILD IN DESC-HUNGARY CAN DESC-ONLY DREAM HAVE SLOVAK SCHOOL .","on the other hand , slovak children in hungary can only dream of having slovak schools .",16,15,0.615385,CHILD
aslg_pc12:57ceb8fa59e9e97c95b6,"WHAT ABOUT DESC-INNOCENT DESC-CIVILIAN , NON COMBATANT , WOMAN AND CHILD ?","what about the innocent civilians , the non combatants , women and children ?",11,11,0.5,CHILD|WOMAN
aslg_pc12:81e2db3aa17c255d3021,DY CRIMINATION AND DESC-SOCIAL EXCLUSION AFFECT CHILD WITHDY ABILITY WRITE DECLARATION SEE MINUTE,dys crimination and social exclusion affecting children withdys abilities written declaration see minutes,14,13,0.428571,CHILD
aslg_pc12:5520ef1652370a42f87f,DESC-RE MUST BE LEVEL PLAY FIELD FOR BOTH PARTY .,there must be a level playing field for both parties .,10,10,0.6,PLAY
aslg_pc12:1bab653c39ec0354e507,EQUALITY BETWEEN WOMAN AND MAN HAVE DESC-LONG BE DESC-FUNDAMENTAL PRINCIPLE EUROPEAN UNION .,equality between women and men has long been a fundamental principle of the european union .,14,15,0.615385,WOMAN
aslg_pc12:2f9ec4e257c44a3e21ee,THAT BE ONE LESSON WHICH X-WE BE GO TO HAVE TO TAKE DESC-AWAY FROM THIS SITUATION .,that is one of the lessons which we are going to have to take away from this situation .,18,18,0.6875,GO
aslg_pc12:aebf2e442e0959141eb8,CHILD SHOULD DESC-NOT BE DESC-ABLE TO PURCHASE VIDEO GAME THAT BE DESC-NOT INTEND FOR X-Y AGE GROUP .,children should not be able to purchase video games that are not intended for their age group .,21,17,0.647059,CHILD
aslg_pc12:fa7d2f9a63508dca2f4a,"X-WE DESC-ALSO LEARN , MOMENT DESC-AGO , THAT 94 WOMAN AND 7 CHILD HAVE BE FIND .","we also learned , a moment ago , that 94 women and 7 children had been found .",15,13,0.428571,CHILD|WOMAN
aslg_pc12:4708efcfa1412ce48be5,X-WE MEET DESC-YOUNG WOMAN GIRL WHO BE BE MARRY AT DESC-EVER DESC-YOUNGER AGE IN DESC-NORRN KENYA .,we met young women girls who were being married at ever younger ages in northern kenya .,21,16,0.470588,WOMAN
aslg_pc12:7f8ef24a2a0b04334b85,AT DESC-GENERAL DIRECTORATE LEVEL REPRESENTATION WOMAN BE DESC-STILL DESC-INSUFFICIENT .,at the general directorate level the representation of women is still insufficient .,12,12,0.7,WOMAN
aslg_pc12:b6ce383e6d5c2a262ebd,PRICE FOR FERTILISER AND FEED HAVE GO DESC-UP .,the prices for fertilisers and feed have gone up .,9,9,0.555556,GO
aslg_pc12:9664999a697fa89bd157,HOW X-WE GO ABOUT THIS NEED TO BE DEAL WITH IN CONTEXT SPECIFIC ENERGY POLICY INITIATIVE .,how we go about this needs to be dealt with in the context of specific energy policy initiatives .,17,18,0.764706,GO
aslg_pc12:5e9088cc339172883418,"DESC-RE BE SHORTAGE MANAGER , DOCTOR , TEACHER AND TECHNICIAN .","there is a shortage of managers , doctors , teachers and technicians .",9,10,0.222222,TEACHER
aslg_pc12:60e41eae1e8adb2406e2,DESC-FIRST BE INTEGRATION EXPENDITURE DESC-CURRENTLY OUTSIDE BUDGET DESC-SO CALL BUDGETISATION FUND .,the first is the integration of expenditures currently outside the budget the so called budgetisation of the funds .,14,18,0.583333,OUTSIDE
aslg_pc12:60486144e6d10b552e77,DESC-SO X-WE MAY EXPECT ANOR ROUND DESC-STRANGE DESC-POLITICAL PLAY DESC-DIRECT BY X-WE RUSSIAN PARTNER .,so we may expect another round of strange political play directed by our russian partner .,20,15,0.733333,PLAY
aslg_pc12:df3b9c354b98e63318b5,QUESTION BE WHO BE TO BLAME FOR FACT THAT DOG EAT SAUSAGE ?,the question is who is to blame for the fact that the dog ate the sausage ?,12,16,0.818182,DOG
aslg_pc12:3bcfeb909dae7255aea5,WOMAN SHOULD HAVE CONTROL OVER X-Y DESC-SEXUAL AND DESC-REPRODUCTIVE RIGHTS .,women should have control over their sexual and reproductive rights .,13,10,0.666667,WOMAN
aslg_pc12:7d2904f62010abd7481c,"DESC-SO , CAN X-WE PLEASE DESC-NOT TALK AS IF , DESC-SOMEHOW , GROWTH BE GO TO DELIVER JOB ?","so , can we please not talk as if , somehow , growth is going to deliver jobs ?",19,15,0.705882,GO
aslg_pc12:d15c9ec2c241a31f82c7,THAT BE STATEMENT IN AUTHORISE INTERVIEW IN DE VOLKSKRANT 7 OCTOBER 200WHAT BE X-WE GO TO DO ?,that is a statement in an authorised interview in de volkskrant of 7 october 200what are we going to do ?,17,19,0.733333,GO
aslg_pc12:db62eb29f20ae9215814,TURKEY BE PLAY DESC-VERY DESC-NEGATIVE ROLE IN THOSE NEGOTIATION .,turkey is playing a very negative role in those negotiations .,11,10,0.6,PLAY
aslg_pc12:36cbafa18189feda9d9a,"HOW CAN X-WE GET INVOLVE WITH DESC-SMALL AND MEDIUM SIZE ENTERPRISE , AND DESC-ALSO GET STUDENT INVOLVE WITH SME ?","how can we get involved with small and medium sized enterprises , and also get students involved with smes ?",21,18,0.5625,STUDENT
aslg_pc12:50200a78779f1810a380,"THIS MEASURE SUPPORT FOOD INDUSTRY BE BECOME DESC-INCREASINGLY DESC-NECESSARY , MADAM PRESIDENT .","this measure supporting the food industry is becoming increasingly necessary , madam president .",13,12,0.666667,FOOD
aslg_pc12:55e17b02ae48ed308192,X-WE AGREE THAT BOOK NEED TO GO ONLINE AND DESC-FAST .,we agree that the books need to go online and fast .,12,11,0.75,GO
aslg_pc12:8bb33ecb4c8301181d26,"DESC-FIRSTLY , IN FOOD SECTOR , X-WE BE ENCOURAGE DESC-LOCAL PURCHASE FOOD .","firstly , in the food sector , we are encouraging local purchasing of food .",13,12,0.545455,FOOD
aslg_pc12:ca3f0ec622be74e0dea9,CAR BE BECOME DESC-SAFER AND DESC-CLEANER BUT BE DESC-STILL BLAME FOR EVERYTHING .,cars are becoming safer and cleaner but are still blamed for everything .,15,12,0.583333,CAR
aslg_pc12:28e4ba1509d39c9cdd45,GLOBALISATION BE DESC-COMPELLING EURO AREA TO PLAY DESC-EFFECTIVE ROLE WITH REGARD TO DESC-FINANCIAL POLICY .,globalisation is compelling the euro area to play an effective role with regard to financial policy .,17,16,0.857143,PLAY
aslg_pc12:67ed0fa3b908c5044292,"IN ADDITION , UNION MUST ENSURE LEVEL PLAY FIELD BETWEEN DESC-LOCALLY PRODUCE AND DESC-THIRD COUNTRY PRODUCT .","in addition , the union must ensure a level playing field between locally produced and third country products .",17,17,0.75,PLAY
aslg_pc12:04f4a73dbc2b139a2e0a,DISCRIMINATION ON BASIS DESC-ETHNIC OR DESC-RACIAL ORIGIN BE FORBID BOTH IN LABOR MARKET AND OUTSIDE X-IT .,discrimination on the basis of ethnic or racial origin is forbidden both in the labour market and outside it .,19,19,0.722222,OUTSIDE
aslg_pc12:abc97b9fcb942966d995,"DESC-RECENTLY , X-MY DOG TAKE SAUSAGE FROM TABLE AND EAT X-IT .","recently , my dog took a sausage from the table and ate it .",13,12,0.666667,DOG
aslg_pc12:fd175b0f6f65a93389f8,X-I BE GO TO GIVE X-YOU EXAMPLE WHERE COUNCIL DO DESC-NOT DO THAT .,i am going to give you an example where the council does not do that .,16,15,0.714286,GO
aslg_pc12:be544cf1e07328086665,"X-IT SAY , MAN AND WOMAN SHALL BE GIVE DESC-EQUAL PAY FOR DESC-EQUAL WORK .","it says ,men and women shall be given equal pay for equal work.",16,13,0.571429,WOMAN
aslg_pc12:9efedd0b6dc40795d161,BE X-IT GO TO BE ONE COMMISSIONER ?,is it going to be one of the commissioners ?,8,9,0.571429,GO
aslg_pc12:40f460b736c6f3a257f6,X-Y NEED TO GO DESC-BACK TO ORIGIN RIVER THAT HAVE SPEND CENTURY BE GOVERN .,they need to go back to the origins of a river that has spent centuries being governed .,16,17,0.4,GO
aslg_pc12:78474a03c1fc22761901,X-YOU BE GO TO BE DISAPPOINT BY BREVITY X-MY SPEECH .,you are going to be disappointed by the brevity of my speech .,12,12,0.7,GO
aslg_pc12:885dde3fe1d81900e6d8,"DESC-FINALLY , AS MR MICHEL HIGHLIGHT DESC-LITTLE WHILE DESC-AGO , WOMAN X-POSS RIGHTS BE BOTH RECOGNIZE AND GUARANTEE .","finally , as mr michel highlighted a little while ago , women's rights are both recognised and guaranteed .",20,16,0.555556,WOMAN
aslg_pc12:bf7bf0761bd989f19c31,BE THIS SITUATION X-I DESCRIBE GO TO BRING PEACE TO EUROPE ?,is this situation I describe going to bring peace to europe ?,12,11,0.727273,GO
aslg_pc12:d0c9b9bd3c406cf1c919,X-I BE DESC-RECENTLY SHADOW FOR PPE DE GROUP ON REPORT ON EDUCATE CHILD MIGRANT .,i was recently the shadow for the ppe de group on the report on educating the children of migrants .,16,19,0.6,CHILD
aslg_pc12:9e9c649f0caac676889d,"COURSE , LIFE BE DESC-NOT LIKE THAT AND MOR DESC-OFTEN WORK OUTSIDE HOME .","of course , life is not like that and mothers often work outside the home .",14,14,0.769231,OUTSIDE
aslg_pc12:afd9aab31afc57f60476,X-I DESC-WELCOME ADOPTION THIS REPORT ON EQUALITY BETWEEN MAN AND WOMAN IN EU .,i welcome the adoption of this report on equality between men and women in the eu .,15,16,0.733333,WOMAN
aslg_pc12:ccde76f3a7e8de0b854d,"DESC-HOWEVER , LADY AND GENTLEMAN COMMISSION , X-I WOULD GO ONE STEP DESC-FURR .","however , ladies and gentlemen of the commission , I would go one step further .",14,13,0.615385,GO
aslg_pc12:491d2f8449b2f3c6a186,"UNDER TERM HOMELAND SECURITY ACT , DATUM CAN BE STORE FOR DESC-UP TO 90 YEAR .","under the terms of the homeland security act , data can be stored for up to 90 years .",14,16,0.642857,STORE
aslg_pc12:ef2852f53cbe875d571a,"IN ADDITION , LAW GRANT CUSTODY CHILD DESC-ONLY TO FAR AND GRANDFAR .","in addition , the law grants custody of children only to the father and grandfather .",12,14,0.583333,CHILD
aslg_pc12:274838b8c51e17052b79,DESC-SO THAT BE WHAT X-WE QUESTION BE DESC-HERE DESC-TONIGHT .,so that is what our question is here tonight .,13,9,0.6,TONIGHT
aslg_pc12:3be7bfa3869db85a5038,BANK WHY DO X-Y GO DESC-CRAZY ?,the banks why did they go crazy ?,8,7,0.375,GO
aslg_pc12:0f7aa500d03d2e61b21a,X-WE SHOULD DESC-CONTINUALLY WORK TOWARDS IMPROVE CONDITION FOR LEARN AND CREATE DESC-EQUAL OPPORTUNITY AMONG CHILD AND DESC-YOUNG PEOPLE .,we should continually work towards improving conditions for learning and creating equal opportunities among children and young people .,22,18,0.578947,CHILD
aslg_pc12:194378a709e549e8eb31,"DESC-HOWEVER , WHAT ARRANGEMENT WOULD PERTAIN WHEN CHILD TRAVEL BY TRAIN , COACH OR DESC-OR MEANS PUBLIC TRANSPORT ?","however , what arrangements would pertain when children travel by train , coach or other means of public transport ?",18,17,0.8125,CHILD
aslg_pc12:3388c951bf1476a7e36a,"DESC-OBVIOUSLY , THIS BE DESC-TOUGH MESSAGE AND WILL DESC-NOT GO DESC-DOWN DESC-WELL WITH VOTER .","obviously , this is a tough message and will not go down well with the voters .",18,15,0.785714,GO
aslg_pc12:0743f02c470f41ad1033,"IN DESC-PARTICULAR , DESC-FAST START FUNDING BE GO TO BE DESC-VERY DESC-IMPORTANT .","in particular , fast start funding is going to be very important .",15,11,0.818182,GO
aslg_pc12:092a7eeafa4873b9ab6b,"VOTE IN THAT COMMITTEE GO DESC-VERY DESC-WELL DESC-TOO , AND REPORT BE ADOPT BY DESC-COMFORTABLE MAJORITY .","the vote in that committee went very well too , and the report was adopted by a comfortable majority .",19,18,0.75,GO
aslg_pc12:24f53f9336696b1a151d,X-IT WOULD BE DESC-VERY DESC-HARD TO FIND DESC-BETTER AND MORE DESC-NOURISHING FOOD .,it would be very hard to find a better and more nourishing food .,17,13,0.857143,FOOD
aslg_pc12:57b5dec3e23e803860b2,THIS ENABLE PEOPLE TO HELP ENVIRONMENT DESC-DIRECTLY AND TO REDUCE EMISSION IN X-Y DESC-EVERYDAY LIVE AND BUY .,this enables people to help the environment directly and to reduce emissions in their everyday living and buying .,20,18,0.588235,BUY
aslg_pc12:b27480c2236ea44b7959,"X-Y BE DESC-NOT GO TO BE DEPRIVE SE PRODUCT , AND X-YOU CAN DESC-NOT STOP X-Y .","they are not going to be deprived of these products , and you cannot stop them .",20,15,0.428571,GO
aslg_pc12:ae7b0236225a5b587874,THIS BE KEY TO ENSURE THAT COUNTRY PLAY DESC-MAJOR ROLE IN THIS REGION WORLD .,this is the key to ensuring that the country plays a major role in this region of the world .,15,19,0.714286,PLAY
aslg_pc12:ecbe8f3953c54b298a2f,PARLIAMENT BE GO TO DEMAND THIS ON BEHALF ALL WORKER OPEL EUROPE .,parliament is going to demand this on behalf of all the workers of opel europe .,12,15,0.75,GO
aslg_pc12:3f5dd8a3afc629a5e573,59.1 % WOMAN WORK TODAY .,59.1 % of women work today .,3,4,0.666667,WOMAN
aslg_pc12:5bed1aa9a724627b9a6c,YESTERDAY X-POSS DEAL ON ROAM BE DESC-SENSATIONAL AND CITIZEN EUROPE STAND TO GAIN FROM X-IT .,yesterday's deal on roaming was sensational and the citizens of europe stand to gain from it .,18,16,0.588235,YESTERDAY
aslg_pc12:e710d4f50ceb68474188,"IN VIEW THIS , ISSUE FOOD SOVEREIGNTY BE DESC-VITAL ONE .","in view of this , the issue of food sovereignty is a vital one .",10,13,0.8,FOOD
aslg_pc12:493700da413a5abcaeee,"X-WE NEED TO WALK , DESC-NOT RUN .","we need to walk , not run .",8,6,0.75,RUN
aslg_pc12:773338b0ac43bc466fff,COMMISSION HAVE DESC-ESSENTIAL ROLE TO PLAY IN PROMOTE THIS .,the commission has an essential role to play in promoting this .,10,11,0.7,PLAY
aslg_pc12:c2722309fba7e4fdf612,"MEAT BRING WITH X-IT RISK CONTAMINATION DESC-SUCH AS FOOT AND MOUTH DISEASE , AS X-WE HAVE HEAR DESC-TONIGHT .","the meat brings with it the risk of contamination such as foot and mouth disease , as we have heard tonight .",21,20,0.777778,TONIGHT
aslg_pc12:9c609ccbe7766bf93709,"DESC-RE BE SOME PLAY DESC-FAST AND DESC-LOOSE DESC-HERE , AND FOOD SCANDAL AND LABEL SCAM BE DESC-REPEATEDLY BE UNCOVER .","there is some playing fast and loose here , and food scandals and labelling scams are repeatedly being uncovered .",23,18,0.466667,FOOD|PLAY
aslg_pc12:31de959d173fabc2dfbe,EUROPEAN COMMISSION AND EUROPEAN PARLIAMENT SHOULD REGAIN X-Y DESC-STRATEGIC ROLE AND GO FOR BRAVE EUROPEAN SOLUTION .,the european commission and the european parliament should regain their strategic role and go for brave european solutions .,18,18,0.733333,GO
aslg_pc12:62ece8bdc5a671d7732c,NUMBER CRISIS VICTIM BE GO THROUGH ROOF .,the number of crisis victims is going through the roof .,7,10,0.571429,GO
aslg_pc12:2172528b6f1db80d9709,BUT X-WE WILL TRY TO GO AND DO WHAT SE EXPECTATION REQUIRE FROM X-WE .,but we will try to go and do what these expectations require from us .,16,14,0.785714,GO
aslg_pc12:fbb5550a024f036d2680,X-I BE GO TO DESC-CLOSE DEBATE .,i am going to close the debate .,8,7,0.5,GO
aslg_pc12:b4278878db3e62ee58be,X-I DESC-REFORE ASK X-YOU WHAT DESC-SPECIFICALLY BE GO TO BE DO .,i therefore ask you what specifically is going to be done .,15,11,0.583333,GO
aslg_pc12:a72ea1d25a94fe3b8845,X-I THINK THAT X-WE CAN GO DESC-EVEN DESC-FURR IN THIS MATTER .,i think that we can go even further in this matter .,15,11,0.769231,GO
aslg_pc12:85607690a754e6ee8a6a,CAR MANUFACTURER THAT BE DESC-CURRENTLY CARRY OUT FLEET CALCULATION CAN DESC-NOT DESC-YET INCLUDE DESC-ELECTRIC CAR .,car manufacturers that are currently carrying out fleet calculations cannot yet include electric cars .,19,14,0.533333,CAR
aslg_pc12:271176c08e524b627b4b,"CAR BE BE RENDER DESC-UNAFFORDABLE , AS PEOPLE SHOULD BE TAKE BUS .","cars are being rendered unaffordable , as people should be taking the bus .",12,12,0.6,CAR
aslg_pc12:144576137058c4d8b46b,"X-HE GO AND X-HE DISCOVER THING , BECAUSE X-HE BE IDEALIST .","he went and he discovered things , because he was an idealist .",13,11,0.444444,GO
aslg_pc12:cb3e736018fb16225425,"THIS BE DESC-GOOD , BUT THOSE AMBITION BE DESC-NOT GO TO BE DESC-EASY TO ACHIEVE .","this is good , but those ambitions are not going to be easy to achieve .",17,14,0.75,GO
aslg_pc12:6518c9ed67e4f1b00b7b,"X-I HAVE ASK MEMBER STATE TO COME DESC-FORWARD WITH NAME , INCLUDE WOMAN .","i have asked member states to come forward with names , including women .",14,12,0.5,WOMAN
aslg_pc12:03efaaa4869c5c3b1ed0,"X-IT BE GO TO BE DO DESC-IMMEDIATELY , DESC-SO X-I WILL KEEP X-YOU INFORM IN NEXT DESC-FEW MINUTE .","it is going to be done immediately , so I will keep you informed in the next few minutes .",23,18,0.666667,GO
aslg_pc12:9870bc06da211663a405,BE X-WE GO TO REMAIN DESC-SILENT AND DESC-NOT ANSWER ?,are we going to remain silent and not answer ?,12,9,0.636364,GO
aslg_pc12:01a6c8029a7efb5c3d66,X-I BE DESC-NOT GO TO TALK ABOUT DATUM BREACH FROM DESC-NUMEROUS SECURITY SERVICE IN UNITE STATE .,i am not going to talk about the data breaches from the numerous security services in the united states .,19,19,0.5,GO
aslg_pc12:1b872934a923d0866ae8,"AS X-I SAY , PROCESS MUST BE ALLOW TO GO DESC-AHEAD .","as I said , the process must be allowed to go ahead .",12,11,0.666667,GO
aslg_pc12:a25074d9c878e9fa60f5,"IN REACT TO CRISIS , EIB DESC-SIGNIFICANTLY INCREASE X-ITS LENDING VOLUME TO BUSINESS IN DESC-200 DESC-POSITIVE ROLE PLAY BY EIB DURING CRISIS BE DESC-INCONTROVERTIBLE .","in reacting to the crisis , the eib significantly increased its lending volume to businesses in 200the positive role played by the eib during the crisis is incontrovertible .",27,27,0.65,PLAY
aslg_pc12:f32d8e74cbae78c500d7,THAT BE WHY X-I THINK THAT DESC-TONIGHT X-POSS DEBATE BE DESC-NOT DESC-JUST ABOUT IRELAND .,that is why I think that tonight's debate is not just about ireland .,19,13,0.642857,TONIGHT
aslg_pc12:e7c74f8e3144b1605356,X-IT BE ONE COUNTRY WITH MOST DESC-DYNAMIC DESC-ECONOMIC ACTIVITY WHERE DESC-GREAT DEBATE BE GO ON .,it is one of the countries with the most dynamic economic activity where a great debate is going on .,19,19,0.6875,GO
aslg_pc12:a08c59b7222b99883c40,FLAVORING AND FOOD INGREDIENT WITH FLAVORING PROPERTY FOR USE IN AND ON FOOD VOTE,flavourings and food ingredients with flavouring properties for use in and on foods vote,14,14,0.727273,FOOD
aslg_pc12:0844cb6ac996d2213a40,"X-I BELIEVE THAT X-WE BE ALL DESC-INTERESTED IN HAVE DESC-CLEAN AND DESC-HEALTHY ENVIRONMENT , DESC-ESPECIALLY FOR X-WE CHILD .","i believe that we are all interested in having a clean and healthy environment , especially for our children .",24,18,0.722222,CHILD
aslg_pc12:5bec4022c566e7d6e2b4,LET DESC-RE BE END TO MASS IMMIGRATION X-IT HAVE GO DESC-FAR DESC-ENOUGH .,let there be an end to mass immigration it has gone far enough .,16,13,0.642857,GO
aslg_pc12:6d430b266d50850e6e53,WHICH DIRECTION BE EUROPEAN ECONOMY X-POSS COMPETITIVENESS GO IN ?,which direction is the european economy's competitiveness going in ?,10,9,0.5,GO
aslg_pc12:4edaf3859b6da7f6ae38,X-IT BE DESC-IMPORTANT TO STRENGN PROTECTION SELF EMPLOY WOMAN .,it was important to strengthen the protection of self employed women .,11,11,0.454545,WOMAN
aslg_pc12:f46bcc047564d368dd99,DESC-YOUNG CHILD MUST BE DESC-TOGER WITH X-Y FAMILY TO BENEFIT FROM DESC-DIRECT SUPERVISION AND CARE X-Y PARENT .,young children must be together with their family to benefit from the direct supervision and care of their parents .,22,19,0.666667,CHILD
aslg_pc12:e9cf9ccdfbce5febada2,DO X-WE DESC-NOT DESC-ALREADY HAVE DESC-ENOUGH RULE GOVERN FOOD ?,do we not already have enough rules governing food ?,13,9,0.636364,FOOD
aslg_pc12:bb87a0484dcd1f304fa6,X-I BE DESC-NOT GO TO TAKE EVERY DESC-BLUE CARD BECAUSE X-WE MUST GO DESC-AHEAD WITH X-WE DISCUSSION .,i am not going to take every blue card because we must go ahead with our discussion .,23,17,0.823529,GO
aslg_pc12:5e5d9dadccc3cd54c835,DESC-RECENT ADOPTION BY TURKMENISTAN LEGISLATION INTRODUCE BAN ON CHILD LABOR BE ONE SE SIGN .,the recent adoption by turkmenistan of legislation introducing a ban on child labour is one of these signs .,15,18,0.6,CHILD
aslg_pc12:c0885a11c536472d3804,"WHEN PARENT EMIGRATE FOR WORK , SE CHILD BE DESC-ALSO LEAVE DESC-ALONE .","when parents emigrate for work , these children are also left alone .",13,11,0.5,CHILD
aslg_pc12:184c790ce247e5acc2ed,X-WE GROUP DO DESC-NOT DISAGREE WITH OBSERVATION THAT WOMAN MUST HAVE CONTROL OVER X-Y DESC-SEXUAL AND DESC-REPRODUCTIVE RIGHTS .,our group does not disagree with the observation that women must have control over their sexual and reproductive rights .,23,19,0.7,WOMAN
aslg_pc12:fe4be3c4203f7f98406a,BREASTFEED CHILD BE DESC-VERY DESC-IMPORTANT FOR X-ITS IMMUNITY AND DESC-BIOLOGICAL HEALTH .,breastfeeding a child is very important for its immunity and biological health .,15,12,0.692308,CHILD
aslg_pc12:9fab7304018daa88a66c,DESC-SECURE DESC-SUSTAINABLE FOOD SUPPLY BE ONE DESC-GREATEST CHALLENGE THAT FACE X-WE .,in writing . securing sustainable food supply is one of the greatest challenges that faces us .,15,15,0.461538,FOOD
aslg_pc12:c1466fae2a485fdbda4b,X-I HAVE ONE DESC-GENERAL REMARK AND THREE SPECIFIC ONE TO PUT BEFORE X-YOU DESC-TONIGHT .,i have one general remark and three specific ones to put before you tonight .,18,14,0.866667,TONIGHT
aslg_pc12:891c54aad534ae079c06,THIS PLAY DESC-VERY DESC-MUCH TO EU X-POSS STRENGTH AS WORLD X-POSS DESC-LARGEST DONOR .,this plays very much to the eu's strengths as the world's largest donor .,18,13,0.5,PLAY
aslg_pc12:503ccc85c3b37621b438,DESC-HEALTHY FOOD BE WHAT MUST BE MAKE HEART MATTER .,healthy food is what must be made the heart of the matter .,10,12,0.777778,FOOD
aslg_pc12:50470fb6a6da2b46d15a,WOMAN X-POSS DIGNITY BE DESC-INTRINSIC TO X-SHE PERSON .,a woman's dignity is intrinsic to her person .,11,8,0.4,WOMAN
aslg_pc12:770834a6a6260b7a5e3b,IN PROTEST AT DESC-FALSE CHARGE AND LACK DESC-FAIR TRIAL X-SHE GO ON HUNGER STRIKE .,in protest at the false charges and the lack of a fair trial she went on hunger strike .,17,18,0.75,GO
aslg_pc12:6940df4ad8d9590b061f,"SE BE FOOD MANUFACTURE USE DESC-NEW PRODUCTION TECHNIQUE , FOOD THAT DO DESC-NOT EXIST BEFORE 15 MAY 199WE WANT COMMISSION TO DESC-PRESENT DESC-LEGISLATIVE PROPOSAL WITHOUT DELAY , AND X-WE BE DESC-REALLY PUSH FOR THIS .","these are foods manufactured using new production techniques , foods that did not exist before 15 may 199we want the commission to present a legislative proposal without delay , and we are really pushing for this .",37,33,0.666667,FOOD
aslg_pc12:b96971e74a40b2249d24,"DESC-MODERN DESC-FLAT HAVE BE BUILD AND GIVE TO X-Y , DESC-SAME WHICH DESC-OR PEOPLE HAVE TO BUY .","modern flats have been built and given to them , the same which other people have to buy .",21,17,0.5,BUY
aslg_pc12:4f3d7f4d9fb899fdb757,X-WE DO DESC-NOT NEED MEAT FROM CLONE ANIMAL FOR SAKE FOOD SUPPLY SECURITY .,we do not need meat from cloned animals for the sake of food supply security .,15,15,0.733333,FOOD
aslg_pc12:c223442137c8eb2aa271,REACTION FROM OUTSIDE WORLD BE ONE CONFUSION .,the reaction from the outside world is one of confusion .,7,10,0.857143,OUTSIDE
aslg_pc12:e69db82767cea03238b6,"FARMER DESC-ALSO PROVIDE FOOD , WHICH X-WE NEED IN ORDER TO DESC-LIVE .","farmers also provide food , which we need in order to live .",14,11,0.769231,FOOD
aslg_pc12:1d803de355478fbe8016,"WHO , THOUGH , BE X-WE GO TO APPOINT TO EXERCISE SE POWER ?","who , though , are we going to appoint to exercise these powers ?",12,11,0.545455,GO
aslg_pc12:1fd02249b951f9b8e80a,X-I WOULD DESC-ALSO STRESS POINT THAT PATIENT MUST PLAY DESC-CENTRAL ROLE IN THIS REGARD .,i would also stress the point that the patient must play the central role in this regard .,17,17,0.875,PLAY
aslg_pc12:edafea7b1acd13911dfa,TIME BE RUN OUT .,time is running out .,4,4,0.5,RUN
aslg_pc12:55dfc0ed4d66dd5eeb10,RESTRICT OPTION DESC-SMALL AND MEDIUM SIZE ENTERPRISE AND CAR DEALER WILL REDUCE COMPETITION .,restricting the options of small and medium sized enterprises and car dealers will reduce competition .,14,15,0.538462,CAR
aslg_pc12:b994356ebcb5044bf173,REPUBLIC MOLDOVA CAN PLAY DESC-IMPORTANT ROLE IN BOTH DESC-EASTERN PARTNERSHIP AND DESC-BLACK SEA SYNERGY .,the republic of moldova can play an important role in both the eastern partnership and black sea synergy .,17,18,0.933333,PLAY
aslg_pc12:0f797895dd45c0dfd3fe,DESC-MANY FELLOW MEMBER HAVE DESC-ALREADY GO INTO DETAIL .,many fellow members have already gone into the details .,10,9,0.555556,GO
aslg_pc12:7bc84d6c24e4966d004e,"DESC-LASTLY , X-IT MUST ENCOURAGE MEMBER STATE TO DESC-GRADUALLY REPLACE X-Y FLEET COMBUSTION VEHICLE WITH DESC-ELECTRIC CAR .","lastly , it must encourage the member states to gradually replace their fleet of combustion vehicles with electric cars .",21,18,0.666667,CAR
aslg_pc12:92113bb646beb15d9bc1,DESC-SO DESC-WELL DO DESC-SOUTH KOREA GO ON EXECUTE X-YOU DESC-WORST DESC-CRIMINAL .,so well done south korea go on executing your worst criminals .,17,11,0.538462,GO
aslg_pc12:8ab0f213e86f31787767,"FOR X-I , ONE SE CRITERION BE AGE CHILD .","for me , one of these criteria is the age of the children .",9,12,0.333333,CHILD
aslg_pc12:3e4cad4cd4df12eb97e1,"DESC-MEANWHILE , X-WE COULD ENVISAGE BUY GAS DESC-DIRECTLY FROM RUSSIUM AT RUSSIAN UKRAINIAN BORDER .","meanwhile , we could envisage buying gas directly from russia at the russian ukrainian border .",16,14,0.733333,BUY
aslg_pc12:2bf9c11677b12d3880b8,UKRAINE BE GO TO BE PARTNER WHO SHOULD BE TREAT WITH GOODWILL .,ukraine is going to be a partner who should be treated with goodwill .,12,13,0.8,GO
aslg_pc12:d1bff4ec1f4bb692fe9c,BE X-WE DESC-SERIOUSLY SUGGEST KAZAKH GOVERNMENT THROW DESC-CIVILIAN UNDER CAR WHEEL DESC-HUMAN RIGHTS ACTIVIST ?,are we seriously suggesting the kazakh government threw a civilian under the car wheels of a human rights activist ?,18,19,0.625,CAR
aslg_pc12:c30de3941f98dc4f18b5,"COUNCIL BE GO TO DEBATE CASE GREECE , X-WE HOPE , IN FEBRUARY .","the council is going to debate the case of greece , we hope , in february .",12,14,0.75,GO
aslg_pc12:cc2c5cdaa1e2faea261d,WHAT BE X-WE RESPONSE GO TO BE ?,what is our response going to be ?,8,7,0.571429,GO
aslg_pc12:451636f63ccb1cba8271,"TODAY , THOSE WHO LEAVE X-Y FARM TO X-Y CHILD RISK LEAVE X-Y WITH HANDFUL DEBT .","today , those who leave their farm to their children risk leaving them with a handful of debts .",18,17,0.692308,CHILD
aslg_pc12:47a9f0e16d6b9a768526,"EIGHTY PER CENT BE FEMALE , AND CHILD ABUSE DOMAIN TOTAL MORE THAN 3 000 .","eighty per cent were female , and child abuse domains totalled more than 3 000 .",12,12,0.75,CHILD
aslg_pc12:8e9a4bdf06bdf5303795,THAT BE WHY X-WE HAVE TO GO BEYOND DESC-MERE DECLARATION INTENT .,that is why we have to go beyond a mere declaration of intent .,13,13,0.769231,GO
aslg_pc12:82449dacde6022c30ecf,LEVEL PLAY FIELD MUST BE RETAIN .,the level playing field must be retained .,6,7,0.666667,PLAY
aslg_pc12:c4ec616992638d3f6c4b,DESC-RE HAVE TO BE LEVEL PLAY FIELD .,there has to be a level playing field .,8,8,0.5,PLAY
aslg_pc12:e04d98f6b9ce71b54d81,"YESTERDAY , X-I RECEIVE LETTER FROM BELARUSIAN AMBASSADOR TO POLAND .","yesterday , I received a letter from the belarusian ambassador to poland .",10,11,0.8,YESTERDAY
aslg_pc12:d1b3472e8cffaca7f751,LIFE BE DESC-NOT GO TO BE DESC-EASIER FOR X-WE .,life is not going to be easier for us .,12,9,0.6,GO
aslg_pc12:229923c97230316cd8a2,"AT DESC-SAME TIME , SE STUDENT BE DESC-BETTER DESC-PREPARED TO ENTER LABOR MARKET AFTER X-Y COURSE .","at the same time , these students are better prepared to enter the labour market after their courses .",19,17,0.529412,STUDENT
aslg_pc12:57f991d78d046d07f962,MAN WHO BUY WIFE TREAT X-Y LIKE SLAVE .,the men who buy wives treat them like slaves .,9,9,0.444444,BUY
aslg_pc12:6544d4fe63018abd9ad1,DESC-MANY SE NATION DESC-ALSO DESIRE STRENGN PROVISION SURROUND FOOD SECURITY AND INFANT INDUSTRY .,many of these nations also desire a strengthening of the provisions surrounding food security and infant industry .,15,17,0.571429,FOOD
aslg_pc12:ef48f56d6d8afdb50ccc,X-Y SHOULD DESC-NOT HAVE TO GO TO COURT IN ORDER TO ACHIEVE X-IT .,they should not have to go to court in order to achieve it .,16,13,0.769231,GO
aslg_pc12:1e7c367310b9447c3dc2,DESC-NEW DESC-STRATEGIC IMPORTANCE FOR FOOD PRODUCTION AND CAP DESC-ABSOLUTELY .,a new strategic importance for food production and the cap absolutely .,12,11,0.9,FOOD
aslg_pc12:1ac508f33521156d6277,X-WE BE DESC-REFORE HELP DESC-COMPETITIVE CAR INDUSTRY .,we are therefore helping a competitive car industry .,10,8,0.444444,CAR
aslg_pc12:e746331b218bd85e527f,"X-IT DESC-ALSO INCLUDE ABORTION , WHICH HAVE NO PLACE IN CHILD X-POSS RIGHTS .","it also includes abortion , which has no place in children's rights .",15,11,0.571429,CHILD
aslg_pc12:9e0f69a32514c3db99b9,"AS HAVE DESC-ALREADY BE MENTION , DESC-RELATIVE STABILITY PLAY DESC-DECISIVE ROLE FOR GERMANY .","as has already been mentioned , relative stability plays a decisive role for germany .",15,13,0.615385,PLAY
aslg_pc12:cb6e4a65bed3873f6d32,"DESC-HOWEVER , PENSION FUND DESC-N GO DESC-BANKRUPT .","however , the pension fund then went bankrupt .",9,7,0.571429,GO
aslg_pc12:69bb04dfae8676c0e64c,X-I BE CONVINCE THAT PROTECTION CHILD X-POSS RIGHTS BE DESC-VERY DESC-IMPORTANT ASPECT STOCKHOLM PROGRAM .,i am convinced that the protection of children's rights is a very important aspect of the stockholm programme .,18,18,0.533333,CHILD
aslg_pc12:f15b62bf0ec4f1a4c47c,CAT AND DOG FUR VOTE,cat and dog fur vote,5,5,1.0,DOG
aslg_pc12:46c56cf6d151fffcab83,"DESC-UNFORTUNATELY , OWE TO MONOPOLY , CONNECTION BE DESC-VERY DESC-SLOW AND DESC-NOT DESC-CONDUCIVE TO RUN BUSINESS .","unfortunately , owing to the monopoly , the connection is very slow and not conducive to running a business .",19,17,0.714286,RUN
aslg_pc12:82d961142280f8bf3a79,"X-WE HAVE TO REMEMBER THAT X-WE MUST ENSURE THAT X-WE HAVE DESC-GOOD , DESC-SAFE , TOP QUALITY FOOD .","we have to remember that we must ensure that we have good , safe , top quality food .",21,16,0.857143,FOOD
aslg_pc12:cd9e2c17efb1eb7c5a68,"HOW BE X-YOU GO TO ENSURE THIS , AND WHAT TIMETABLE BE X-YOU WORK TO ?","how are you going to ensure this , and what timetable are you working to ?",16,14,0.666667,GO
aslg_pc12:7241f53dc70713f01897,"DESC-SO , WHEN BE X-WE GO TO TAKE THOSE WOMAN , X-Y FAMILY AND X-Y SUFFER DESC-SERIOUSLY ?","so , when are we going to take those women , their families and their sufferings seriously ?",20,15,0.5,GO|WOMAN
aslg_pc12:53daeeee483251993cec,WOMAN HAVE DESC-ALSO BE TREAT DESC-UNFAIRLY .,women have also been treated unfairly .,8,6,0.428571,WOMAN
aslg_pc12:83d239a454a5cd04206d,"DECOUPLE ASSISTANCE FAVOR DESC-LARGE LANDOWNER , AND THREATEN DESC-SMALL OPERATION AND FAMILY RUN FARM .","the decoupling of assistance favours large landowners , and threatens small operations and family run farms .",15,15,0.461538,RUN
aslg_pc12:d79d7c0fed50f7df10ce,X-WE DESC-ALREADY HAVE SOME BUILDING AND SOME SITE OUTSIDE EUROPEAN QUARTER .,we already have some buildings and some sites outside the european quarter .,13,12,0.666667,OUTSIDE
aslg_pc12:bc1578b7ef58dad22ce3,WOMAN CONTINUE TO BE UNDER REPRESENT IN MOST AREA SCIENCE AND TECHNOLOGY AND IN POSITION RESPONSIBILITY .,women continue to be under represented in most areas of science and technology and in positions of responsibility .,16,18,0.714286,WOMAN
aslg_pc12:425b99fd5372ad484013,HOW BE X-YOU GO TO TREAT PENSIONER ?,how are you going to treat pensioners ?,8,7,0.5,GO
aslg_pc12:d7695b1f7cd80779e654,DO FACT THAT X-I VISIT SE WEBSITE MEAN THAT X-I CONSENT TO X-MY SOCIETY GO DESC-BACK 40 YEAR ?,does the fact that I visit these websites mean that I consent to my society going back 40 years ?,21,18,0.588235,GO
aslg_pc12:4143a30bbc83f18aea58,X-IT SAY THAT WOMAN BE DESC-LOWER STATUS THAN MAN .,it says that women are of a lower status than men .,11,11,0.454545,WOMAN
aslg_pc12:358968f8d61e377134a4,"MAJORITY X-Y BE WOMAN , MOST WHOM HAVE HAVE X-Y HOUR AND WAGES CUT .","the majority of them are women , most of whom have had their hours and wages cut .",15,16,0.583333,WOMAN
aslg_pc12:6b4de3033219b5a0bac1,"IF THING CONTINUE TO DEVELOP IN THIS DIRECTION , X-WE CAN GO STEP DESC-FURR .","if things continue to develop in this direction , we can go a step further .",15,14,0.733333,GO
aslg_pc12:18fb8bfc4d508f33866a,X-I KNOW STRESS X-I HAVE CAUSE X-YOU AS PRESIDENT BY RUN THROUGH ITEM DESC-VERY DESC-QUICKLY .,i know the stress I have caused you as president by running through items very quickly .,20,16,0.6875,RUN
aslg_pc12:6d062bc0e87912e6c220,BIO WASTE HAVE ROLE TO PLAY IN MORE DESC-GLOBAL MATTER FIGHT AGAINST CLIMATE CHANGE .,bio waste has a role to play in a more global matter the fight against climate change .,15,17,0.866667,PLAY
aslg_pc12:86d2b91e1f10bcf3b54c,X-IT GO WITHOUT SAY THAT DESC-ECONOMIC RELATIONSHIP BETWEEN X-WE AND EU MUST BE MAINTAIN .,it goes without saying that the economic relationship between the us and the eu must be maintained .,17,17,0.625,GO
aslg_pc12:3f80c54e43afa766a2fa,"MADAM PRESIDENT , IN DESC-18TH CENTURY ENGLAND , THOMAS MALTHUS PREDICT THAT POPULATION INCREASE WOULD EXCEED FOOD SUPPLY .","madam president , in 18th century england , thomas malthus predicted that population increase would exceed food supply .",17,16,0.882353,FOOD
aslg_pc12:af5357ab841747179f24,FOR WHAT BE X-WE GO TO DO WITH X-Y ?,for what are we going to do with them ?,11,9,0.6,GO
aslg_pc12:6ca2959d8a7053c37df2,"X-I BE GO TO TRY , IN TURN , TO GIVE X-YOU SOME CLARIFICATION .","i am going to try , in turn , to give you some clarifications .",14,12,0.666667,GO
aslg_pc12:a426b5fd06942a53ca07,X-WE HAVE INCENTIVE TO INVEST IN THOSE DESC-NEW CAR THAT M HARM AND DESC-OR WANT .,we have the incentives to invest in those new cars that ms harms and others want .,18,16,0.588235,CAR
aslg_pc12:5c7415a7925b33246333,X-IT BE FACT LIFE THAT X-WE CHILD BE DESC-OFTEN MORE COMPUTER DESC-LITERATE THAN X-WE BE .,it is a fact of life that our children are often more computer literate than we are .,20,17,0.714286,CHILD
aslg_pc12:058aaac42e395e008605,"X-I DO DESC-NOT BELIEVE X-YOU , BUT X-I BE GO TO VOTE FOR X-YOU DESC-ANYWAY .","i do not believe you , but I am going to vote for you anyway.",20,14,0.714286,GO
aslg_pc12:72dc64ec385a5acb9c4e,"SIGN DESC-GLOBAL WARM BE DESC-EVIDENT IN POVERTY , SHORTAGE FOOD PRODUCT AND DESC-LIMITED ENERGY RESOURCE .","the signs of global warming are evident in poverty , shortages of food products and limited energy resources .",17,17,0.533333,FOOD
aslg_pc12:c34dcd14139f2906aa2a,"DESC-ALSO , TWO DESC-VERY DESC-IMPORTANT AREA THAT X-WE TALK ABOUT IN THIS HOUSE FORCE LABOR AND CHILD LABOR .","also , two very important areas that we talk about in this house forced labour and child labour .",21,17,0.722222,CHILD
aslg_pc12:e2f40a06e68ee6884920,"DESC-UNFORTUNATELY , DESC-EVEN CHANGE INTRODUCE BY COMMITTEE DO DESC-NOT GO DESC-FAR DESC-ENOUGH IN IMPROVE PROPOSAL .","unfortunately , even the changes introduced by committee do not go far enough in improving the proposal .",19,16,0.733333,GO
aslg_pc12:1f3aafc25394a4c03a62,"AS MORE THAN FIFTEEN MEMBER HAVE ASK FOR FLOOR , X-WE BE GO TO HEAR DESC-FIRST FIVE .","as more than fifteen members have asked for the floor , we are going to hear the first five .",18,18,0.666667,GO
aslg_pc12:b538019b65d2d65092fc,NOTION THAT DESC-DOMESTIC STANDARD SHOULD BE ALLOW TO RUN IN PARALLEL WITH SEPA BE DESC-INEFFICIENT AND DESC-COUNTERPRODUCTIVE .,the notion that domestic standards should be allowed to run in parallel with sepa is inefficient and counterproductive .,20,18,0.823529,RUN
aslg_pc12:dc05e08e9703e1af0c27,X-IT BE DESC-SHOCKING THAT THIS HAVE TO GO TO STRASBOURG .,it is shocking that this has to go to strasbourg .,12,10,0.636364,GO
aslg_pc12:004d1dc7e70fb529439f,WHAT ROLE WILL DESC-COMMERCIAL POLICY PLAY IN THIS CONTEXT ?,what role will commercial policy play in this context ?,10,9,0.9,PLAY
aslg_pc12:ee95ed2612da73f7e463,SUBJECT FOOD LABEL FOR CONSUMER,subject food labelling for consumers,5,5,0.6,FOOD
aslg_pc12:c21e7d6cc45b267e57f8,"MADAM PRESIDENT , RED SHIRTDEMONSTRATION HAVE BE SUPPRESS WITH BLOODSHED .","madam president , thered shirtdemonstrations have been suppressed with bloodshed .",9,9,0.555556,RED
aslg_pc12:abe3d3f27cb886d0fd6b,X-WE SPEAK ABOUT THIS YESTERDAY DURING DEBATE ON GEORGIUM .,we spoke about this yesterday during the debate on georgia .,10,10,0.7,YESTERDAY
aslg_pc12:53eaeae2aac7f4eecd00,"YESTERDAY MR DE BOER , UNITE NATION NEGOTIATOR , ASK FOR USD 10 BILLION BETWEEN DESC-NOW AND DESC-20RE BE DESC-JUST THREE POINT X-I WANT TO MAKE .","yesterday mr de boer , the united nations negotiator , asked for usd 10 billion between now and 20there are just three points I want to make .",27,24,0.68,YESTERDAY
aslg_pc12:833c753e7221a7208786,DESC-ORWISE X-WE PLAY INTO HAND BLAME BRUSSELSBRIGADE WHEN SOMETHING GO DESC-WRONG AT HOME .,otherwise we play into the hands of theblame brusselsbrigade when something goes wrong at home .,16,15,0.6,GO|PLAY
aslg_pc12:31286c323e6d96360def,PERIOD EURO AREA BE GO THROUGH BE DESC-DIFFICULT ONE .,the period the euro area is going through is a difficult one .,10,12,0.666667,GO
aslg_pc12:8bba3ca5d2c6a6e321a1,X-I DESC-ALSO AGREE THAT AFRICAN STATE HAVE DESC-IMPORTANT ROLE TO PLAY IN IMPROVE CONDITION DESC-RE .,i also agree that african states have an important role to play in improving conditions there .,19,16,0.647059,PLAY
aslg_pc12:d31c99521671839c7cda,THIS LEADERSHIP GO BEYOND DESC-SIMPLY PUT X-Y HOUSE IN ORDER AND MAKE SACRIFICE THAT GO WITH THAT .,this leadership goes beyond simply putting their house in order and making the sacrifices that go with that .,19,18,0.647059,GO
aslg_pc12:1a780cb337b409bb9ba7,IN THIS WAY UNION BE DESC-PROBABLY GO TO LOSE DESC-UNIQUE OPPORTUNITY DIVERSITY AND DESC-GREATER SECURITY .,in this way the union is probably going to lose the unique opportunity of diversity and greater security .,18,18,0.8125,GO
aslg_pc12:f7f1b9f4c34c0681af39,BUT X-I DO DESC-NOT KNOW WHER X-MY CONSTITUENT WILL ACCEPT THAT X-WE BE DESC-ACTUALLY GO TO MAKE ANY DIFFERENCE .,but I do not know whether my constituents will accept that we are actually going to make any difference .,24,19,0.714286,GO
aslg_pc12:83c44d56baed80bf1981,"WHEN X-I BE STUDENT , X-I DESC-LIVE IN FRANCE FOR 12 MONTH AND X-I COME HOME FRANCOPHILE .","when I was a student , I lived in france for 12 months and I came home a francophile .",19,17,0.6,STUDENT
aslg_pc12:6a82b2c0e8d9d68bb976,RISE IN FOOD PRICE VOTE,rise in food prices vote,5,5,0.8,FOOD
aslg_pc12:f3f83e05f1ffa727d368,YESTERDAY IN PARLIAMENT X-WE CELEBRATE EUROPEAN DAY HOME MAKE ICE CREAM .,yesterday in parliament we celebrated the european day of home made ice cream .,12,13,0.75,YESTERDAY
aslg_pc12:b0cf3e3b4af3c2e2fec5,DESC-NUCLEAR ENERGY WILL HAVE DESC-VITAL ROLE TO PLAY IN FUTURE ENERGY IN X-WE SOCIETY .,nuclear energy will have a vital role to play in the future of energy in our societies .,17,17,0.714286,PLAY
aslg_pc12:20302577c2aa5152b5a9,"WHAT ACTION DO COMMISSION PLAN TO TAKE TO RESTORE DESC-EQUAL COMPETITION CONDITION , DESC-SO CALL LEVEL PLAY FIELD ?","what actions does the commission plan to take to restore equal competition conditions , the so called level playing field ?",19,19,0.647059,PLAY
aslg_pc12:8f87a0f84ce51b2fcd73,X-I WOULD DESC-EVEN HAVE GO DESC-FURR IN DESC-FEW PLACE .,i would even have gone further in a few places .,13,10,0.545455,GO
aslg_pc12:b6752d5e7522b48b7f6b,THIS MENTALITY BE DESC-CLEARLY ONE REASON WHY X-WE BE DEBATE DESC-TONIGHT .,this mentality is clearly one of the reasons why we are debating tonight .,14,13,0.583333,TONIGHT
aslg_pc12:52e7d99ce75ca8ad4aa9,"YESTERDAY , PRESIDENT COMMISSION GIVE DESC-POSITIVE RESPONSE TO STEPHEN HUGHE X-POSS REQUEST .","yesterday , the president of the commission gave a positive response to stephen hughes's request .",13,14,0.615385,YESTERDAY
aslg_pc12:cb111abe825ac56b19fa,WRITE HAVE BE ON WALL FOR DESC-LONG TIME THAT THING WOULD GO DESC-SERIOUSLY DESC-WRONG .,the writing had been on the wall for a long time that things would go seriously wrong .,17,17,0.666667,GO
aslg_pc12:46f75e2c14daf7f14de6,ALL CHILD BE BEAR ARTIST .,all children are born artists .,5,5,0.2,CHILD
aslg_pc12:bdabb18d571e1f4b19f7,THIS DESC-VERY DESC-CLEARLY MEAN THAT CONTRACEPTION AND ABORTION MUST BE MAKE AS DESC-ACCESSIBLE AS DESC-POSSIBLE TO WOMAN .,this very clearly means that contraception and abortion must be made as accessible as possible to women .,21,17,0.764706,WOMAN
aslg_pc12:21c9f5c89702c1a5fc2c,"DESC-NOWADAYS , SPOIL WAR GO BY NAME COMMISSION , ATTENTION OR SPONSORSHIP .","nowadays , the spoils of war go by the name of commission , attention or sponsorship .",11,14,0.818182,GO
aslg_pc12:8ed1b75c7c21d16dee13,"AT DESC-SAME TIME , DESC-HOWEVER , EUROPEAN COMMISSION HAVE APPROVE DESC-ENORMOUS STATE AID FOR DESC-FRENCH CAR MAKER .","at the same time , however , the european commission has approved enormous state aid for french car makers .",19,17,0.75,CAR
aslg_pc12:851754d554a0ba5efb8f,LET X-WE DESC-NOW GO DESC-FURR .,let us now go further .,8,5,0.428571,GO
aslg_pc12:796b5df4def86ed7c2cb,"IF X-WE LOOK AT EUROPEAN UNION AS LIVE ORGANISM , EUROPEAN CAR INDUSTRY BE X-ITS BACKBONE .","if we look at the european union as a living organism , the european car industry is its backbone .",17,18,0.8,CAR
aslg_pc12:e6fcb65bf081f5a5abc6,SURVIVE WOMAN AND CHILD BE DESC-RIGHT TO KEEP REMIND X-WE THIS .,the surviving women and children are right to keep reminding us of this .,13,13,0.384615,CHILD|WOMAN
aslg_pc12:41114bd86d36d53e1f87,X-I WANT TIMEFRAME IN WHICH COMPLAINT BE DEAL WITH TO BE IMPROVE AS X-WE GO DESC-FORWARD .,i want the timeframe in which complaints are dealt with to be improved as we go forward .,19,17,0.705882,GO
aslg_pc12:1c264836eb9377355ea9,WHEELCHAIR USER OR GUIDE DOG USER SHOULD HAVE DESC-FREE ACCESS DESC-ANYWHERE WITHIN EUROPEAN UNION .,a wheelchair user or a guide dog user should have free access anywhere within the european union .,16,17,0.928571,DOG
aslg_pc12:b85e3fac3c58b634b795,WHEN BE X-WE GO TO PAY ATTENTION TO LAYMAN EUROPEAN UNION CITIZEN ?,when are we going to pay attention to a layman the european union citizen ?,13,14,0.75,GO
aslg_pc12:bd16a442281c38f93430,X-WE HAVE TO REALIZE THAT SITUATION MOR WHO ADOPT CHILD BE DESC-DIFFERENT .,we have to realise that the situation of a mother who adopts a child is different .,14,16,0.571429,CHILD
aslg_pc12:2664a15c9484c7e3b834,X-IT MUST BE ENSURE THAT TRADE AFFAIR BE DISCUSS ON LEVEL PLAY FIELD .,it must be ensured that trade affairs are discussed on a level playing field .,14,14,0.615385,PLAY
aslg_pc12:8dd345731fd9d1103bfc,WORLD DESC-STILL RUN ON CARBON .,the world still runs on carbon .,6,6,0.666667,RUN
aslg_pc12:8e7696426828ca27b16a,TIME WILL TELL WHER NABUCCO WILL PLAY X-ITS PART IN EUROPEAN UNION X-POSS DESC-FOREIGN AND SECURITY POLICY .,time will tell whether nabucco will play its part in the european union's foreign and security policy .,20,17,0.722222,PLAY
aslg_pc12:e0f5223abeccc0ceb985,"PL MR PRESIDENT , EQUALITY BETWEEN WOMAN AND MAN BE DESC-IMPORTANT SUBJECT .","pl mr president , equality between women and men is an important subject .",12,12,0.666667,WOMAN
aslg_pc12:8645a67c15962859d7a0,X-I BE GO TO TALK ABOUT CANARY ISLAND .,i am going to talk about the canary islands .,9,9,0.555556,GO
aslg_pc12:8e078f0d053c5a41eaf4,HOW CAN X-WE ERADICATE POVERTY WITHOUT MAKE FOOD SOVEREIGNTY PRIORITY ?,how can we eradicate poverty without making food sovereignty a priority ?,11,11,0.818182,FOOD
aslg_pc12:22ded932f11d3f1c3369,DESC-RIGHT BE DESC-ONLY BUY IN SOCIETY SLAVE .,a right is only bought in a society of slaves .,9,10,0.5,BUY
aslg_pc12:e267d1fccd4411bdf807,"DESC-FURRMORE , MARGIN ON DESC-AGRICULTURAL BUDGET BE DESC-ONLY GO TO GET DESC-SMALLER OVER NEXT DESC-FEW YEAR .","furthermore , the margin on the agricultural budget is only going to get smaller over the next few years .",20,18,0.6875,GO
aslg_pc12:0a7aed2d03dbfb9ec81d,SAVINGS MAKE AT EXPENSE CHILD BE DESC-WORST KIND INVESTMENT IN FUTURE .,savings made at the expense of children are the worst kind of investment in the future .,12,16,0.666667,CHILD
aslg_pc12:d7e8843d990e432d33e8,SE THREE COMMITTEE SHOULD BE DESC-UP AND RUN .,these three committees should be up and running .,9,8,0.555556,RUN
aslg_pc12:f477347772fe3ece7b4a,TERRITORIAL COHESION PLAY DESC-IMPORTANT ROLE IN THIS RESPECT .,territorial cohesion plays an important role in this respect .,9,9,0.777778,PLAY
aslg_pc12:89ae7ff426e39c5fe4de,DESC-EQUAL OPPORTUNITY FOR MAN AND WOMAN BE ONE EUROPEAN UNION X-POSS DESC-FUNDAMENTAL VALUE .,equal opportunities for men and women is one of the european union's fundamental values .,16,14,0.4,WOMAN
aslg_pc12:a2742718a9f3d677fbdb,X-I BELIEVE THAT SE QUESTION GO TO DESC-VERY HEART DEBATE .,i believe that these questions go to the very heart of the debate .,12,13,0.666667,GO
aslg_pc12:801353982138b53b7942,X-WE DESC-SIMPLY HAVE TO GO IN AND SAVE THOSE PEOPLE .,we simply have to go in and save those people .,12,10,0.833333,GO
aslg_pc12:35430276b5a2d7f58be7,HOW BE X-WE GO TO PREVENT CARBON LEAKAGE ?,how are we going to prevent carbon leakage ?,9,8,0.666667,GO
aslg_pc12:afd69660766ca38f761e,X-IT BE PLAY WITH FIRE TO BEHAVE LIKE THIS IN TIME DESC-SUCH UNCERTAINTY .,it is playing with fire to behave like this in times of such uncertainty .,15,14,0.666667,PLAY
aslg_pc12:23ea5fe779ebbf1cb7c0,CAR PRODUCTION BE AMONG AREA DESC-WORST AFFECT .,car production is among the areas worst affected .,8,8,0.5,CAR
aslg_pc12:57bb7b37bdad2df4c47f,COMMISSION BE DESC-UNABLE TO PUT DESC-FORWARD ANY SOLUTION IN THIS REGARD YESTERDAY EIR .,the commission was unable to put forward any solution in this regard yesterday either .,15,14,0.785714,YESTERDAY
aslg_pc12:8a4fab306a4a43fd5d1f,X-WE HAVE BE SQUABBLING FOR YEAR ABOUT COMMISSION PROPOSAL TO ADJUST CAR TAX .,we have been squabbling for years about the commission proposal to adjust car tax .,14,14,0.785714,CAR
aslg_pc12:625f0208816e35c0fe69,"DESC-AGAIN , EVERY ASPECT MUST BE EXAMINE DESC-CAREFULLY IN ORDER TO FIND DESC-BEST WAY TO GO .","again , every aspect must be examined carefully in order to find the best way to go .",18,16,0.866667,GO
aslg_pc12:cbb1477793c337ae23dd,REPRESENTATIVE EUROPEAN PARLIAMENT BE OBSERVE ELECTION AND BE DESC-PRESENT YESTERDAY .,representatives of the european parliament are observing the elections and were present yesterday .,11,13,0.5,YESTERDAY
aslg_pc12:62f1031cbf61e53649e0,"X-WE NEED , LIKE DESC-NEVER BEFORE , TO INVEST IN X-WE CHILD .","we need , like never before , to invest in our children .",13,10,0.727273,CHILD
aslg_pc12:cfcb22eb511a234b846a,"THIS BE ABOUT FOOD PRODUCTION , AND X-IT BE DESC-VERY DESC-IMPORTANT IN DOHA ROUND .","this is about food production , and it is very important in the doha round .",16,14,0.785714,FOOD
aslg_pc12:82e2510f513ad14a51d5,SK PROTECT CHILD FROM ABDUCTION AND TRAFFICKING REQUIRE INTRODUCTION CHILD X-POSS PASSPORT .,sk protecting children from abduction and trafficking requires the introduction of children's passports .,13,13,0.5,CHILD
aslg_pc12:d61aaa9287d1d7654351,"IF DESC-RE BE GO TO BE NOVEL FOOD REGULATION , X-IT SHOULD DESC-REALLY DESC-ONLY APPLY TO NOVEL FOOD .","if there is going to be a novel foods regulation , it should really only apply to novel foods .",21,18,0.666667,FOOD|GO
aslg_pc12:1da59304d04130d60f1d,BE X-IT GO TO BE DESC-TONY BLAIR WITH X-HE EMPRESS CHERIE ?,is it going to be tony blair with his empress cherie ?,14,11,0.666667,GO
aslg_pc12:d4c85954b41ccc90629b,"X-IT DEFINE DESC-MINOR FOOD PRODUCE SPECIES AS ALL SPECIES EXCEPT CATTLE , PIG AND POULTRY , AND X-Y INCLUDE SALMONIDA .","it defined minor food producing species as all species except cattle , pigs and poultry , and they included salmonidae .",21,18,0.555556,FOOD
aslg_pc12:31dd7b39025099dc7cb4,THIS BE MOST DESC-RECENT SCANDAL IN RELATION TO FOOD RISK .,this is the most recent scandal in relation to food risks .,11,11,0.727273,FOOD
aslg_pc12:f3d0f9048fa593de62be,X-WE DESC-REFORE NEED TO GO BEYOND 0.7 % GNP .,we therefore need to go beyond 0.7 % of gnp .,9,8,0.666667,GO
aslg_pc12:9d5c8d0613f8f20c8ed2,THAT WOULD BE DESC-ENORMOUS IMPORTANCE TO X-I AND X-I HOPE X-YOU BE DESC-ABLE TO DO DESC-SO DESC-TONIGHT .,that would be of enormous importance to me and I hope you are able to do so tonight .,24,18,0.875,TONIGHT
aslg_pc12:0677eb5d479bad0665d5,"CHILD BE DIE AND WOMAN BE DIE DESC-PRECISELY BECAUSE SE PRACTICE , WHICH BE DESC-COMPLETELY DESC-UNACCEPTABLE .","children are dying and women are dying precisely because of these practices , which are completely unacceptable .",18,16,0.461538,CHILD|WOMAN
aslg_pc12:7bbe9ac01e191d8a6ce0,X-I DESC-REFORE CALL ON COMMISSION TO EXPLAIN HOW X-IT BE GO TO DEAL WITH THIS PROBLEM .,i therefore call on the commission to explain how it is going to deal with this problem .,19,17,0.705882,GO
aslg_pc12:b615798cb2f92f7c1354,"DESC-UNFORTUNATELY , STATISTICS DESC-STILL INDICATE THAT 95 % VICTIM BE WOMAN .","unfortunately , the statistics still indicate that 95 % of victims are women .",10,10,0.555556,WOMAN
aslg_pc12:7439dd2eb6eae03bf716,"FOOD PRODUCTION AT HEART CAP DESC-YES , THAT BE DESC-ABSOLUTELY WHAT CAP BE ABOUT .","food production at the heart of the cap yes , that is absolutely what the cap is about .",15,17,0.833333,FOOD
aslg_pc12:c007dd76d0ca70b367d8,HOW CAN X-YOU GET REDRESS IF X-YOU DO DESC-NOT KNOW WHERE TO GO OR ASK ?,how can you get redress if you do not know where to go or ask ?,18,15,0.875,GO
aslg_pc12:6f02a4bb2ff07d81eedc,THIS BE PART LABEL LET X-WE SORT X-IT OUT AND SEE WHERE X-WE BE GO ON THAT .,this is part of labelling let us sort it out and see where we are going on that .,20,18,0.75,GO
aslg_pc12:aca6435f5d02fe36c832,X-YOU CAN DESC-NOT FEED PEOPLE WHEN DESC-RE BE DESC-NOT DESC-ENOUGH FOOD BE ALLOW IN .,you cannot feed people when there is not enough food being allowed in .,19,13,0.571429,FOOD
aslg_pc12:02c70584161a85278e55,"PROMOTE DESC-SOCIAL INCLUSION AND COMBATE POVERTY , INCLUDE CHILD POVERTY , IN EU","promoting social inclusion and combating poverty , including child poverty , in the eu",12,12,0.636364,CHILD
aslg_pc12:664211fcb6a1dc3c2352,"AS DESC-FAR AS CAR INDUSTRY BE CONCERN , X-WE HAVE ESTABLISH DESC-EXCELLENT COOPERATION AMONG DESC-DIFFERENT PARTY .","as far as the car industry is concerned , we have established excellent cooperation among the different parties .",19,17,0.625,CAR
aslg_pc12:08e467ad2be6c0f4fc15,X-I DESC-ALSO HAVE DESC-HIGH HOPE EUROPEAN DESC-FINANCIAL COALITION AGAINST DESC-COMMERCIAL IMAGE CHILD PORNOGRAPHY .,i also have high hopes of the european financial coalition against commercial images of child pornography .,18,16,0.733333,CHILD
aslg_pc12:c7d4c6c5e93ccb50b419,"IN POLAND , X-IT BE THIS BE OBJECTIVE MEASURE VIOLATION WOMAN X-POSS DESC-REPRODUCTIVE RIGHTS IN POLAND .","in poland , it is this is an objective measure of the violation of women's reproductive rights in poland .",18,18,0.642857,WOMAN
aslg_pc12:1cf9bccd6d9a901c6285,SOLVE THIS PROBLEM BE GO TO BE DESC-DIFFICULT .,solving this problem is going to be difficult .,9,8,0.625,GO
aslg_pc12:3c4551fb59b99f995fff,PACKAGE TRAVEL DIRECTIVE WOULD DESC-ONLY APPLY IF CAR RENTAL BE INCLUDE IN HOLIDAY PACKAGE .,the package travel directive would only apply if car rentals are included in a holiday package .,15,16,0.714286,CAR
aslg_pc12:31e3a616c02a1dc51a51,PATH TO SELF EMPLOYMENT DESC-OFTEN GO IN STAGE .,the path to self employment often goes in stages .,9,9,0.666667,GO
aslg_pc12:261585dbd5a3e74059e6,ESTABLISHMENT DESC-INTERNATIONAL CLIMATE PROTECTION FUND FOR DESC-POORER COUNTRY HAVE GO DESC-EXTREMELY DESC-BADLY .,the establishment of the international climate protection fund for the poorer countries has gone extremely badly .,16,16,0.692308,GO
aslg_pc12:5232c221b3d20ab00c42,"G20 HAVE PLAY , AND WILL CONTINUE TO PLAY , DESC-CENTRAL PART IN THIS .","the g20 has played , and will continue to play , a central part in this .",13,14,0.833333,PLAY
aslg_pc12:c31fe635fbf8687a4f14,SWEDEN BE DESC-FAIRLY DESC-UNIQUE IN THAT ONE PER CENT X-WE DESC-GROSS DESC-DOMESTIC PRODUCT GO TO DEVELOPMENT AID .,sweden is fairly unique in that one per cent of our gross domestic product goes to development aid .,22,18,0.736842,GO
aslg_pc12:9724929bad137970eb87,RULE TO ENSURE LEVEL PLAY FIELD BETWEEN MEMBER STATE AND BETWEEN DESC-ECONOMIC OPERATOR .,rules to ensure a level playing field between member states and between economic operators .,14,14,0.615385,PLAY
aslg_pc12:627acc10b58a76abf22a,"SITUATION WOMAN BE DESC-APPALLING , WITH DESC-SEXUAL VIOLENCE SPECIFIC PROBLEM IN COUNTRY .","the situation of women is appalling , with sexual violence a specific problem in the country .",13,15,0.75,WOMAN
aslg_pc12:a1c49dcf1d42a5a2fe22,"DESC-SECONDLY , X-WE BE DEAL WITH DESC-STRANGE ROLE THAT MONITOR KIMBERLEY PROCESS HAVE PLAY .","secondly , we are dealing with the strange role that the monitor of the kimberley process has played .",16,17,0.6,PLAY
aslg_pc12:a4e522d3acf3f731a7b7,X-I HOPE X-Y BE GO TO CHANGE X-Y MIND IN FUTURE .,i hope they are going to change their minds in the future .,14,12,0.545455,GO
aslg_pc12:faa2d54db598afdede8d,"WHICH DIRECTION UNION GO IN DEPEND , IN PART , ON X-WE .","which direction the union goes in depends , in part , on us .",11,11,0.6,GO
aslg_pc12:9e6d4d86d459da29e2c1,X-I BE DESC-PLEASED TO HEAR THAT X-YOU BE GO TO COORDINATE .,i am pleased to hear that you are going to coordinate .,14,11,0.636364,GO
aslg_pc12:029883253382d75e7ae0,"DESC-REAL POSITION WOMAN AFGHANISTAN TELL DESC-DIFFERENT STORY , DESC-HOWEVER .","the real position of the women of afghanistan tells a different story , however .",11,13,0.666667,WOMAN
aslg_pc12:ddd5d44fee22e6c73d6c,"IN LESOTHO , LIFE EXPECTANCY IN MID 90 BE 60 , DESC-NOW DESC-ONLY IN KENYA , MORE THAN 1 IN 10 CHILD DIE BEFORE AGE FIVE .","in lesotho , life expectancy in the mid 90s was 60 , now only in kenya , more than 1 in 10 children die before the age of five .",21,23,0.823529,CHILD
aslg_pc12:de232c73306809c2386a,"X-IT BE THIS , DESC-REFORE , THAT BE GO TO CHANGE .","it is this , therefore , that is going to change .",11,9,0.5,GO
aslg_pc12:3412b2b71e7220e0509f,"DESC-INDEED , DESC-MUCH HAVE BE SAY ABOUT THIS , BUT NOVEL FOOD REGULATION BE ABOUT DESC-VERY DESC-MUCH MORE .","indeed , much has been said about this , but the novel foods regulation is about very much more .",20,17,0.642857,FOOD
aslg_pc12:9f6c889261847f1d3f97,"IN ORY , THAT MEAN DESC-MODERN , FUTURE DESC-READY CAR .","in theory , that means modern , future ready cars .",10,8,0.555556,CAR
aslg_pc12:4b8c9c3cc5ddac9e0489,THIS PARLIAMENT IMPOSE DESC-HIGH STANDARD FOOD PRODUCTION ON X-WE PRODUCER .,this parliament imposes high standards of food production on our producers .,12,11,0.5,FOOD
aslg_pc12:1cdb674715ac1745bcfe,EU DESC-ALSO NEED DESC-LEGAL BASIS FOR COMBATE VIOLENCE AGAINST WOMAN .,the eu also needs a legal basis for combating violence against women .,12,12,0.636364,WOMAN
aslg_pc12:3a39e93e92190fbe1d6d,"MADAM PRESIDENT , LADY AND GENTLEMAN , TWO WEEK DESC-AGO X-I GO TO LAMPEDUSA AND MALTA .","madam president , ladies and gentlemen , two weeks ago I went to lampedusa and malta .",16,14,0.6,GO
aslg_pc12:083b5fda819801e35dfc,X-I HAVE TO SAY THAT PROPOSAL CONCERN BUY DESC-BACK QUOTA LEAVE X-I MORE DESC-PERPLEXED .,i have to say that the proposal concerning the buying back of quotas leaves me more perplexed .,18,17,0.6,BUY
aslg_pc12:5a1be1e3becb5dafdd13,"FROM OUTSIDE , X-YOU MUST DESC-ALWAYS OFFER TO CONTRIBUTE TO DESC-HUMANITARIAN AID AND BRING ABOUT DESC-PEACEFUL SOLUTION .","from outside , you must always offer to contribute to humanitarian aid and bringing about peaceful solutions .",20,16,0.764706,OUTSIDE
aslg_pc12:82a9b1e4f1285a4599a3,X-I FIND X-IT DESC-DOWNRIGHT DESC-SHOCKING THAT PARLIAMENT HAVE GO ALONG WITH DESC-SUCH RISE TINTED APPROACH .,i find it downright shocking that parliament has gone along with such a rose tinted approach .,20,16,0.705882,GO
aslg_pc12:5ccb45c264964eaba50e,"MR WEISGERBER , X-YOU SAY THAT PROCESS SHOULD GO DESC-QUICKER DESC-UNFORTUNATELY , X-IT CAN DESC-NOT GO ANY DESC-QUICKER .","mrs weisgerber , you said that the process should go quicker unfortunately , it cannot go any quicker .",22,16,0.625,GO
aslg_pc12:01b150a609e374d73aea,IF X-YOU BE GO TO USE HAZARD AS CRITERION X-YOU MIGHT AS DESC-WELL BAN PETROL AND CAFFEINE .,if you are going to use hazards as criteria you might as well ban petrol and caffeine .,20,17,0.647059,GO
aslg_pc12:b7815591fc655b083851,DESC-GLOBAL FOOD AND FOOD RESERVE INVENTORY,a global food and food reserve inventory,7,7,0.833333,FOOD
aslg_pc12:da6044c8c5d79294d709,X-I SHOULD DESC-ALSO LIKE TO SAY DESC-FEW WORD ABOUT RED TAPE .,i should also like to say a few words about the red tape .,14,13,0.769231,RED
aslg_pc12:d4acf3aec9576892a7c8,"PCA , DESC-ONCE IN FORCE , WOULD GO DESC-FURR BY PROVIDE FOR DESC-FULLY FLEDGE DESC-POLITICAL DIALOGUE .","the pca , once in force , would go further by providing for a fully fledged political dialogue .",18,16,0.733333,GO
aslg_pc12:71021a730337b9578f2a,X-I SHOULD DESC-ALSO LIKE TO SEE FOOD AND DESC-VETERINARY OFFICE STEP DESC-UP X-ITS MONITORING EFFORT .,i should also like to see the food and veterinary office step up its monitoring efforts .,20,16,0.823529,FOOD
aslg_pc12:43e6d6260835d92720cc,"X-I HOPE X-YOU WILL , DESC-REFORE , THROW EVERYTHING INTO STOP SLAUGHTER THAT BE GO ON DESC-RE .","i hope you will , therefore , throw everything into stopping the slaughter that is going on there .",19,16,0.588235,GO
aslg_pc12:49f6f4f6e41911c4c5e9,"DESC-NEVERLESS FOOD MUST BE INCLUDE IN THIS REGULATION , BECAUSE DESC-ORWISE .","nevertheless foods must be included in this regulation , because otherwise .",12,10,0.545455,FOOD
aslg_pc12:c443685080a94a1d8d1e,NEED X-I REMIND X-YOU THAT TECHNOLOGY BE USE TO OBTAIN DESC-SUCH FOOD BE DESC-STILL DESC-EXPERIMENTAL IN DESC-MANY RESPECTS .,need I remind you that the technology being used to obtain such food is still experimental in many respects .,24,19,0.789474,FOOD
aslg_pc12:73d32fa0fbbe31126860,"ACCUSE SPY , SENTENCE TO EIGHT YEAR AND IMPRISON , X-SHE GO ON HUNGER STRIKE .","accused of spying , sentenced to eight years and imprisoned , she went on hunger strike .",14,14,0.5,GO
aslg_pc12:af79b49f427a5264e62d,"ANNEX 6 , IN X-MY VIEW , GO DESC-TOO DESC-FAR .","annex 6 , in my view , goes too far .",10,7,0.666667,GO
aslg_pc12:0263c4084fdfd9719e41,THIS WILL ENABLE STUDENT TO ACQUIRE QUALIFICATION AND DEVELOP SKILL REQUIRE BY EMPLOYER .,this will enable students to acquire the qualifications and develop the skills required by employers .,13,15,0.615385,STUDENT
aslg_pc12:af4a34e8c449ad0d5b6f,"FOR WHEN X-WE START TO TALK ABOUT IMPLEMENTATION , THAT BE WHEN DISCUSSION GET GO .","for when we start to talk about implementation , that is when the discussion gets going .",15,15,0.714286,GO
aslg_pc12:ec59345fe2d8ceed33cf,"DESC-HOWEVER , DESC-RE BE NO DESC-LEGAL PROVISION TO PROTECT CONSUMER IN EVENT AIRLINE OPERATOR GO DESC-BANKRUPT .","however , there are no legal provisions to protect consumers in the event of the airline operator going bankrupt .",19,18,0.625,GO
aslg_pc12:e4c446bb14964374e62d,"DESC-MOREOVER , IRAN X-POSS DESIRE TO DEVELOP DESC-NUCLEAR PROGRAM OUTSIDE DESC-INTERNATIONAL CONTROL BE DESC-ALARMING .","moreover , iran's desire to develop a nuclear programme outside international controls is alarming .",18,13,0.533333,OUTSIDE
aslg_pc12:b84ce4b03de8cb614068,"DESC-CLEARLY , EUROPEAN AGRICULTURE MUST PLAY DESC-MAJOR ROLE IN COMBATE CLIMATE CHANGE .","clearly , european agriculture must play a major role in combating climate change .",13,12,0.833333,PLAY
aslg_pc12:a949e97b0b15b828b11d,SHOULD X-WE DO DESC-AWAY WITH DESC-VERY NAME RED CROSS ?,should we do away with the very name of the red cross ?,12,12,0.818182,RED
aslg_pc12:b579e6ad7031499e2885,"THIS MUST DESC-NOT DESC-JUST BE SAY TO ELITE , TO BUSINESSPEOPLE OR TO STUDENT .","this must not just be said to the elite , to businesspeople or to students .",15,14,0.75,STUDENT
aslg_pc12:5f25d7e6404024e907f6,X-WE CAN DESC-NOT ACCEPT THAT COUNTRY SHOULD RUN DESC-UP DESC-NATIONAL DEBT WITHOUT LIMITATION .,we cannot accept that countries should run up national debts without limitation .,17,12,0.6,RUN
aslg_pc12:961ea078cdbd44f17e0a,DESC-DIFFERENT CULTURE AND DESC-LEGAL SYSTEM DESC-CERTAINLY DESC-ALSO PLAY ROLE .,the different cultures and legal systems certainly also play a role .,13,11,0.7,PLAY
aslg_pc12:7743e7d5fc505045258b,"X-MY PARTY BE IN FAVOR CAR , AS MR VERHOFSTADT , DESC-TOO , BE DESC-AWARE .","my party is in favour of cars , as mr verhofstadt , too , is aware .",15,13,0.615385,CAR
aslg_pc12:0f29e5304d7c3f8cab2b,X-HE ENJOY RACE GO AND DESC-OBVIOUSLY BE MAN TO PLACE BET .,he enjoyed race going and obviously was a man to place a bet .,13,13,0.615385,GO
aslg_pc12:1cdce7091849f7600c59,ALL CHILD MUST OBTAIN EDUCATION THAT GIVE X-Y DESC-FAIR OPPORTUNITY IN WORLD X-WE DESC-LIVE IN TODAY .,all children must obtain an education that gives them fair opportunities in the world we live in today .,20,18,0.647059,CHILD
aslg_pc12:e8681ead3e90de257ede,"IF X-YOU GO DESC-FORWARD , X-HE WILL SIGN .","if you go forward , he will sign .",10,7,0.777778,GO
aslg_pc12:6ec1c740a377c7ac27e4,EUROPEAN UNION HAVE PLAY DESC-ACTIVE AND DESC-DECISIVE ROLE IN ENCOURAGE G20 IN THIS RESPECT .,the european union has played an active and decisive role in encouraging the g20 in this respect .,16,17,0.714286,PLAY
aslg_pc12:edc78bdb891bb875660e,"DESC-HOWEVER , X-I HAVE TO DISAGREE WITH IMPRESSION GIVE THAT FOOD HAVE BECOME MORE DESC-EXPENSIVE .","however , I have to disagree with the impression given that food has become more expensive .",17,15,0.8,FOOD
aslg_pc12:83017d238dd5e1a676f3,"DESC-FURRMORE , X-IT HAVE DESC-ALWAYS PLAY DESC-CONSTRUCTIVE ROLE TOWARDS DESC-REGIONAL INTEGRATION IN MAGHREB .","furthermore , it has always played a constructive role towards regional integration in the maghreb .",17,14,0.642857,PLAY
aslg_pc12:0b5269babadb1a0531b5,"AS DESC-FAR AS THIS GO , THIS BE DESC-RIGHT AND SENSIBLE PATH TO TAKE .","as far as this goes , this is a right and sensible path to take .",15,14,0.75,GO
aslg_pc12:211d6fa11b63c8665120,GO BEYOND DECLARATION INTENT SHOW THAT X-WE BE DECIDE AND DESC-SERIOUS ABOUT DESC-FUNDAMENTAL ISSUE DESC-SUCH AS FINANCING .,going beyond a declaration of intent shows that we are decided and serious about fundamental issues such as financing .,21,19,0.631579,GO
aslg_pc12:56bf0e92f836fb4b95ca,CHANGE IN TERM SECURITY AND DEFENSE GO DESC-FAR BEYOND DESC-STRICT DESC-SEMANTIC ADJUSTMENT .,the change in terms of security and defence goes far beyond a strict semantic adjustment .,15,15,0.692308,GO
aslg_pc12:3d45b952dd629cbda647,SOLIDARITY WITHIN EUROZONE AND SOLIDARITY BETWEEN EUROZONE AND STATE OUTSIDE X-IT .,solidarity within the eurozone and solidarity between the eurozone and the states outside it .,12,14,0.777778,OUTSIDE
aslg_pc12:9ea3dcbdc51363783370,X-WE ALL KNOW WHAT KEY ROLE AGRICULTURE PLAY IN DESC-LOCAL ECONOMY .,we all know what a key role agriculture plays in the local economy .,13,13,0.769231,PLAY
aslg_pc12:2e99583bde32d8392152,AND X-WE CAN DESC-FINALLY RECOGNIZE THAT X-YOU CAN DESC-NOT ACHIEVE MATERNAL HEALTH WITHOUT WOMAN X-POSS RIGHTS .,and we can finally recognise that you cannot achieve maternal health without women's rights .,21,14,0.647059,WOMAN
aslg_pc12:d29ce2503972d07eb9c9,X-IT POSE RISK DESC-AGAIN MEMBER STATE RUN DESC-UP DEBT AT EXPENSE AND LIABILITY DESC-OR .,it poses the risk again of member states running up debts at the expense and liability of others .,18,18,0.5625,RUN
aslg_pc12:addee3c49b918ef214b7,YEAR TO COME BE GO TO BE DESC-INTERESTING AND CHALLENGE FOR OMBUDSMAN .,the years to come are going to be interesting and challenging for the ombudsman .,13,14,0.636364,GO
aslg_pc12:64ae265876ce571fd9d7,X-WE BE DESC-NOW RUN DEFICIT THAT TOUCH 10 % GDP DESC-ALMOST DESC-UNBELIEVABLE FIGURE .,we are now running a deficit that touches 10 % of gdp an almost unbelievable figure .,15,14,0.615385,RUN
aslg_pc12:9580359fd3bca8234ff4,EUROPEAN PARLIAMENT PLAY DESC-CRUCIAL ROLE AT DESC-PIONEERING STAGE .,the european parliament played a crucial role at the pioneering stage .,10,11,0.777778,PLAY
aslg_pc12:10a99ffb6f2c1cc2706e,"X-SHE COOK DESC-HUGE , DESC-DELICIOUS STEAK AND TURN HEATING DESC-UP DESC-LITTLE .","she cooked a huge , delicious steak and turned the heating up a little .",15,13,0.666667,COOK
aslg_pc12:7cddf211ecf9ed0339b4,CAN X-WE ENCOURAGE PEOPLE TO MAKE SACRIFICE IF X-WE TELL X-Y X-Y WILL DESC-ALWAYS BE KEEP WAIT OUTSIDE ?,can we encourage people to make sacrifices if we tell them they will always be kept waiting outside ?,23,18,0.666667,OUTSIDE
aslg_pc12:002a607e9462e0e100c1,"CAR IN MALTA BE SUBJECT TO HEAVY REGISTRATION TAX , ON WHICH GOVERNMENT BE DESC-ALSO COLLECT VAT .","cars in malta are subject to a heavy registration tax , on which the government was also collecting vat .",17,18,0.75,CAR
aslg_pc12:70d3fe008cd03051988f,"X-I CONGRATULATE MR BARROSO ON DESC-AMBITIOUS COMMISSION DESC-LEGISLATIVE AND WORK PROGRAM FOR DESC-20UNFORTUNATELY , TIME BE RUN OUT DESC-RE BE DESC-ALREADY DESC-ONLY EIGHT MONTH LEAVE .","i congratulate mr barroso on the ambitious commission legislative and work programme for 20unfortunately , time is running out there are already only eight months left .",31,25,0.68,RUN
aslg_pc12:0f1f2384731eaee52a69,WHEN BE CUBAN GOVERNMENT GO TO ALTER X-ITS POSITION ?,when is the cuban government going to alter its position ?,10,10,0.7,GO
aslg_pc12:fc1eb1ef84b08801acf8,X-WE NEED TO MAKE DESC-SURE THAT WOMAN BE DESC-FIRMLY INTEGRATE INTO SERVICE AT ALL LEVEL .,we need to make sure that women are firmly integrated into the service at all levels .,18,16,0.647059,WOMAN
aslg_pc12:1984980c6d61a4522440,"DESC-AUTOMATIC STABILISER CAN , TO SOME EXTENT , PLAY DESC-POSITIVE ROLE .","automatic stabilisers can , to some extent , play a positive role .",11,10,0.8,PLAY
aslg_pc12:874e681258de1aae6038,"IN RUN DESC-UP TO GAME , CHINA GIVE DESC-FOREIGN JOURNALIST SOME SPACE .","in the run up to the games , china gave foreign journalists some space .",13,13,0.666667,RUN
aslg_pc12:689a2a879c096083ae57,X-YOU HAVE RUN OUT TIME .,you have run out of time .,6,6,0.833333,RUN
aslg_pc12:3cff503e860d8793ef07,WOMAN BE FIGHT AND DESERVE ALL SUPPORT AND ALL PROTECTION X-Y COUNTRY .,women are fighting and deserve all the support and all the protection of their country .,13,15,0.545455,WOMAN
aslg_pc12:4eec8adda0b0096523c9,TH ANNIVERSARY UN SECURITY COUNCIL RESOLUTION 1325 ON WOMAN AND PEACE AND SECURITY,7. th anniversary of un security council resolution 1325 on women and peace and security,12,13,0.9,WOMAN
aslg_pc12:41d3b03e7927214cdfc2,WHAT BE GO ON IN WASHINGTON ?,what is going on in washington ?,6,6,0.666667,GO
aslg_pc12:f34268f79cf08a69086e,DESC-PROVINCIAL ELECTION DESC-LAST YEAR GO DESC-FAIRLY DESC-SMOOTHLY ALL OVER IRAQ .,provincial elections last year went fairly smoothly all over iraq .,14,10,0.727273,GO
aslg_pc12:b9c439e0664921fb0080,"DURING THIS DESC-CURRENT DESC-ECONOMIC CRISIS , WOMAN BE AMONG THOSE MOST AFFECT BY UNEMPLOYMENT OR SALARY CUT .","during this current economic crisis , women are among those most affected by unemployment or salary cuts .",18,16,0.705882,WOMAN
aslg_pc12:ce98eb7624491c767dc8,THIS WILL PLAY PART IN THAT REGARD .,this will play a part in that regard .,7,8,1.0,PLAY
aslg_pc12:8b0342bff3cdcda80ccc,"DESC-SECONDLY , X-IT BE DESC-NOT DESC-EQUAL PARTICIPATION OUTSIDE INFLUENCE AND OUTSIDE MEDIA COVERAGE .","secondly , it is not an equal participation of outside influences and outside media coverage .",16,14,0.692308,OUTSIDE
aslg_pc12:74690621db219954f68d,"DANGER FROM DESC-OR THREAT BE DESC-CLEARLY GROW , AND DESC-SO ENERGY AND FOOD SECURITY BE BECOME DESC-IMPORTANT .","the danger from other threats is clearly growing , and so energy and food security are becoming important .",20,17,0.6,FOOD
aslg_pc12:8080a0cefabea7737e07,"FOR CITIZEN THROUGHOUT EUROPE , SUBJECT CHILD BE DESC-RIGHT AT TOP X-Y PRIORITY .","for citizens throughout europe , the subject of children is right at the top of their priorities .",14,16,0.5,CHILD
aslg_pc12:ca9ec9df02b6b91d5485,"E MR PRESIDENT , X-I BE GO TO TALK ABOUT TWO CONCEPT , DESC-NAMELY COORDINATION AND FLEXIBILITY .","es mr president , I am going to talk about two concepts , namely coordination and flexibility .",17,15,0.647059,GO
aslg_pc12:8a4ed8e5160c0ac54d06,"DISCRIMINATION AGAINST WOMAN BE VIOLATION DESC-BASIC DESC-HUMAN RIGHTS , DESC-HUMILIATING WOMAN AND DESTROY X-Y INDIVIDUALITY .","discrimination against women is a violation of basic human rights , humiliating women and destroying their individuality .",18,16,0.6,WOMAN
aslg_pc12:3622ea0bcf5456a3ef2f,"TO END DESC-AGAIN , X-MY CONGRATULATION GO TO MR SALAFRANCA .","to end again , my congratulations go to mr salafranca .",11,9,0.7,GO
aslg_pc12:ad3f36bdb8cb1832d3ca,"DESC-NONELESS , X-IT BE DESC-TRUE CZECH PRESIDENCY WANT TO SEND WOMAN DESC-BACK INTO HOME .","nonetheless , it is true the czech presidency wants to send women back into the home .",17,15,0.6,WOMAN
aslg_pc12:38e64cce34b8b5ad18aa,"IN ADDITION , DESC-RECONSTITUTED MEAT COULD MISLEAD CONSUMER SEEK TO BUY MEAT .","in addition , reconstituted meat could mislead consumers seeking to buy meat .",12,11,0.727273,BUY
aslg_pc12:9f873bd44b05c4fda3c3,IN SCANDINAVIAN COUNTRY MORE THAN HALF MEMBER X-Y GOVERNMENT BE WOMAN .,in the scandinavian countries more than half the members of their governments are women .,12,14,0.416667,WOMAN
aslg_pc12:b2f1bb3d1ee1cb35c356,GREECE BE DESC-CURRENTLY GO THROUGH CRISIS BECAUSE X-IT ENTER THAT OASIS STABILITY DESC-TOO DESC-SOON .,greece is currently going through a crisis because it entered that oasis of stability too soon .,18,16,0.6875,GO
aslg_pc12:daf4bd24d56813d3a380,X-I BE GO TO FOCUS ON THREE ASPECT MENTION BY COMMISSIONER .,i am going to focus on three of the aspects mentioned by the commissioner .,12,14,0.583333,GO
aslg_pc12:5661346c615f2ce874a1,"ACCESSION NEGOTIATION WITH CROATIUM HAVE , UNTIL DESC-RECENTLY , BE GO DESC-WELL .","the accession negotiations with croatia have , until recently , been going well .",12,11,0.545455,GO
aslg_pc12:b62d9240bf1bab93a1d9,"DESC-SO , PLEASE , WHEN BE X-WE GO TO ACKNOWLEDGE THAT AGRICULTURE .","so , please , when are we going to acknowledge that agriculture .",12,10,0.666667,GO
aslg_pc12:c220e7d5b8927c0c9c63,"MR PRESIDENT , QUALITY FOOD BE DESC-NOT ASPIRATION IN EUROPE X-IT MUST CONTINUE AS REALITY .","mr president , quality food is not an aspiration in europe it must continue as a reality .",16,16,0.8125,FOOD
aslg_pc12:058bfce53ddab0a462ad,"TODAY X-IT BE MAN , DESC-TOO , WHO PUSH PRAM AND CARE FOR CHILD IN HOSPITAL .","today it is men , too , who push prams and care for children in hospital .",16,14,0.625,CHILD
aslg_pc12:bcc7c508b00dd156c581,"ACCORD TO PROGRESS REPORT FOR 2009 , TURKEY DESC-STILL HAVE DESC-LONG WAY TO GO .","according to the progress report for 2009 , turkey still has a long way to go .",14,14,0.75,GO
aslg_pc12:63b186cb4f09feb9740a,BE X-IT GO TO BE MR VAN ROMPUY ?,is it going to be mr van rompuy ?,9,8,0.75,GO
aslg_pc12:18101bea78eb54543cfd,X-IT BE X-WE RESPONSIBILITY TO DEVELOP AND PUT IN PLACE POLICY TO ALLOW X-WE FARMER TO PRODUCE FOOD .,it is our responsibility to develop and put in place the policies to allow our farmers to produce food .,21,19,0.6875,FOOD
aslg_pc12:093083ac2bdd45d8c87b,RESOLUTION GO DESC-EVEN DESC-FURR X-IT PROPOSE SUBSIDISE DESC-POOREST COUNTRY .,the resolution goes even further it proposes subsidising the poorest countries .,13,11,0.363636,GO
aslg_pc12:dfec0aa586165e20c90f,"AND , DESC-THIRDLY , FOOD SECURITY , AND ALL THAT X-IT IMPLY TO EUROPEAN UNION , INVOLVE COST .","and , thirdly , food security , and all that it implies to the european union , involves cost .",16,15,0.733333,FOOD
aslg_pc12:0568ba20d5643d612127,"TODAY SE OBJECTIVE BE MORE DESC-PRESENT THAN DESC-EVER , AND DESC-REFORE DESC-RE BE DESC-STILL DESC-LONG WAY TO GO .","today these objectives are more present than ever , and therefore there is still a long way to go .",23,18,0.647059,GO
aslg_pc12:ffc6cd93f263b4672dca,"IN ADDITION , IN ASK FOR MORE , X-WE DESC-ALSO RUN RISK GET NOTHING AT ALL .","in addition , in asking for more , we also ran the risk of getting nothing at all .",16,16,0.666667,RUN
aslg_pc12:7a16390652426af4885d,DESC-SECOND DESC-MAJOR ME EUROPEAN COUNCIL BE CLIMATE AND ENERGY QUESTION .,the second major theme of the european council was the climate and energy question .,12,14,0.727273,ME
aslg_pc12:1abed612a66685e8f93f,"YESTERDAY , BLIJDORP ZOO IN ROTTERDAM ANNOUNCE THAT DESC-NOT DESC-SINGLE EUROPEAN ZOO HAVE MANAGE TO BREED DESC-POLAR BEAR .","yesterday , blijdorp zoo in rotterdam announced that not a single european zoo has managed to breed polar bears .",20,18,0.705882,YESTERDAY
aslg_pc12:4e4f5f0ae899ee88ea37,CHILD AND DESC-YOUNG PEOPLE BE X-WE FUTURE MOST DESC-VALUABLE ASSET X-WE HAVE .,children and young people are our future the most valuable asset we have .,16,13,0.692308,CHILD
aslg_pc12:4e398d98254be6d510ba,X-I DO DESC-NOT THINK THAT THIS BE RELATE TO DESC-EQUAL ACCESS TO LABOR MARKET FOR WOMAN .,i do not think that this is related to equal access to the labour market for women .,19,17,0.647059,WOMAN
aslg_pc12:e7b01f0d1b4e198ee895,RED CROSS HAVE ISSUE WARN CALL .,the red cross has issued a warning call .,6,8,0.5,RED
aslg_pc12:e6e4cfebbae5398986b2,BE X-SHE SUPPOSE TO GO DESC-EMPTY HAND ?,is she supposed to go empty handed ?,9,7,0.444444,GO
aslg_pc12:05385d3258514d7206ce,THIS PROPOSAL GO DESC-FURR THAN RULE EXIST IN ANY DESC-OR JURISDICTION .,this proposal goes further than the rules existing in any other jurisdiction .,13,12,0.5,GO
aslg_pc12:64f59578cf51110718e2,COMMISSION X-POSS CONDOLENCE GO IN DESC-PARTICULAR TO FAMILY AND FRIEND THOSE THAT HAVE LOSE X-Y LIFE .,the commission's condolences go in particular to the families and friends of those that have lost their lives .,19,18,0.444444,GO
aslg_pc12:aedcfbc332c7300cd877,MEMBER STATE MUST INTRODUCE MEASURE THAT WILL PREVENT CHILD FROM BUY VIDEO GAME INTEND FOR DESC-OLDER AGE GROUP .,member states must introduce measures that will prevent children from buying video games intended for older age groups .,19,18,0.578947,BUY|CHILD
aslg_pc12:674f06f2ebb3a745a250,"COURSE , X-IT TAKE DESC-GREAT DEAL WORK TO PRODUCE DESC-COMPETITIVE DESC-ELECTRIC CAR .","of course , it takes a great deal of work to produce a competitive electric car .",15,15,0.769231,CAR
aslg_pc12:a1b2ec431b6e3acfc1da,DESC-SAME KOREAN TRADE INVESTMENT PROMOTION AGENCY HAVE CALCULATE THIS ADVANTAGE AS AT DESC-LEAST EUR 1 300 PER CAR .,the same korean trade investment promotion agency has calculated this advantage as at least eur 1 300 per car .,18,17,0.823529,CAR
aslg_pc12:f22b299b53599901344e,"DESC-FIRST , BE OUTSIDE SETTLEMENT BE DESC-NOT DESC-ALWAYS ADVANTAGE .","first , being outside the settlement is not always an advantage .",11,10,0.75,OUTSIDE
aslg_pc12:debe2cfc66b215da6ad5,X-WE PLAY X-WE PART IN ATTAIN THAT .,we played our part in attaining that .,9,7,0.571429,PLAY
aslg_pc12:9947dce2ede5af95b91e,"MR PRESIDENT , IF X-YOU WOULD ALLOW X-I , X-I SHALL DESC-JUST GO THROUGH SOME DESC-DIFFERENT SECTOR .","mr president , if you would allow me , I shall just go through some of the different sectors .",20,17,0.8125,GO
aslg_pc12:fc6e525bfbb137898114,COMMISSIONER GEORGIEVA GO TO CRISIS ROOM DURING DAY TO DESC-DIRECT OPERATION .,commissioner georgieva went to the crisis room during the day to direct operations .,12,13,0.727273,GO
aslg_pc12:b9275369e32161431f51,THIS DO DESC-NOT CHANGE FACT THAT ABORTION MEAN KILL UNBORN CHILD .,this does not change the fact that abortion means killing an unborn child .,12,13,0.666667,CHILD
aslg_pc12:64ede11072907ea43e74,X-MY SPEAKING TIME HAVE RUN OUT .,my speaking time has run out .,7,6,0.714286,RUN
aslg_pc12:c66d54971366c6c1256c,"HAVE SAY THAT , COMMISSION MAY DESC-NOT ACT OUTSIDE DESC-LEGAL FRAMEWORK LAY DESC-DOWN BY TREATY .","having said that , the commission may not act outside the legal framework laid down by the treaties .",17,17,0.666667,OUTSIDE
aslg_pc12:ddbc97486bda8ce77333,X-WE HAVE EXAMPLE THIS AS DESC-RECENTLY AS YESTERDAY IN DESC-ITALY .,we had an example of this as recently as yesterday in italy .,13,12,0.727273,YESTERDAY
aslg_pc12:1b931ac0aef9e3892628,X-WE HAVE DESC-NOW GO THROUGH DESC-GLOBAL DESC-FINANCIAL MELTDOWN AND X-IT BE CONTINUE TO CAUSE X-WE PROBLEM .,we have now gone through a global financial meltdown and it is continuing to cause us problems .,22,17,0.647059,GO
aslg_pc12:14610cda070fa4f8786e,THAT BE WHY X-WE WILL DESC-PRESENT ACTION PLAN ON DESC-UNACCOMPANIED DESC-MINOR IN DESC-EARLY DESC-20WE BE DESC-NOW GO TO BE DESC-ABLE TO PUT ALL THIS INTO PRACTICE .,that is why we will present an action plan on unaccompanied minors in early 20we are now going to be able to put all of this into practice .,34,28,0.833333,GO
aslg_pc12:69fa45be0744304dbc04,X-I DO DESC-NOT THINK THAT FOOD INDUSTRY SHOULD BE EXCEPTION .,i do not think that the food industry should be an exception .,12,12,0.833333,FOOD
aslg_pc12:0dc76c105c52e3b9b3e9,"TO X-YOU CREDIT , X-YOU HAVE DESC-ALWAYS PLAY X-YOU ROLE WITH BOTH MODESTY AND AMBITION .","to your credit , you have always played your role with both modesty and ambition .",18,14,0.785714,PLAY
aslg_pc12:573531ff67bb6d33924f,"DESC-SECONDLY , X-WE MUST GO BEYOND DESC-BUDGETARY SURVEILLANCE .","secondly , we must go beyond budgetary surveillance .",10,7,0.777778,GO
aslg_pc12:b4b59381649c5b933610,X-Y BE HIT WHILE GO TO MARKET .,they are hit while going to the market .,8,8,0.5,GO
aslg_pc12:0897a4ec269fd9b79d1c,CORRIDOR WOULD BE AXIS DESC-REGIONAL DEVELOPMENT FOR DESC-ENTIRE AREA THROUGH WHICH X-IT RUN .,the corridor would be an axis of regional development for the entire area through which it runs .,16,17,0.8,RUN
aslg_pc12:37d77890f8ecb7dee58b,X-WE BE GO TO LOOK AT DESC-SHORT AND DESC-LONG TERM .,we are going to look at the short and the long term .,13,12,0.666667,GO
aslg_pc12:841bcabd31d1bdf8a77a,"DESC-THUS , UNION HAVE SPECIFIC MISSION PROMOTE AND MAINSTREAM EQUALITY BETWEEN MAN AND WOMAN .","thus , the union has a specific mission of promoting and mainstreaming equality between men and women .",14,16,0.538462,WOMAN
aslg_pc12:97c177bb0d4e4a883131,X-WE BE DESC-ALSO ASK IF EUROPEAN UNION CAN HELP TO DELIVER DESC-DESPERATELY NEED FOOD AND MEDICINE .,we are also asking if the european union can help to deliver desperately needed food and medicines .,19,17,0.666667,FOOD
aslg_pc12:618819f28d98b057803b,"DESC-HOWEVER , INTENTION BE FOR INITIATIVE TO GO ONE STEP DESC-FURR .","however , the intention is for the initiative to go one step further .",12,12,0.727273,GO
aslg_pc12:9fc5a69006d580a81e3c,PUT CHILD LABOR CONCERN AT CORE ALL X-WE TRADE AGREEMENT HAVE TO GIVE PRIORITY .,putting child labour concerns at the core of all our trade agreements has to given priority .,15,16,0.466667,CHILD
aslg_pc12:0123fdb6b2c5d831fa0c,"DESC-FINALLY , DESC-ESPECIALLY TODAY , X-MY SYMPATHY GO TO DESC-NIGERIAN PEOPLE ON DEATH X-Y PRESIDENT .","finally , especially today , my sympathy goes to the nigerian people on the death of their president .",18,16,0.733333,GO
aslg_pc12:3971ec64f93b7797181a,"IN TODAY X-POSS EUROPE , WHERE MORE THAN 50 % BE WOMAN , X-Y BE DESC-STILL UNDER REPRESENT IN POLITICS .","in today's europe , where more than 50 % are women , they are still under represented in politics .",19,15,0.5,WOMAN
aslg_pc12:37ac2fd3ffda48c133ae,THIS BE DISCUSSION WHICH BE DESC-FUNDAMENTAL TO FOOD POLICY .,this is a discussion which is fundamental to food policy .,10,10,0.777778,FOOD
aslg_pc12:50771141711cdff3c481,X-IT BE DESC-ALWAYS DESC-NECESSARY TO GO THROUGH EVERYTHING IN ORDER .,it is always necessary to go through everything in order .,13,10,0.75,GO
aslg_pc12:447ae23b107b4a55960b,X-IT BE X-I WHO LAUNCH CAMPAIGNDO X-YOU KNOW WHERE X-YOU CHILD BE DESC-NOW ?,it was I who launched the campaigndo you know where your child is now ?,18,14,0.692308,CHILD
aslg_pc12:8516d8b14d8d22d2e427,SEARCH FOR SOMETHING WHICH GO BEYOND INDIVIDUAL MUST GO HAND IN HAND WITH TOLERATION .,the search for something which goes beyond the individual must go hand in hand with toleration .,14,16,1.0,GO
aslg_pc12:9107cb76144035450691,"DESC-INDEED , GROOM CHILD MUST BE CONSIDER OFFENCE .","indeed , grooming children must be considered an offence .",8,8,0.5,CHILD
aslg_pc12:1b8ce696a3c8788d4555,"REQUEST BE OUTSIDE DEADLINE , BUT IF X-IT BE ACCEPT .","the request is outside the deadline , but if it is accepted .",10,11,0.666667,OUTSIDE
aslg_pc12:d1ce11d5ecd9737ab5b6,"ON GENDER BALANCE , X-I BE COMMIT TO THIS AND X-MY COMMISSION HAVE RECORD NUMBER WOMAN .","on gender balance , I am committed to this and my commission has a record number of women .",17,17,0.6875,WOMAN
aslg_pc12:adac4670b9b80a04a4a9,X-Y MUST START BY INTRODUCE X-Y CHILD AND DESC-YOUNG PEOPLE INTO EUROPEAN SCHOOL SYSTEM .,they must start by introducing their children and young people into the european school system .,17,15,0.666667,CHILD
aslg_pc12:f6a347528249d8b6b923,WHAT BE X-WE GO TO DO NEXT ?,what are we going to do next ?,8,7,0.625,GO
aslg_pc12:68e4865250473de3610d,"DESC-GLOBAL DESC-ECONOMIC , DESC-FINANCIAL AND DESC-SOCIAL CRISIS BE CAUSE WOMAN TO SUFFER ADOUBLE BLOW .","the global economic , financial and social crisis is causing women to suffer adouble blow.",17,14,0.714286,WOMAN
aslg_pc12:1cd59932d7189214ff73,"AS X-WE KNOW , INTERNET PLAY DESC-EXTREMELY DESC-IMPORTANT ROLE IN PROVIDE CITIZEN WITH ACCESS TO EU DOCUMENT .","as we know , the internet plays an extremely important role in providing citizens with access to eu documents .",19,18,0.666667,PLAY
aslg_pc12:30e6aea3aaf627694c6f,"COMMITTEE ON ENVIRONMENT , PUBLIC HEALTH AND FOOD SAFETY DO THIS ON MONDAY .","the committee on the environment , public health and food safety did this on monday .",12,14,0.909091,FOOD
aslg_pc12:5f664168bd76896af4c6,EUROPEAN INDUSTRY WILL GET DESC-MUCH LARGERHOMEMARKET WITH DESC-LONGER PRODUCTION RUN AND ECONOMY SCALE .,european industries will get a much largerhomemarket with longer production runs and economies of scale .,15,15,0.714286,RUN
aslg_pc12:42e7e4f6da929a7c5ec5,X-IT ALL GO DESC-WRONG IN COPENHAGEN .,it all went wrong in copenhagen .,8,6,0.625,GO
aslg_pc12:59ae809d852a88b635e2,COMPANY BE GO DESC-BANKRUPT IN DESC-ECONOMIC RECESSION AND AIRLINE COMPANY BE NO EXCEPTION .,companies are going bankrupt in the economic recession and airline companies are no exception .,15,14,0.666667,GO
aslg_pc12:13888d3785fb1e991bd4,"COMMISSION HAVE DESC-NOT DESC-ONLY PUT DESC-FORWARD DESC-RELEVANT PROPOSAL , X-IT HAVE GO BEYOND THAT .","the commission has not only put forward the relevant proposals , it has gone beyond that .",18,15,0.642857,GO
aslg_pc12:1ff831456d87bd51e919,LET X-WE DESC-PARTICULARLY MAKE DESC-SURE THAT THIS RESEARCH BE DESC-NOT RELOCATE OUTSIDE EUROPE .,let us particularly make sure that this research is not relocated outside europe .,17,13,0.666667,OUTSIDE
aslg_pc12:b41305a47605339dd799,"DESPITE DESC-HIGHER QUALIFICATION , DESPITE DESC-HIGHER EDUCATION , WOMAN REMAIN DESC-TOTALLY UNDER REPRESENT AMONG DECISION MAKER .","despite higher qualifications , despite higher education , women remain totally under represented among decision makers .",17,14,0.615385,WOMAN
aslg_pc12:c7f2719e4635bdfb5668,"UNDER DESC-SUCH CONDITION , WOMAN WILL DESC-UNDOUBTEDLY HOLD X-Y DESC-OWN .","under such conditions , women will undoubtedly hold their own .",13,9,0.545455,WOMAN
aslg_pc12:b06ba4c05c1050317152,DESC-ECONOMIC AND DESC-SOCIAL CRISIS BE DESC-UNDOUBTEDLY GO TO CAUSE INCREASE DESC-SOCIAL UNREST .,the economic and social crisis is undoubtedly going to cause increased social unrest .,16,13,0.666667,GO
aslg_pc12:04b8435a832be1b71451,REGIONALISATION FISHERY POLICY SHOULD GO HAND IN HAND WITH SPECIFIC MEASURE RELATE TO DESC-SOCIAL AND DESC-ECONOMIC MATTER .,regionalisation of fisheries policy should go hand in hand with specific measures relating to social and economic matters .,19,18,0.705882,GO
aslg_pc12:70e45a19310c9a5c1c22,TO WHICH JUDGE CAN EU CITIZEN OR EU ENTERPRISE GO IN CASE DESC-CRIMINAL PROSECUTION ?,to which judge can an eu citizen or an eu enterprise go in the case of criminal prosecution ?,15,18,0.928571,GO
aslg_pc12:f5f7600d8db03af755e2,"PARLIAMENT , WHICH REPRESENT EUROPEAN CITIZEN , PLAY DESC-ESSENTIAL , LEAD ROLE IN SECURITY MATTER .","parliament , which represents european citizens , plays an essential , leading role in security matters .",13,13,0.538462,PLAY
aslg_pc12:f2e420629cac6c55561e,SP BE DESC-SEPARATE AGREEMENT CONTAIN DESC-BASIC RULE ON FOOD SAFETY AND ANIMAL AND PLANT HEALTH STANDARD .,the sps is a separate agreement containing basic rules on food safety and animal and plant health standards .,18,18,0.625,FOOD
aslg_pc12:1cc31e095967edfcaa68,"EACH YEAR IN EUROPE , 180 000 MIGRANT WOMAN SUFFER OR BE AT RISK FROM SUFFER DESC-GENITAL MUTILATION .","each year in europe , 180 000 migrant women suffer or are at risk from suffering genital mutilation .",16,15,0.8,WOMAN
aslg_pc12:10a614c874141c07df3e,FAMINE AND FOOD CRISIS .,famine and the food crisis .,4,5,1.0,FOOD
aslg_pc12:3e27c1d3534e858ea8ae,"EUROPEAN PARLIAMENT BE BE CLASS AS OUTSIDE WORLD , TO WHICH INFORMATION BE DESC-NOT PROVIDE .","the european parliament is being classed as the outside world , to which information is not provided .",15,16,0.692308,OUTSIDE
aslg_pc12:f4b63ca5fe1264a9e2e3,CURRICULUM HAVE BE CREATE THAT STUDENT BE DESC-UNABLE TO FOLLOW .,curricula have been created that students are unable to follow .,11,10,0.5,STUDENT
aslg_pc12:fb45226278fcd6490a6d,SE CHANGE HAVE RESULT IN DECREASE NUMBER CONSUMER BE PROTECT WHEN GO ON HOLIDAY .,these changes have resulted in a decreasing number of consumers being protected when going on holiday .,14,16,0.428571,GO
aslg_pc12:9517b0165d3095ab9abc,NUMBER DESC-ANOMALY HAVE BE MENTION AND X-I BE GO TO REPEAT X-Y DESC-VERY BRIEFLY .,a number of anomalies have been mentioned and I am going to repeat them very briefly .,18,16,0.533333,GO
aslg_pc12:dc44e9ac5aa77ccda57b,"DESC-UNFORTUNATELY , X-I CAN DESC-NOT GO INTO ALL X-Y DESC-DUE TO LACK TIME .","unfortunately , I cannot go into all of them due to a lack of time .",17,14,0.642857,GO
aslg_pc12:7381a0ed19532fc9f3b5,"DESC-OBVIOUSLY , FOR SOME REASON WOMAN IN DESC-PARTICULAR FEEL EU BE DESC-SOMEHOW ALIEN TO X-Y .","obviously , for some reason women in particular feel the eu is somehow alien to them .",18,15,0.6875,WOMAN
aslg_pc12:a801698846c86d296b1d,X-WE MUST BE DESC-ABLE TO PROTECT X-WE CHILD BEFORE X-Y BECOME VICTIM .,we must be able to protect our children before they become victims .,16,12,0.615385,CHILD
aslg_pc12:aa047e3ae0fd6f2fc72b,X-I DESC-VERY DESC-MUCH DESC-WELCOME FACT THAT DESC-PRESIDENTIAL AND DESC-LOCAL ELECTION IN MARCH 2009 GO DESC-SMOOTHLY .,i very much welcome the fact that the presidential and local elections in march 2009 went smoothly .,21,16,0.75,GO
aslg_pc12:e6a6a739ab9d5ac2edfe,BE MR BARNIER GO TO GET DESC-INTERNAL MARKET ?,is mr barnier going to get the internal market ?,9,9,0.666667,GO
aslg_pc12:86fa20f7f953f0fa70f1,FAO WORLD SUMMIT ON FOOD SECURITY ERADICATE HUNGER FROM FACE EARTH VOTE,fao world summit on food security eradicating hunger from the face of the earth vote,12,15,0.916667,FOOD
aslg_pc12:1b86f96d309ada8e998b,X-Y MUST REMAIN OUTSIDE FRAMEWORK .,they must remain outside the framework .,6,6,0.666667,OUTSIDE
aslg_pc12:c54982058839efbdc8c6,THAT BRING X-I TO ORIGIN CRISIS X-WE BE GO THROUGH .,that brings me to the origins of the crisis we are going through .,12,13,0.454545,GO
aslg_pc12:7aac22d11f0ad581a9f5,"THIS ENTAIL PROMOTE DESC-HEALTHY LIFESTYLE , AND LISTEN TO CHILD AND DESC-YOUNG PEOPLE AND PAY ATTENTION TO X-Y .","this entails promoting healthy lifestyles , and listening to children and young people and paying attention to them .",20,17,0.4375,CHILD
aslg_pc12:3daec98e81047ce5bb73,RULE PLAY BE DESC-CLEAR AND ANYONE WHO ABIDE BY X-Y HAVE EVERY CHANCE HAVE VISA WAIVE .,the rules of play are clear and anyone who abides by them has every chance of having visas waived .,18,19,0.470588,PLAY
aslg_pc12:3bfa2100277ddc4d2d1a,EUROPEAN PARLIAMENT HAVE BE DEBATE CLONING ANIMAL SINCE DESC-BACK IN DESC-200 COUNCIL TAKE VIEW THAT MEAT FROM CLONE ANIMAL SHOULD FALL UNDER NOVEL FOOD LEGISLATION .,the european parliament has been debating the cloning of animals since back in 200the council took the view that meat from cloned animals should fall under novel foods legislation .,26,29,0.666667,FOOD
aslg_pc12:acefe0286d398e1d135e,X-YOU DO DESC-NOT LOOK AT X-YOU FOOT WHEN X-YOU RUN IN FOREST .,you do not look at your feet when you run in a forest .,16,13,0.75,RUN
aslg_pc12:eab75dccbb5fe74848d3,ADULT EDUCATION PLAY ROLE DESC-HERE IN DEVELOP SE SKILL .,adult education plays a role here in developing these skills .,10,10,0.5,PLAY
aslg_pc12:e7d477ac27434527ae82,"DESC-FINALLY , X-I WOULD LIKE TO GO DESC-BACK TO SOURCE .","finally , I would like to go back to sources .",12,9,0.7,GO
aslg_pc12:2246ffe4dd5c59493541,"ON SUBJECT DESC-ECONOMIC COOPERATION , JEAN CLAUDE JUNCKER DESCRIBE CRISIS THAT X-WE BE GO THROUGH .","on the subject of economic cooperation , jean claude juncker described the crisis that we are going through .",16,17,0.6875,GO
aslg_pc12:788ed18ccbda806b6e2f,"THIS BE DESC-REAL DESC-HUMANITARIAN CRISIS , AND HOW BE X-WE GO TO ADDRESS THAT DESC-URGENTLY ?","this is a real humanitarian crisis , and how are we going to address that urgently ?",18,15,0.733333,GO
aslg_pc12:fbd993f1193637ddde15,X-I BE GO TO SPEAK ON BEHALF X-WE BOTH .,i am going to speak on behalf of us both .,11,10,0.6,GO
aslg_pc12:6746aea8cfbfae927bf7,"X-IT CREATE LEVEL PLAY FIELD ACROSS EUROPE , REDUCE RED TAPE AND PRODUCTION COST .","it creates a level playing field across europe , reducing red tape and production costs .",14,14,0.642857,PLAY|RED
aslg_pc12:c280b186fa407974199b,X-IT DESC-REFORE MAKE X-IT DESC-ABSOLUTELY DESC-ABSURD TO CONTINUE TO ENCOURAGE THIS IMMIGRATION WHILE WANT TO COMBAT VIOLENCE AGAINST WOMAN .,it therefore makes it absolutely absurd to continue to encourage this immigration while wanting to combat violence against women .,24,19,0.666667,WOMAN
aslg_pc12:6dade12e7c30280d1b42,FOOD ADDITIVE,food additives,2,2,0.5,FOOD
aslg_pc12:d9a393d47267306b9f53,X-I CONSIDER PRACTICE TO BE DESC-DISCRIMINATORY AGAINST SE WOMAN AND GIRL .,i consider the practice to be discriminatory against these women and girls .,13,12,0.615385,WOMAN
aslg_pc12:ceeda76be5578fc62ba9,X-I DESC-COMPLETELY AGREE WITH X-SHE ON HOW QUESTION COUNTRY ORIGIN MARK BE GO TO BE HANDLE .,i completely agree with her on how the question of country of origin marking is going to be handled .,19,19,0.647059,GO
aslg_pc12:e26444339fca8490dc23,"DESC-PRIME MINISTER , PLEASE DO DESC-NOT DEVALUE RIGHTS WOMAN OR X-Y SKILL .","prime minister , please do not devalue the rights of women or their skills .",14,13,0.615385,WOMAN
aslg_pc12:00641bc367f57e10af56,MAN AND WOMAN WHO BE TODAY INVOLVE IN ESTABLISH INTER DESC-GENERATIONAL SOLIDARITY NETWORK DESERVE RECOGNITION .,the men and women who are today involved in establishing inter generational solidarity networks deserve recognition .,16,16,0.5625,WOMAN
aslg_pc12:5b1ae16f7e872c1f4fd8,X-WE HAVE HEAR X-Y DESC-HERE DESC-TONIGHT ABOUT CAR INDUSTRY .,we have heard them here tonight about the car industry .,13,10,0.636364,CAR|TONIGHT
aslg_pc12:d99d0e66e087471a9984,"WITHOUT ANY DOUBT , THIS BE GO TO BE ONE MOST DESC-IMPORTANT ISSUE FACE X-WE IN DESC-200WE HAVE TO DELIVER AND TO DELIVER IN SENSIBLE MANNER .","without any doubt , this is going to be one of the most important issues facing us in 200we have to deliver and to deliver in a sensible manner .",28,28,0.761905,GO
aslg_pc12:5109c7eb22291ee6ee04,X-WE BE DESC-NOT GO TO RE DESC-OPEN DEBATE .,we are not going to re open the debate .,11,9,0.6,GO
aslg_pc12:5be9368e1def6fd7aeee,NEXT ITEM BE COMMISSION STATEMENT ON FUTURE CAR INDUSTRY .,the next item is the commission statement on the future of the car industry .,9,14,0.888889,CAR
aslg_pc12:681a9369f2c9c3b0df28,"DESC-FINALLY , X-I DESC-SIMPLY WANT TO STRESS CONCERN ABOUT POVERTY AND DESC-SOCIAL EXCLUSION , WHICH DESC-SERIOUSLY AFFECT WOMAN .","finally , I simply want to stress the concern about poverty and social exclusion , which seriously affect women .",21,17,0.833333,WOMAN
aslg_pc12:91744d4f28a8507efd57,X-IT DESC-ALSO BRING ADVANTAGE FOR CHILD IN TERM X-Y DESC-HEALTHY DEVELOPMENT .,it also brings advantages for children in terms of their healthy development .,15,12,0.461538,CHILD
aslg_pc12:a1231bc3e0545e3841d4,X-WE IN EUROPEAN PARLIAMENT BE GO TO MONITOR SE ELECTION DESC-CLOSELY .,we in the european parliament are going to monitor these elections closely .,13,12,0.538462,GO
aslg_pc12:58910cae9b27961be5e0,X-I BELIEVE THAT DESC-SUCH MEASURE WOULD RUN DESC-COMPLETELY CONTRARY TO COHESION POLICY X-POSS DESC-REAL OBJECTIVE .,i believe that such a measure would run completely contrary to the cohesion policy's real objectives .,20,16,0.705882,RUN
aslg_pc12:f3a0a7d90df32b3ce59a,"PESTICIDE BE DESC-ESSENTIAL FOR GROW FOOD , AND X-Y BE DESC-ALREADY SUBJECT TO DESC-STRINGENT SAFETY REGIME .","pesticides are essential for growing food , and they are already subject to a stringent safety regime .",19,16,0.625,FOOD
aslg_pc12:59f70e580607c8dc70ab,WOMAN HAVE BE DESC-WONDERFUL ADDITION TO WORKFORCE .,women have been a wonderful addition to the workforce .,8,9,0.625,WOMAN
aslg_pc12:60f44e670ce34ed41152,"DESC-FREE ENERGY AUDIT FOR HOUSE , DESC-BETTER PUBLIC TRANSPORT AND DESC-LOCAL AND DESC-REGIONAL FOOD PRODUCTION .","free energy audits for houses , better public transport and local and regional food production .",18,14,0.785714,FOOD
aslg_pc12:37049c84a7a4c0a8dea4,"DESC-FINALLY , COMMISSION DESC-WELCOME MINORITY AND DISCRIMINATION SURVEY THAT BE DESC-PRESENT YESTERDAY .","finally , the commission welcomes the minorities and discrimination survey that was presented yesterday .",14,13,0.583333,YESTERDAY
aslg_pc12:58dcf11601ad0c0dd551,ANIMAL BE DESC-ALSO KILL IN DESC-HUGE NUMBER OUTSIDE SLAUGHTERHOUSE IN ORDER TO CONTROL SPREAD DISEASE .,animals are also killed in huge numbers outside slaughterhouses in order to control the spread of disease .,17,17,0.6,OUTSIDE
aslg_pc12:5787dbaaf8c1e36ac855,"OVER DESC-LAST NINE YEAR , 77 EUROPEAN AIRLINE COMPANY HAVE GO DESC-BANKRUPT .","over the last nine years , 77 european airline companies have gone bankrupt .",12,11,0.636364,GO
aslg_pc12:ade3ae23dd0ec3214b88,X-WE WANT TO GO DESC-RE TO SHOW X-WE AUTHORITY THAT X-WE MEAN BUSINESS .,we want to go there to show the us authorities that we mean business .,17,14,0.666667,GO
aslg_pc12:b49147ee16c73b4aa84d,DESC-ONLY WAY X-WE BE GO TO KEEP SE DESC-ESSENTIAL CARER BE IF X-WE SUPPORT X-Y IN X-Y WORK .,the only way we are going to keep these essential carers is if we support them in their work .,24,19,0.588235,GO
aslg_pc12:948d476d3e1ca87dd76e,"X-IT SHOULD BE DESC-RELEVANT , DESC-MEANINGFUL AND INFORM CHILD PARTICIPATION .","it should be relevant , meaningful and informed child participation .",12,9,0.727273,CHILD
aslg_pc12:851522317e97e5d0613b,DESC-RE BE DESC-NUMEROUS DESC-OR ISSUE WHICH X-I THINK COMMISSIONER WILL GO INTO .,there are numerous other issues which I think the commissioner will go into .,16,13,0.571429,GO
aslg_pc12:f413b5689db2ffb86805,"X-WE MUST KEEP DESC-SEXUAL DESC-CRIMINAL DESC-AWAY FROM CHILD , AND X-WE MUST TAKE DESC-NECESSARY STEP TO ENSURE THAT .","we must keep sexual criminals away from children , and we must take the necessary steps to ensure that .",23,18,0.705882,CHILD
aslg_pc12:64bfc8103accf4c026f1,HOUSE BE GO TO DESC-EXPRESS X-ITS VIEW TODAY .,the house was going to express its view today .,10,9,0.6,GO
aslg_pc12:4ce7dffbfac529c3ac70,X-WE BE GO TO DESC-PRESENT DESC-NEW STOCKHOLM PROGRAM 2010 2014 IN COMMUNICATION IN SPRING DESC-200 PRESENTATION BE DESC-CLOSE .,we are going to present the new stockholm programme 2010 2014 in a communication in spring 200the presentation is closed .,20,18,0.6,GO
aslg_pc12:3e21e51cefc8043dedaa,"THIS WEEK , X-WE BE GO TO AWARD SAKHAROV PRIZE .","this week , we are going to award the sakharov prize .",10,10,0.7,GO
aslg_pc12:5146f58648a49fc25a66,X-WE CAN DESC-NOT WASH X-WE HAND AND ALLOW BLOODSHED TO CONTINUE AND FOR ISRAEL X-POSS CRIME TO GO DESC-UNPUNISHED .,we cannot wash our hands and allow the bloodshed to continue and for israel's crimes to go unpunished .,24,18,0.555556,GO
aslg_pc12:4d6563ac3ae36b7370a9,X-WE MUST DEFEND INDEPENDENCE STUDENT MOVEMENT IN IRAN .,we must defend the independence of the student movement in iran .,9,11,0.888889,STUDENT
aslg_pc12:a480d8f1082869e0575a,INTERNET CAN DESC-NEVER REPLACE TIME SPEND IN DIALOGUE BETWEEN PARENT AND CHILD .,the internet can never replace time spent in dialogue between parents and children .,13,13,0.692308,CHILD
aslg_pc12:992b027a343b597ce42c,THAT CAUSE FOOD SHORTAGE AND BRING NEED FOR FOOD IMPORT .,that causes food shortages and brings a need for food imports .,10,11,0.555556,FOOD
aslg_pc12:e239e610321a7c840a7b,"FOR THIS REASON , LINK MUST BE ENCOURAGE BETWEEN BUSINESS RUN BY WOMAN AND THOSE RUN BY MAN .","for this reason , links must be encouraged between businesses run by women and those run by men .",17,17,0.666667,RUN|WOMAN
aslg_pc12:bbcbce66a8f525001a79,"X-WE HAVE TO LOOK DESC-FAR DESC-AWAY , LIKE WHEN X-WE RUN IN FOREST .","we have to look far away , like when we run in a forest .",16,13,0.846154,RUN
aslg_pc12:13d0d8c5b8461398829b,X-WE WILL DESC-NOT FIND RESIDUE IN FOOD THAT COME IN .,we will not find residues in the food that comes in .,12,11,0.636364,FOOD
aslg_pc12:abf032bd48e4ea179613,DESC-SEXUAL AND DESC-REPRODUCTIVE RIGHTS BE DESC-IMPORTANT CHAPTER BECAUSE WOMAN MUST HAVE CONTROL OVER X-Y DESC-SEXUAL AND DESC-REPRODUCTIVE RIGHTS .,sexual and reproductive rights are an important chapter because women must have control over their sexual and reproductive rights .,24,19,0.6875,WOMAN
aslg_pc12:fa6308a5dec411d074b5,THAT BE WHY X-HE BE GO AROUND TALK LISBON MAJORITY THAT X-HE NEED BUT WILL DESC-NOT GET .,that is why he is going around talking of the lisbon majority that he needs but will not get .,20,19,0.625,GO
aslg_pc12:a020f084588d34f6fe0f,X-Y ALL SEE PLAY FIELD DESC-UNFAIRLY DESC-TILTED TO BENEFIT DESC-SOUTH KOREA IN THIS AGREEMENT .,they all see the playing field unfairly tilted to benefit south korea in this agreement .,18,15,0.75,PLAY
aslg_pc12:1d148bac6232dee153ec,"DESC-VERY DESC-MANY BUS SERVICE IN IRELAND BE RUN BY DESC-LOCAL CARRIER , DESC-SMALL BUSINESS AND FAMILY BUSINESS .","very many bus services in ireland are run by local carriers , small businesses and family businesses .",20,16,0.6875,RUN
aslg_pc12:782bcae6f303369e50b9,MOST 85 MILLION PEOPLE DESC-LIVE IN POVERTY WITHIN EUROPEAN UNION BE WOMAN .,most of the 85 million people living in poverty within the european union are women .,12,14,0.666667,WOMAN
aslg_pc12:ada545dbe76381bb3c53,X-WE BE GO TO VOTE ON THIS AGREEMENT AT 12.00 .,we are going to vote on this agreement at 12.00 .,10,9,0.7,GO
aslg_pc12:f71fc8d927f34d1feb17,X-WE BE GO TO FOLLOW DESC-SAME METHOD FOR ALBANIUM AND BOSNIUM AND HERZEGOVINA .,we are going to follow the same method for albania and bosnia and herzegovina .,15,14,0.571429,GO
aslg_pc12:f6949d16dc7dafa26a35,"DESC-REFORE , NUMBER CAR MUST BE REDUCE .","therefore , the number of cars must be reduced .",7,8,0.428571,CAR
aslg_pc12:4b5b63d76bc8801de63e,"IN THIS REGARD , COOPERATION WITH EUROPEAN CONFEDERATION INDUSTRY , SME AND NGO PLAY DESC-IMPORTANT ROLE .","in this regard , cooperation with european confederations of industry , smes and ngos plays an important role .",15,16,0.666667,PLAY
aslg_pc12:fa57a86ead3467c76bac,"X-I DESC-WELCOME PROPOSAL FOR MACRO SUPERVISION , BUT X-Y DO DESC-NOT GO DESC-NEARLY DESC-FAR DESC-ENOUGH .","i welcome the proposals for macro supervision , but they do not go nearly far enough .",21,15,0.75,GO
aslg_pc12:ba11dd6deff74b2c74ec,X-I NEED DESC-NOT GO INTO DETAIL ABOUT GRAVITY ACCIDENT INVOLVE HEAVY GOODS VEHICLE .,i need not go into detail about the gravity of accidents involving heavy goods vehicles .,15,15,0.666667,GO
aslg_pc12:85ba114d55211a0a8ab2,"STUDENT BE BE ARREST AND DESC-ARBITRARILY CONVICT , AS BE DESC-OR .","students are being arrested and arbitrarily convicted , as are others .",12,10,0.333333,STUDENT
aslg_pc12:c0cb9e486c1f52d94a7b,GENDER EQUALITY AND WOMAN X-POSS EMPOWERMENT IN DEVELOPMENT COOPERATION,gender equality and women's empowerment in development cooperation,10,8,0.7,WOMAN
aslg_pc12:16abf5a5b81da5a0d5bb,THIS BE DESC-PRECISELY WHY CONTENT DESC-MANY GAME BE DESC-UNSUITABLE AND MAY DESC-EVEN BE DESC-HARMFUL TO X-WE CHILD .,this is precisely why the content of many games is unsuitable and may even be harmful to our children .,23,19,0.705882,CHILD
aslg_pc12:aeb6f9821fdbc56b89f3,EU PLAY DESC-VERY DESC-SIGNIFICANT ROLE THROUGH X-ITS PROPOSAL AND ATTITUDE .,the eu played a very significant role through its proposals and attitudes .,13,12,0.583333,PLAY
aslg_pc12:5c8cb6f66092affb57e3,X-I BELIEVE THAT CLIMATE POLICY MUST DESC-ALSO HAVE DESC-PROMINENT PART TO PLAY IN INCOME DISTRIBUTION EFFECT .,i believe that climate policy must also have a prominent part to play in income distribution effects .,19,17,0.833333,PLAY
aslg_pc12:3787e7480b3bfd9239ad,"IN DESC-PARTICULAR , EDUCATION WOMAN HAVE IMPACT ON X-Y DESC-REPRODUCTIVE BEHAVIOR .","in particular , the education of women has an impact on their reproductive behaviour .",13,13,0.5,WOMAN
aslg_pc12:2b48a96351f01c915951,NEXT ITEM BE COUNCIL AND COMMISSION STATEMENT ON DESC-ELECTRIC CAR .,the next item is the council and commission statements on electric cars .,11,12,0.636364,CAR
aslg_pc12:100560c5763d5611acce,X-WE BE GO TO VERIFY STRATEGY IN EUROPEAN UNION X-POSS SEVEN YEAR BUDGET FROM 20 HU X-I VOTE AGAINST EU 2020 STRATEGY .,we are going to verify the strategy in the european union's seven year budget from 20 hu I voted against the eu 2020 strategy .,23,22,0.7,GO
aslg_pc12:fdd71d322ad4dcdf9675,SOMETHING MUST HAVE GO DESC-WRONG IN ORGANIZATION .,something must have gone wrong in the organisation .,8,8,0.625,GO
aslg_pc12:a136749c58b87a26c61a,"X-WE CAN DESC-CLEARLY GO DESC-AHEAD WITH THIS SIMPLIFICATION , DISCUSS DESC-SO DESC-MUCH AND DESC-SO DESC-MANY TIME DESC-HERE .","we can clearly go ahead with this simplification , discussed so much and so many times here .",24,16,0.764706,GO
aslg_pc12:e086f359cbf633f0ca97,SE PROVIDE INFORMATION TO PARENT ABOUT DANGER CHILD COULD ENCOUNTER ON LINE INCLUDE ONLINE GAMBLING .,these provide information to parents about the dangers children could encounter on line including online gambling .,15,16,0.666667,CHILD
aslg_pc12:8feb75688796b98bd02e,X-WE BELIEVE THAT X-IT BE DESC-VITAL THAT WOMAN BE DESC-NOT SUBJECT TO VIOLENCE OR SEX TRADE .,we believe that it is vital that women are not subjected to violence or the sex trade .,20,17,0.6875,WOMAN
aslg_pc12:ce63259694cb0c9c116a,BY ALL MEAN LET X-WE INTRODUCE DESC-HIGH STANDARD FOR X-WE FARMER AND FOOD PRODUCER .,by all means let us introduce high standards for our farmers and food producers .,17,14,0.533333,FOOD
aslg_pc12:685dc048cab927b8263b,X-WE PRODUCE LOT FOOD .,we produce a lot of food .,5,6,0.8,FOOD
aslg_pc12:d9f918d987400d472f54,X-I WILL BRIEFLY GO OVER MOST DESC-IMPORTANT POINT IN THIS DEBATE AND IN TERRITORIAL COHESION .,i will briefly go over the most important points in this debate and in territorial cohesion .,17,16,0.8125,GO
aslg_pc12:ec894465250b6e9d1bda,"PL MADAM PRESIDENT , DESC-SOCIAL ECONOMY PLAY DESC-VITAL ROLE IN DESC-LOCAL AND DESC-REGIONAL DEVELOPMENT .","pl madam president , the social economy plays a vital role in local and regional development .",17,15,0.857143,PLAY
aslg_pc12:29f796e7b66d3b12d401,X-WE BE DESC-RIGHT TO GO FOR DESC-AMBITIOUS TRADE AGREEMENT .,we are right to go for an ambitious trade agreement .,12,10,0.727273,GO
aslg_pc12:a877ae0fb6934f883079,"AS EUROPEAN STATE , THIS BE DESC-DEFINITELY PATH WHICH ROMANIUM HAVE CHOOSE TO GO DESC-DOWN .","as a european state , this is definitely the path which romania has chosen to go down .",16,16,0.666667,GO
aslg_pc12:aa6d96c0e42c1d581471,"DESC-HOWEVER , NEIGHBORHOOD POLICY DO DESC-NOT DESC-SIMPLY MEAN GO ON AS BEFORE .","however , neighbourhood policy does not simply mean going on as before .",14,11,0.666667,GO
aslg_pc12:2f27b134302ddf1a250d,X-I BE DESC-DELIGHTED X-YOU MENTION HOUSE LORD BECAUSE X-I BE DESC-ALSO GO TO REFLECT ON THAT .,i was delighted you mentioned the house of lords because I was also going to reflect on that .,21,18,0.625,GO
aslg_pc12:cf4204396511e9852da3,DESC-JUST CONSIDER FACT THAT DESC-MANY ROMANUS WOMAN AND UNDERAGE CHILD BE BE REQUIRE TO GO .,just consider the fact that many romani women and underage children are being required to go .,17,16,0.6,CHILD|GO|WOMAN
aslg_pc12:bf30b637ffeaaccd7b30,WHAT ROLE WILL PARLIAMENT PLAY IN APPOINT EU JUDGE TO ECHR ?,what role will parliament play in appointing the eu judge to the echr ?,11,13,0.909091,PLAY
aslg_pc12:3ca5bb097c4e4d876c9f,"DESC-HOWEVER , X-I CAN DESC-NOT HELP ASK WHER X-WE BE GO DESC-RIGHT WAY ABOUT X-IT .","however , I cannot help asking whether we are going the right way about it .",20,14,0.5,GO
aslg_pc12:fd97ae064a67f74dbfca,QUALITY DESC-CONSCIOUS CUSTOMER BE PREPARE TO PAY MORE FOR DESC-HIGH QUALITY FOOD .,quality conscious customers are prepared to pay more for high quality foods .,14,12,0.583333,FOOD
aslg_pc12:c453b393a52b190e999d,EU RED TAPE BE STRANGLE X-WE ENTREPRENEUR AND CARBON TAX SCAM BE PLUNGE MILLION INTO DESC-DEADLY FUEL POVERTY .,eu red tape is strangling our entrepreneurs and the carbon tax scam is plunging millions into deadly fuel poverty .,20,19,0.578947,RED
aslg_pc12:ab1882c3cdcbd77465b2,DESC-YET VIOLENCE AGAINST WOMAN BE DESC-NOT IN DECLINE .,yet violence against women is not in decline .,10,8,0.666667,WOMAN
aslg_pc12:2bf590f8de9cddaa467c,"DESC-YES , DESC-YES , X-WE BE DESC-DEFINITELY GO TO CHECK ALL LANGUAGE VERSION , MR PACK .","yes , yes , we are definitely going to check all of the language versions , mrs pack .",17,15,0.571429,GO
aslg_pc12:a579b49fc229ba0211d9,"YESTERDAY , ARMY INTERVENE , KILL DESC-SEVERAL PEOPLE INCLUDE ITALIAN JOURNALIST .","yesterday , the army intervened , killing several people including an italian journalist .",10,11,0.6,YESTERDAY
aslg_pc12:a5729c7474e548ff3271,"X-Y DESC-N DECIDE TO HAVE CHILD , WHICH DESC-OFTEN LEAD X-Y TO DESC-ONLY BE DESC-ABLE TO WORK PART TIME .","they then decide to have children , which often leads them to only be able to work part time .",24,18,0.647059,CHILD
aslg_pc12:dc8a07823c0771fbc75b,NONE X-WE WANT TO GO OVER TOP IN X-WE DESCRIPTION DANGER .,none of us wants to go over the top in our descriptions of the dangers .,13,15,0.545455,GO
aslg_pc12:465be65cb9b2cf523885,"COURSE , STAFF WHO HAVE HELP X-I TO REACH THIS AGREEMENT HAVE DESC-ALSO PLAY DESC-IMPORTANT ROLE .","of course , the staff who have helped me to reach this agreement have also played an important role .",18,18,0.6875,PLAY
aslg_pc12:9d62daa4a0a6824e2ea5,EUROPEAN PARLIAMENT MUST BE KEEP DESC-CONSTANTLY INFORM ON STATE PLAY DEPLOYMENT SE SYSTEM .,the european parliament must be kept constantly informed on the state of play of the deployment of these systems .,14,19,0.642857,PLAY
aslg_pc12:164b2891679f0d8f01b1,"MR PRESIDENT , LADY AND GENTLEMAN , X-YOU BE GO TO BE DISAPPOINT .","mr president , ladies and gentlemen , you are going to be disappointed .",12,11,0.545455,GO
aslg_pc12:21c07deb7827f86db53b,"ON THIS OCCASION , NATURE X-ITSELF PLAY DESC-DECISIVE ROLE .","on this occasion , nature itself played the decisive role .",10,9,0.7,PLAY
aslg_pc12:259c61e673048360d9c1,"OMBUDSMAN , X-MY APOLOGY , AS X-I BE GO TO COMPLY WITH THAT REQUEST AT THIS POINT .","ombudsman , my apologies , as I am going to comply with that request at this point .",17,15,0.75,GO
aslg_pc12:9642c08e94a8ef348deb,THAT BE DESC-COMPLETELY DESC-WRONG WAY TO GO .,that is completely the wrong way to go .,9,8,0.75,GO
aslg_pc12:a73a80c6188ffdc1f6a6,DESC-CONSERVATIVE DESC-HERE AND IN MEMBER STATE BE LIKE DESC-NAUGHTY CHILD .,the conservatives here and in member states are like naughty children .,13,11,0.545455,CHILD
aslg_pc12:faaa320172a93e5327d1,DESC-RE BE NO DOUBT THAT X-WE BE GO TO WORK DESC-TOGER WITH MR BARROSO .,there is no doubt that we are going to work together with mr barroso .,17,14,0.6,GO
aslg_pc12:b9db62b4e9dcfa0141ff,"DESC-ALREADY , 94 % EUROPEAN POPULATION BE IN NATO , AND DESC-ONLY 6 % BE OUTSIDE .","already , 94 % of the european population is in nato , and only 6 % are outside .",12,12,0.8,OUTSIDE
aslg_pc12:fa220ee0156a9693ee8d,STATE PLAY AS REGARD SI IUS AND VIS MOTION FOR RESOLUTION TABLE SEE MINUTE,state of play as regards sis ii and vis motions for resolutions tabled see minutes,14,15,0.5,PLAY
aslg_pc12:80aede49c3fa5d7f7670,"MADAM PRESIDENT , THIS GO TO CORE THIS WHOLE EUROPEAN UNION .","madam president , this goes to the core of this whole european union .",10,12,0.888889,GO
aslg_pc12:1eea2163d79359706984,X-WE THINK THAT THIS BE DESC-CRUCIAL FOR WOMAN ACROSS EUROPE .,we think that this is crucial for women across europe .,12,10,0.666667,WOMAN
aslg_pc12:2e535682e1f4929b9532,"COMMISSIONER , X-I ALONG WITH X-MY COLLEAGUE BE GO TO MAKE PROPOSAL TO X-YOU ALONG SE LINE .","commissioner , I along with my colleagues am going to make a proposal to you along these lines .",19,17,0.6,GO
aslg_pc12:4d9c14c9dc71750c258f,X-IT BE MISTAKE TO BELIEVE THAT CHARTER WILL SOLVE WOMAN X-POSS PROBLEM .,it is a mistake to believe that a charter will solve women's problems .,14,13,0.615385,WOMAN
aslg_pc12:5f090614e559dda01772,"X-YOU BE GO TO GET ROAST FROM ELYS?E PALACE , X-MY FRIEND !","you are going to get a roasting from the elysée palace , my friend !",14,14,0.692308,GO
aslg_pc12:526a5e53defeec986722,X-I BE DESC-NOT DESC-SURE IF X-Y STATUS HAVE GO DESC-UP WHOLE PILE IN MEANTIME .,i am not sure if their status has gone up a whole pile in the meantime .,19,16,0.625,GO
aslg_pc12:56da2051239293ac38d9,"X-WE OUGHT TO KNOW THAT X-WE DESC-ALSO GO BEYOND THIS DESC-SINGLE YEAR DESC-200OF COURSE , X-WE KNOW THAT SOME DESC-WRONG TURN BE TAKE AND X-WE HAVE RECTIFY SE TO SOME EXTENT .","we ought to know that we also go beyond this single year of 200of course , we know that some wrong turns were taken and we have rectified these to some extent .",38,31,0.72,GO
aslg_pc12:40add15b51e9acb2a53d,"X-YOU DESC-SIMPLY GO TO ITUNE AND BUY SONG FOR 20 , 30 , 40 OR 50 CENT .","you simply go to itunes and buy songs for 20 , 30 , 40 or 50 cents .",13,11,0.615385,BUY|GO
aslg_pc12:fd99c35cc146688bb62a,X-I HOPE THAT SE TWO RED LINE WILL MAKE X-IT TO FINISH LINE .,i hope that these two red lines will make it to the finish line .,15,14,0.846154,RED
aslg_pc12:6a8e250adb4ae2c83848,"X-I BE CONVINCE THAT X-WE COMMISSIONER , MR ANDOR , BE GO TO DO X-IT .","i am convinced that our commissioner , mr andor , is going to do it .",16,13,0.615385,GO
aslg_pc12:a4c8ae1faf5d52b91e17,EUROPEAN UNION CONTINUE TO BE COMMIT TO PLAY LEAD ROLE IN COPENHAGEN DESC-GLOBAL CLIMATE AGREEMENT .,the european union continues to be committed to playing a leading role in the copenhagen global climate agreement .,16,18,0.666667,PLAY
aslg_pc12:f72337193c0c4f23a576,"AS X-WE ALL KNOW , DESC-CENTRAL ASIA COULD PLAY DESC-VERY DESC-IMPORTANT ROLE WHERE ENERGY SECURITY BE CONCERN .","as we all know , central asia could play a very important role where energy security is concerned .",20,17,0.777778,PLAY
aslg_pc12:7fe3fd0df2dd0101bd86,WHEN BE X-YOU ALL GO TO WAKE DESC-UP ?,when are you all going to wake up ?,10,8,0.6,GO
aslg_pc12:ebd95daf7b7a3748a261,X-I AGREE THAT SPORT AND HEALTH GO HAND IN HAND .,i agree that sport and health go hand in hand .,11,10,0.9,GO
aslg_pc12:99f3d18799b22410fcbe,X-IT DESC-BARELY TOUCH ON PRINCIPLE FOOD SOVEREIGNTY AND SECURITY AND DESC-RIGHT TO SELF SUFFICIENCY IN FOOD .,it barely touches on the principles of food sovereignty and security and the right to self sufficiency in food .,19,19,0.75,FOOD
aslg_pc12:aa746c8591e3a8da0913,X-IT BE DESC-SO DESC-MUCH DESC-EASIER TO PRODUCE ROS? WINE ON DEMAND BY USE STOCK RED AND DESC-WHITE WINE .,it is so much easier to produce rosé wine on demand by using stocks of red and white wines .,23,19,0.736842,RED
aslg_pc12:78289b6b59baa9353605,X-WE HAVE DESC-LONG WAY TO GO IN THIS REGARD .,we have a long way to go in this regard .,11,10,0.818182,GO
aslg_pc12:0db54cb71c560ea7acab,COUNCIL HAVE RAISE PROBLEM VIOLENCE AGAINST WOMAN ON DESC-SEVERAL OCCASION AND IN DESC-SEVERAL DESC-DIFFERENT CONTEXT .,the council has raised the problem of violence against women on several occasions and in several different contexts .,18,18,0.6,WOMAN
aslg_pc12:d3bf503c4030c185df22,X-IT BE DESC-IMPORTANT TO PREVENT AND TO INFORM THOSE WORK IN HOSPITAL ABOUT RISK X-Y RUN .,it is important to prevent and to inform those working in hospitals about the risks they run .,19,17,0.588235,RUN
aslg_pc12:ad2b5f6a87c2cb470a67,X-IT HAVE DESC-HUGELY DESC-IMPORTANT ROLE TO PLAY DESC-HERE .,it has a hugely important role to play here .,12,9,0.7,PLAY
aslg_pc12:e20c15e601618c31f4e2,"TO THIS DAY , INEQUALITY BETWEEN MAN AND WOMAN PERSIST IN DESC-MANY AREA .","to this day , inequalities between men and women persist in many areas .",13,12,0.615385,WOMAN
aslg_pc12:16e3dea42be4f28e3d8b,LION X-POSS SHARE THIS PACKAGE DESC-ACTUALLY GO TO THIS DESC-MUCH NEED INTERCONNECTION .,the lion's share of this package actually goes to this much needed interconnection .,15,13,0.538462,GO
aslg_pc12:bb6e60c674c7ee3cc8ad,"X-I SPEAK DESC-UP FOR CHILD , BECAUSE NO END CAN JUSTIFY MEANS DESC-UNNECESSARILY END DESC-INNOCENT LIFE .","i speak up for the children , because no end can justify the means of unnecessarily ending innocent lives .",19,18,0.75,CHILD
aslg_pc12:4eac1d9a6c0ec99b89b1,WHAT POSITION BE X-YOU GO TO ADOPT CONCERN GROW ANTI DESC-WESTERN AND ANTI EUROPEAN TREND IN DESC-ISLAMIC WORLD ?,what position are you going to adopt concerning the growing anti western and anti european trends in the islamic world ?,21,20,0.631579,GO
aslg_pc12:e20b712b5cdbb379c37d,ANYTHING WHICH INVOLVE GMO LEGISLATION SHOULD DESC-NOT BE INCLUDE IN REGULATION ON NOVEL FOOD .,anything which involves gmo legislation should not be included in the regulation on novel foods .,15,15,0.733333,FOOD
aslg_pc12:8c4bf78f6461a51ee901,NO DESC-LONGER CAN X-WE LOOK ON FROM SIDELINE AS SELF EMPLOY WOMAN OR MAN WITH FAMILY EXPERIENCE DESC-SOCIAL INJUSTICE .,no longer can we look on from the sidelines as self employed women or men with families experience social injustice .,22,20,0.666667,WOMAN
aslg_pc12:79f2d4c5fe94d862d64d,EUROPEAN PARLIAMENT X-POSS REPORT DESC-ALSO DESC-RIGHTLY STRESS IMPORTANCE ELIMINATE VIOLENCE AGAINST WOMAN .,the european parliament's report also rightly stresses the importance of eliminating violence against women .,15,14,0.5,WOMAN
aslg_pc12:8785bb9a591ae98a2a91,"X-IT BE TRADE , DESC-NOT AID , WHICH BE GO TO UPLIFT DESC-POOR COUNTRY FROM POVERTY .","it is trade , not aid , which is going to uplift poor countries from poverty .",17,14,0.666667,GO
aslg_pc12:d2ba0d42c66ae6aac358,"WHEN CITIZEN UNION WRITE TO COMMISSION , X-Y LETTER MUST DESC-NOT GO DESC-UNANSWERED .","when the citizens of the union write to the commission , their letters must not go unanswered .",15,16,0.642857,GO
aslg_pc12:7d4a6f131c899e8b419b,"X-IT HAVE , IN FACT , BE GO ON FOR DESC-MANY YEAR .","it had , in fact , been going on for many years .",12,10,0.5,GO
aslg_pc12:87266b7496e4c5ac0f24,VOLVO CAR BE DESC-VERY DESC-IMPORTANT EMPLOYER IN DESC-WESTERN SWEDEN .,volvo cars is a very important employer in western sweden .,12,10,0.7,CAR
aslg_pc12:56f6cc2a22cf6f4eb1ef,"DESC-FINALLY , X-IT BE DESC-IMPORTANT FOR WORKER DESC-ABROAD WANT TO HEAR X-Y CHILD X-POSS VOICE ON PHONE .","finally , it is important for workers abroad wanting to hear their children's voice on the phone .",22,16,0.555556,CHILD
aslg_pc12:e6faa79a53cda82d410c,"DESC-WELL , DESC-ACTUALLY X-I THINK X-HE DREAM HAVE GO DESC-FURR AND X-WE BE SEE SOVIETISATION EU .","well , actually I think his dream has gone further and we are seeing the sovietisation of the eu .",21,18,0.529412,GO
aslg_pc12:f390cba7cf1f53aa951a,"DESC-NONELESS , X-I BE DESC-NOT GO TO GET LOSE IN EXAMPLE WHAT X-I WOULD LIKE .","nonetheless , I am not going to get lost in examples of what I would like .",18,15,0.533333,GO
aslg_pc12:319ccd908c85f6d6487d,X-WE CAN DESC-NOT PASS ON THIS LEVEL DEBT TO X-WE CHILD AND GRANDCHILD .,we cannot pass on this level of debt to our children and grandchildren .,16,13,0.571429,CHILD
aslg_pc12:8ee0be73d0611efe68e0,BUT X-IT DESC-N GO ON TO POSIT EUROPEAN UNION AS ALTERNATIVE OR ANTIDOTE TO DESC-SUCH TOTALITARIANISM .,but it then goes on to posit the european union as an alternative or antidote to such totalitarianism .,19,18,0.764706,GO
aslg_pc12:cdb06086de92098dcaea,THIS MAY LEAD TO INCREASE IN PROBLEM STREET CHILD .,this may lead to an increase in the problem of street children .,9,12,0.888889,CHILD
aslg_pc12:368f664771ebbcaffb2e,DIRECTORATE DESC-GENERAL ON COMPETITION AND COMMISSION HAVE GO DESC-STRAIGHT FOR LITIGATION .,the directorate general on competition and the commission have gone straight for litigation .,13,13,0.833333,GO
aslg_pc12:b1bda8bd3fc19528e620,"IF X-WE BLAME CANDIDATE IN THIS SECTOR , THIS MAKE REDUCE RED TAPE DESC-EVEN MORE DESC-EMPHATIC REQUIREMENT .","if we blame the candidates in this sector , this makes reducing red tape an even more emphatic requirement .",19,18,0.705882,RED
aslg_pc12:aa8625b6db3cadf49a8d,DESC-NOW COMPETITION LAW BE GO OFF AND CREATE DESC-SUCH INSTRUMENT .,now competition law is going off and creating such an instrument .,12,11,0.636364,GO
aslg_pc12:5810ded7c1457cb3a763,X-I AGREE THAT X-WE SHOULD DO MORE TO GUARANTEE DESC-NUTRITIONAL QUALITY FOOD DISTRIBUTE .,i agree that we should do more to guarantee the nutritional quality of the food distributed .,16,16,0.8,FOOD
aslg_pc12:65c8e79f47a07618ad67,WOMAN MUST HAVE CONTROL OVER X-Y DESC-REPRODUCTIVE LIFE X-IT BE DESC-SO DESC-PREFERABLE TO ALTERNATIVE DESC-UNSAFE ABORTION .,women must have control over their reproductive lives it is so preferable to the alternative of unsafe abortion .,22,18,0.666667,WOMAN
aslg_pc12:f15aafaef80f1dbee245,"DESC-JUST DESC-LAST YEAR , X-I MEET WITH DESC-SMALL STAFF TEAM WHO RUN SOLVIT CENTER IN UNITE KINGDOM .","just last year , I met with the small staffed team who run the solvit centre in the united kingdom .",20,19,0.666667,RUN
aslg_pc12:1dc2f77c59cebc222584,WAY IN WHICH EUROPEAN UNION NEGOTIATE YESTERDAY IN LUXEMBOURG DEMONSTRATE THAT X-IT BE DESC-NOT DRIVE FORCE .,the way in which the european union negotiated yesterday in luxembourg demonstrates that it is not the driving force .,18,19,0.647059,YESTERDAY
aslg_pc12:2c1455f0b1651448415b,DESC-ONLY ONE DESC-THIRD DESC-SELFEMPLOYED WORKER BE WOMAN .,only one third of selfemployed workers are women .,10,8,0.5,WOMAN
aslg_pc12:c92a167f05f3661cd4cb,"TOWARDS EUROPE DESC-WIDE DESC-SAFER , DESC-CLEANER AND DESC-EFFICIENT MOBILITY DESC-FIRST DESC-INTELLIGENT CAR REPORT","towards europe wide safer , cleaner and efficient mobility the first intelligent car report",18,13,0.923077,CAR
aslg_pc12:557b3fa3d020f7f25381,X-WE CAN ADDRESS ALL THIS DESC-ONLY IF WOMAN WILL DECIDE FOR WOMAN !,we can address all this only if women will decide for women !,14,12,0.769231,WOMAN
aslg_pc12:54e618c8133b1f4127f8,"WHAT COULD BE MORE DESC-NATURAL , WHERE CHILD BE CONCERN ?","what could be more natural , where children are concerned ?",10,9,0.666667,CHILD
aslg_pc12:151128f90ef95bf60513,"PL MR PRESIDENT , X-I WOULD LIKE TO DRAW ATTENTION TO QUESTION DESC-GENETICALLY MODIFY FOOD .","pl mr president , I would like to draw attention to the question of genetically modified food .",16,16,0.8,FOOD
aslg_pc12:4a13b4009bcb646905da,"BESIDES , WOMAN X-POSS SALARY BE DESC-CRUCIAL IMPORTANCE IN FAMILY .","besides , women's salaries are of crucial importance in the family .",11,10,0.454545,WOMAN
aslg_pc12:830eff387cc8c386d1a1,DESC-FIRST FOOD CRISIS AND DESC-N DESC-FINANCIAL CRISIS HAVE BE HINDER ACHIEVEMENT MILLENNIUM DEVELOPMENT GOAL .,first the food crisis and then the financial crisis have been hindering achievement of the millennium development goals .,17,18,0.642857,FOOD
aslg_pc12:dd330464b1c62717063e,"X-I BE GO TO ASK X-YOU DESC-SIMPLE QUESTION , AND PLEASE TRY TO ANSWER X-IT TODAY .","i am going to ask you a simple question , and please try to answer it today .",19,16,0.75,GO
aslg_pc12:f50dd1cec8580fc0d2d9,"AT MOMENT , CHINA HAVE DESC-ENORMOUS AMOUNT MONEY WHICH WILL HAVE TO BE INVEST OUTSIDE CHINA .","at the moment , china has an enormous amount of money which will have to be invested outside china .",16,18,0.857143,OUTSIDE
aslg_pc12:8f0458ff4a17d432a108,"X-IT BE DESC-REFORE X-WE DUTY TO PROTECT CONSUMER , DESC-ESPECIALLY CHILD .","it is therefore our duty to protect consumers , especially children .",14,10,0.416667,CHILD
aslg_pc12:c756c5ff98789cdb6119,"THOUSAND WOMAN , CHILD AND DESC-ELDERLY PEOPLE BE DEPORT AND DESC-LARGE NUMBER WOMAN BE RAPE .","thousands of women , children and elderly people were deported and a large number of women were raped .",16,17,0.416667,CHILD|WOMAN
aslg_pc12:2ac603f8e1423855a433,"DESC-AGAIN , AS DESC-LAST YEAR , COURT HAVE FIND NO RED LIGHT FOR MANAGEMENT AND CONTROL SYSTEM .","again , as last year , the court has found no red light for the management and control systems .",17,17,0.75,RED
aslg_pc12:9580078fbace75e3f4b5,"X-I SHALL GO DESC-FURR , MR PRESIDENT .","i shall go further , mr president .",8,6,0.625,GO
aslg_pc12:8422638b8fa098db60f9,"DOUBTLESS , CHILD MORTALITY WILL BE REDUCE BY DESC-EFFECTIVE HEALTH SERVICE INTERVENTION , VACCINATION IN DESC-PARTICULAR .","doubtless , child mortality will be reduced by effective health service interventions , vaccinations in particular .",16,14,0.733333,CHILD
aslg_pc12:ae364934dc87f13a246c,"X-WE WANT TO GO ONE STEP DESC-FURR , DESC-NAMELY TO INTRODUCE TWO WEEK PATERNITY LEAVE .","we want to go one step further , namely to introduce two weeks of paternity leave .",17,15,0.733333,GO
aslg_pc12:2347099bdb0091513647,PEOPLE WANT TO MAKE FOOD CHOICE BASE ON X-Y DESC-OWN VALUE AND DESC-NOT ACCORD TO SAFETY ASSESSMENT STUDY .,people want to make food choices based on their own values and not according to safety assessment studies .,21,18,0.578947,FOOD
aslg_pc12:be999f3a2583ec3f3a97,MINUTE FOR YESTERDAY HAVE BE DISTRIBUTE .,the minutes for yesterday have been distributed .,6,7,0.5,YESTERDAY
aslg_pc12:86bebfb146a548405bfd,"MR PRESIDENT , AS X-YOU HAVE SAY , TODAY BE DESC-INTERNATIONAL WOMAN X-POSS DAY .","mr president , as you have said , today is international women's day .",15,11,0.571429,WOMAN
aslg_pc12:232e1552effaf6e3f6e6,"ROUND AND ROUND X-IT GO ,","round and round it goes ,",6,5,0.6,GO
aslg_pc12:3523e9eb02dc71da692e,X-YOU BE DESC-VERY DESC-OFTEN DESC-ALONE IN CAR IN DESC-STRANGE SURROUNDINGS .,you are very often alone in the car in strange surroundings .,15,11,0.727273,CAR
aslg_pc12:521ce61bd9c335e4d825,X-I BE DESC-VERY DESC-PLEASED THAT X-IT BE DESC-POSSIBLE DESC-TONIGHT TO REACH DESC-FIRST READING AGREEMENT ON THIS DESC-HIGHLY DESC-SENSITIVE FILE .,i am very pleased that it is possible tonight to reach a first reading agreement on this highly sensitive file .,28,20,0.85,TONIGHT
aslg_pc12:39c3ad9079516c0bc0bb,"FOR PASSENGER CAR , MORE ENERGY DESC-EFFICIENT TYRE CAN SAVE DESC-UP TO 10 % ON FUEL COST .","for passenger cars , more energy efficient tyres can save up to 10 % on fuel costs .",16,14,0.733333,CAR
aslg_pc12:641370abe8a04b2fe195,WOMAN FOR ZAPATERO !,women for zapatero !,3,3,0.666667,WOMAN
aslg_pc12:736a9c16d1deed5e52b9,THIS BE REASON WHY MAN AND WOMAN BE BE EXPOSE TO HIDE FORM DISCRIMINATION .,this is the reason why men and women are being exposed to hidden forms of discrimination .,14,16,0.5,WOMAN
aslg_pc12:e2a29ef251e1a834a208,X-IT BE DESC-NOT DESC-SIMPLY MATTER MEASURE LEVEL RESIDUE IN FOOD .,it is not simply a matter of measuring levels of residues in food .,13,13,0.5,FOOD
aslg_pc12:5af25176e67557a81d14,"DESC-RE CAN BE NO DELAY , CONSIDER DESC-CURRENT DESC-ECONOMIC SITUATION AND CRISIS X-WE BE DESC-CURRENTLY GO THROUGH .","there can be no delay , considering the current economic situation and the crisis we are currently going through .",21,18,0.705882,GO
aslg_pc12:c1b74cd7a1b93b434d9f,THIS WOMAN MUST HAVE OPPORTUNITY TO LODGE COMPLAINT AND OBTAIN REDRESS AND JUSTICE .,this woman must have the opportunity to lodge a complaint and obtain redress and justice .,13,15,1.0,WOMAN
aslg_pc12:fbcf4b4cde8da80cb1b7,"PARLIAMENT BE GO ONE STEP DESC-FURR , IN LOOK AT WHOLE AVIATION SECURITY SECTOR .","parliament is going one step further , in looking at the whole of the aviation security sector .",14,16,0.642857,GO
aslg_pc12:2570cc4c80504223ac65,"IN POINT 72 , X-WE CALL FOR RED TAPE TO BE CUT BY AT DESC-LEAST 25 % .","in point 72 , we call for red tape to be cut by at least 25 % .",15,13,0.866667,RED
aslg_pc12:32eaccfbfafeb8be0674,DO X-SHE DESC-ACTUALLY HAVE TO GO TO BONN WITH WHAT X-SHE BE BE GIVE TO BRING TO TABLE ?,does she actually have to go to bonn with what she is being given to bring to the table ?,21,19,0.666667,GO
aslg_pc12:1c9cb25ffa0a8c59d02b,"DESC-YET DESC-EVEN IN SE TWO POLICY , DESC-BASIC RIGHTS CHILD BE DESC-NOT BE RESPECT .","yet even in these two policies , the basic rights of the child are not being respected .",17,16,0.615385,CHILD
aslg_pc12:675e44d78384a6f73183,THOSE FOLLOW FROM HOME WILL DESC-PROBABLY THINK HOW BE THIS RESULT GO TO AFFECT X-I ?,those following from home will probably think how is this result going to affect me ?,17,15,0.647059,GO
aslg_pc12:b5a845b5cd8ef29c7485,"TO CONCLUDE , X-I WOULD LIKE IN DESC-PARTICULAR TO COMMENT ON TWO ISSUE ADDRESS DESC-TONIGHT .","to conclude , I would like in particular to comment on two of the issues addressed tonight .",17,16,0.733333,TONIGHT
aslg_pc12:f3ab10bdbf53bb1db92d,X-WE HAVE GET TO GO OUT DESC-RE AND PROMOTE X-WE DESC-HIGH QUALITY PRODUCT .,we have got to go out there and promote our high quality products .,17,13,0.642857,GO
aslg_pc12:e75605b16c1991327ddc,EVERYONE HAVE TO PLAY X-Y PART .,everyone has to play their part .,7,6,0.571429,PLAY
aslg_pc12:61faba8d6548545f0739,LET X-WE GO DESC-RIGHT WAY .,let us go the right way .,7,6,0.571429,GO
aslg_pc12:be517f6e810c654094b5,X-I THINK X-WE CAN RUN X-WE DESC-OWN DESC-FOREIGN POLICY TO SUIT X-WE DESC-OWN INTEREST !,i think we can run our own foreign policy to suit our own interests !,21,14,0.769231,RUN
aslg_pc12:ff50b43975afc4bbd0ba,X-IT GO WITHOUT SAY THAT EFFECT SE MEASURE WILL DESC-ONLY BE DESC-EVIDENT IN DESC-LONG TERM .,it goes without saying that the effects of these measures will only be evident in the long term .,19,18,0.588235,GO
aslg_pc12:f0a1f08f000cb856cf7b,DESC-PRECARIOUS WOMAN WORKER,precarious women workers,4,3,0.25,WOMAN
aslg_pc12:8b6981873031f64fe9cf,X-IT BE DESC-TRUE THAT X-WE HAVE DESC-TOO DESC-FEW WOMAN IN EIB X-POSS DESC-MANAGERIAL STAFF .,it is true that we have too few women in the eib's managerial staff .,21,14,0.625,WOMAN
aslg_pc12:2e9523be693751169265,WILL DESC-YOUNG PEOPLE BE PROHIBIT FROM MIX RED BULL WITH VODKA ?,will young people be prohibited from mixing red bull with vodka ?,12,11,0.75,RED
aslg_pc12:e1d84750cb751e0aa5d3,RED CROSS HAVE RAISE ALARM .,the red cross has raised the alarm .,5,7,0.6,RED
aslg_pc12:17f8bffe68c670e3f8b9,"DESC-CONSTITUTIONAL COURT DESC-ITALY , WHICH ACT YESTERDAY , HAVE DESC-CLEARLY SHOW WHAT THAT MEAN .","the constitutional court of italy , which acted yesterday , has clearly shown what that means .",15,14,0.615385,YESTERDAY
aslg_pc12:45bdd40d26ee3348e965,"X-ITS OBLIGATION GO BEYOND THAT , BECAUSE STATE BE DESC-NOT DESC-SIMPLY ANOR SERVICE PROVIDER MOTIVATE DESC-EXCLUSIVELY BY PROFIT .","its obligations go beyond that , because the state is not simply another service provider motivated exclusively by profit .",21,18,0.684211,GO
aslg_pc12:67f7097e54eca8a9454d,THIS WORK DESC-OFTEN GO IGNORE BY POLICY MAKER AND SOCIETY AS WHOLE .,this work often goes ignored by policy makers and society as a whole .,13,13,0.692308,GO
aslg_pc12:599cb86d913e588d7f93,"DESC-FURR PROJECT WITH TOTAL VALUE DESC-SEVERAL BILLION EURO BE DESC-ALREADY BE PLAN FOR DESC-200SE PROJECT INVOLVE DESC-NOT DESC-ONLY CAR MANUFACTURER , BUT DESC-ALSO SUPPLIER TO CAR INDUSTRY .","further projects with a total value of several billion euro are already being planned for 200these projects involve not only car manufacturers , but also suppliers to the car industry .",33,29,0.666667,CAR
aslg_pc12:ebe87bea06bf48e09fb2,"AS X-WE SAY IN IRELAND , X-YOU COULD BET ON TWO FLY GO DESC-UP WALL .","as we say in ireland , you could bet on two flies going up a wall .",17,15,0.75,GO
aslg_pc12:2d422336f8e1351fbbef,DESC-VIRTUALLY EVERY SPEAKER IN DEBATE DESC-RIGHTLY CONDEMN PAEDOPHILE ACTIVITY AND DESC-PORNOGRAPHIC ABUSE CHILD .,virtually every speaker in the debate rightly condemned paedophile activities and pornographic abuse of children .,16,15,0.714286,CHILD
aslg_pc12:506805c12f10ade47dd4,EUROPE HAVE DUTY TO GUARANTEE FOOD SECURITY FOR X-ITS CITIZEN .,europe has a duty to guarantee food security for its citizens .,11,11,0.727273,FOOD
aslg_pc12:fad0bf02c045c62172be,X-I SHOULD LIKE TO KNOW WHICH MEASURE PRESIDENT BE GO TO TAKE WITH REGARD TO THIS EXTENSION .,i should like to know which measures the president is going to take with regard to this extension .,18,18,0.75,GO
aslg_pc12:16ec651a95dc79aaa5b7,"X-I BE DESC-PARTICULARLY DESC-GRATEFUL ABOUT X-HE PARAGRAPH 48 , 49 AND 50 ON FOOD SECURITY .","i am particularly grateful about his paragraphs 48 , 49 and 50 on food security .",15,11,0.615385,FOOD
aslg_pc12:e71af8f97e6b0e1e431d,"THIS GO AGAINST PRINCIPLE SOLIDARITY , WHICH SHOULD GOVERN ENERGY POLICY .","this goes against the principle of solidarity , which should govern energy policy .",10,12,0.9,GO
aslg_pc12:139d447ddb803db45839,DESC-SMALL AND MEDIUM SIZE ENTERPRISE HAVE DESC-VERY DESC-SPECIAL ROLE TO PLAY IN THIS .,small and medium sized enterprises have a very special role to play in this .,16,14,0.785714,PLAY
aslg_pc12:418c240ac88c44cb2efd,FIGHT AGAINST DISSEMINATION CHILD PORNOGRAPHY MUST BE PRIORITISE .,the fight against the dissemination of child pornography must be prioritised .,8,11,0.875,CHILD
aslg_pc12:9f7eb1d1c667af406730,"WITH ALL SE ELECTION GO ON AND CHANGE ADMINISTRATION , HOW CAN X-WE DESC-REALLY KICK START WTO TALK ?","with all these elections going on and changes of administration , how can we really kick start the wto talks ?",19,19,0.631579,GO
aslg_pc12:fdde1a067d51243eedd7,DESC-NOW TO DESC-SECOND ISSUE X-YOU SPEAK ABOUT DESC-ELECTRIC CAR .,now to the second issue you spoke about electric cars .,13,10,0.636364,CAR
aslg_pc12:6b3c536dd1ac5f4a45a8,"WOMAN BE PRINCIPAL VICTIM TRAFFICKING AND DESC-PHYSICAL , DESC-SEXUAL AND DESC-PSYCHOLOGICAL VIOLENCE .","women are the principal victims of trafficking and physical , sexual and psychological violence .",14,13,0.636364,WOMAN
aslg_pc12:ed11955396ce8bb03447,CONFLICT BETWEEN ISRAEL AND GAZA HAVE DESC-SIMPLY GO ON DESC-TOO DESC-LONG .,the conflict between israel and gaza has simply gone on too long .,14,12,0.75,GO
aslg_pc12:3c5500a4f4a82fe9ffee,"MR PRESIDENT , X-WE SUPPORT THIS REPORT BECAUSE X-IT BE DESC-RIGHT WAY TO GO ABOUT TACKLE DESC-ECONOMIC DIFFICULTY .","mr president , we supported this report because it is the right way to go about tackling economic difficulties .",21,18,0.684211,GO
aslg_pc12:b195e8a381b22c716cb4,X-YOU CUT OFF SOME PEOPLE DESC-DRAMATICALLY AND LET DESC-OR RUN OVER FOR DESC-VERY DESC-LONG TIME .,you cut off some people dramatically and let others run over for a very long time .,20,16,0.823529,RUN
aslg_pc12:8eab3464c7bf4ff02ca9,WHAT SOURCE BE X-WE GO TO USE TO PRODUCE DESC-SUCH LIST ?,what sources are we going to use to produce such a list ?,13,12,0.583333,GO
aslg_pc12:6e6945afbd16dd65b98c,"THAT BE , FREEDOM , PROSPERITY , COMPETITIVENESS AND SECURITY , DESC-NOT EURO HEALTH , EURO TAX , EURO PARK AND EURO BEER .","that is , freedom , prosperity , competitiveness and security , not euro health , euro taxes , euro parks and euro beer .",18,17,0.714286,PARK
aslg_pc12:d2ebb61ef6e15dfacc84,IRAN HAVE SIGNAL THAT X-IT MIGHT RUN IN ELECTION FOR PLACE ON COUNCIL .,iran has signalled that it might run in the elections for a place on the council .,14,16,0.714286,RUN
aslg_pc12:c1deb05c42750b2a475a,"GO TO TEHRAN , GO TO TEHRAN , COWARD , COWARD , COWARD , COWARD !","go to tehran , go to tehran , cowards , cowards , cowards , cowards !",10,10,0.75,GO
aslg_pc12:1bae845d3a3605077670,SE CHILD MUST HAVE DESC-SAME RIGHTS AS DESC-OR CHILD .,these children must have the same rights as other children .,11,10,0.555556,CHILD
aslg_pc12:5e2f517c898f5467d586,"IN DESC-SUCH SPACE , DESC-VARIOUS SUPRA DESC-NATIONAL , SUPRA STATE OR DESC-CONTINENTAL COMMUNITY WILL PLAY DESC-EVER MORE DESC-SIGNIFICANT ROLE .","in such a space , various supra national , supra state or continental communities will play an ever more significant role .",23,19,0.882353,PLAY
aslg_pc12:05e592e218b8b55b4ab5,X-I HAVE TELL COUNCIL THAT X-WE BE GO TO ASK X-IT FOR THOSE POWER DESC-AGAIN .,i have told the council that we are going to ask it for those powers again .,19,16,0.647059,GO
aslg_pc12:dad72a9d48717f0ba519,"X-I REITERATE ISSUE AROUND FOOD PRODUCTION STANDARD , WHICH BE DESC-HIGHER IN EUROPEAN UNION .","i reiterate the issue around food production standards , which are higher in the european union .",15,15,0.733333,FOOD
aslg_pc12:c2b042aaeeaf3f746146,"REST HAVE GO TO DEVELOP COUNTRY , EUROPEAN ONE IN DESC-PARTICULAR .","the rest has gone to developed countries , european ones in particular .",11,11,0.454545,GO
aslg_pc12:4641b9679cce5f0067ef,"ALL X-YOU BE GO THROUGH THAT EVERY TIME X-YOU VOTE IN THIS PARLIAMENT , X-I SUSPECT .","all of you are going through that every time you vote in this parliament , I suspect .",18,16,0.8,GO
aslg_pc12:d4e94ed47f3d89b3aff3,REMOVE SE WOMAN FROM ASSISTANCE AIM AT HELP SE MOST DESC-VULNERABLE PEOPLE BE AS DESC-ILLOGICAL AS X-IT BE DESC-INHUMAN .,removing these women from assistance aimed at helping these most vulnerable people is as illogical as it is inhuman .,23,19,0.555556,WOMAN
aslg_pc12:284624545b281c49ec2e,"IN EUROPE , CHILD BE DESC-ROUTINELY GIVE BCG VACCINATION , WHICH HAVE DESC-GREATER THAN 80 % EFFECTIVENESS .","in europe , children are routinely given the bcg vaccination , which has greater than 80 % effectiveness .",15,14,0.642857,CHILD
aslg_pc12:de38be43fb9d4dfcb320,UKRAINE BE GO TO BE PARTNER WHO WILL BE GIVE DESC-MUCH TO DO .,ukraine is going to be a partner who will be given much to do .,14,14,0.727273,GO
aslg_pc12:d84aa9992c6771a9af3e,"IN ADDITION , EUROPEAN COMMISSION DESC-HUMANITARIAN AID PROGRAM PROVIDE AID IN AREA WATER AND FOOD SECURITY .","in addition , the european commission humanitarian aid programmes provide aid in the area of water and food security .",16,18,0.857143,FOOD
aslg_pc12:820525141439c8a3fb0e,"DESC-MOREOVER , X-IT DESC-OFTEN OCCUR WITHIN FAMILY ENVIRONMENT , AND SE WOMAN BE DESC-ASHAMED TO ADMIT X-IT .","moreover , it often occurs within the family environment , and these women are ashamed to admit it .",20,16,0.625,WOMAN
aslg_pc12:92ba511f8cf34f3fcbd8,X-I WOULD HAVE PREFER TO SEE THIS DO AT EUROPEAN LEVEL FROM WORD GO .,i would have preferred to see this done at european level from the word go .,15,15,0.8,GO
aslg_pc12:f1ba9fc159fd463cecbe,"SECURITY , DESC-GOOD GOVERNANCE AND DEVELOPMENT MUST GO HAND IN HAND .","security , good governance and development must go hand in hand .",11,10,0.9,GO
aslg_pc12:0d5cf7f0627d79e544f9,"IF X-Y BE DESC-NOT DESC-CLEARLY LINK , X-WE WILL GO DESC-NOWHERE .","if they are not clearly linked , we will go nowhere .",15,10,0.583333,GO
aslg_pc12:3f0747d99f56f16ed3f5,WHERE BE SE PEOPLE GO TO GO ?,where are these people going to go ?,7,7,0.666667,GO
aslg_pc12:eacf5f0a0c88a4841f7b,THIS BE DESC-PARTICULARLY DESC-IMPORTANT IN ORDER TO MAKE X-IT DESC-EASIER FOR ART STUDENT TO STUDY IN ANOR MEMBER STATE .,this is particularly important in order to make it easier for art students to study in another member state .,23,19,0.736842,STUDENT
aslg_pc12:3f49ec614a5c8b14044a,X-ITS PRESENTATION CHILD X-POSS RIGHTS AND DESC-BASIC DESC-SOCIAL RIGHTS MERIT DESC-SPECIAL ATTENTION .,its presentation of children's rights and basic social rights merits special attention .,17,12,0.615385,CHILD
aslg_pc12:2db7c062cf128e28eee0,VICTIM DESC-HUMAN TRAFFICKING BE DESC-MOSTLY WOMAN .,the victims of human trafficking are mostly women .,8,8,0.428571,WOMAN
aslg_pc12:cb3c1132a31b8b60c055,"MADAM PRESIDENT , COMMISSIONER , X-I DESC-TOO FEEL THAT X-WE NEED TO STOP THOSE IN INDUSTRY FROM PLAY GOD .","madam president , commissioner , I too feel that we need to stop those in industry from playing god .",20,17,0.842105,PLAY
aslg_pc12:6c79292d5473831d2ba7,"X-I KNOW , RAPPORTEUR , THAT SOME PEOPLE WANT TO GO DESC-BACK TO DESC-COMMON POSITION .","i know , rapporteur , that some people want to go back to the common position .",16,14,0.857143,GO
aslg_pc12:efaf18bbe6f1cf1a524e,THIS BE AREA THAT X-I DESC-PERSONALLY HAVE HAVE DISCUSSION WITH CAR RENTAL COMPANY ABOUT .,this is an area that I personally have had discussions with the car rental companies about .,16,16,0.666667,CAR
aslg_pc12:cf4de87d1f82a5b21028,X-WE SHOULD REMEMBER DESC-SIGNIFICANT KOREAN INVESTMENT IN CAR SECTOR IN EUROPE .,we should remember the significant korean investment in the car sector in europe .,13,13,0.833333,CAR
aslg_pc12:4e6f515082a83ee31150,EUROPEAN PEOPLE X-POSS PARTY CONSIDER THAT FYROM GO THROUGH DESC-MANY DESC-POSITIVE DEVELOPMENT DURING DESC-LAST YEAR .,the european people's party considers that fyrom went through many positive developments during the last year .,19,16,0.588235,GO
aslg_pc12:dc330f03a50ad7d647ca,WOMAN MUST BE DESC-ABLE TO HAVE DESC-FULL DESC-PHYSICAL AUTONOMY .,women must be able to have full physical autonomy .,12,9,0.8,WOMAN
aslg_pc12:c2510de57a2edf7da52e,"BE DESC-RE CHILD , WOMAN , REFUGEE ?","were there children , women , refugees ?",6,5,0.0,CHILD|WOMAN
aslg_pc12:2c7702abdd1b5c4ff3d5,DESC-MANY WOMAN WOULD LIKE TO BECOME SELF EMPLOY BUT LACK COURAGE ON ACCOUNT DESC-UNCERTAIN DESC-SOCIAL CONDITION .,many women would like to become self employed but lack the courage on account of the uncertain social conditions .,19,19,0.764706,WOMAN
aslg_pc12:5e1d82f388ea481c90ae,"DESC-HOWEVER , PROBLEM IN BULGARIUM VOTE BUY INDICATE DESC-EXACT OPPOSITE .","however , the problem in bulgaria of vote buying indicates the exact opposite .",11,12,0.6,BUY
aslg_pc12:a6de72a6600843e60467,IMPACT DESC-ECONOMIC CRISIS HAVE BE FEEL DESC-SIGNIFICANTLY DESC-HARDER OUTSIDE EU X-POSS EURO AREA .,the impact of the economic crisis has been felt significantly harder outside the eu's euro area .,17,16,0.533333,OUTSIDE
aslg_pc12:76177b78fa5fea68b44a,"MR PRESIDENT , LIKE SOME DESC-OR COLLEAGUE , X-I BE GO TO CONCENTRATE ON TRANSPORT HORSE .","mr president , like some other colleagues , I am going to concentrate on the transport of horses .",16,16,0.5625,GO
aslg_pc12:a2aa9cf237642cbec262,X-WE MUST REFLECT ON HOW AGRICULTURE AND AGR X-I FOOD SECTOR CAN CONTRIBUTE TO THIS .,we must reflect on how agriculture and the agri food sector can contribute to this .,17,15,0.8125,FOOD
aslg_pc12:87432fa75444e3652a15,THIS BE GO TO TAKE TIME .,this is going to take time .,6,6,0.666667,GO
aslg_pc12:ce3734975357da669f4d,UN ESTIMATE THAT SEVEN IN TEN WOMAN WILL EXPERIENCE VIOLENCE FROM MAN DURING X-Y LIFETIME .,the un estimates that seven in ten women will experience violence from men during their lifetime .,16,16,0.6875,WOMAN
aslg_pc12:9286030e4e8751d3f31d,ROLE WOMAN IN AGEING SOCIETY,role of women in an ageing society,5,7,0.8,WOMAN
aslg_pc12:72b3d13d087b4b65b8e6,"DESC-CURRENT EUROPEAN PARLIAMENT , FOR EXAMPLE , HAVE X-ITS DESC-HIGHEST DESC-EVER PERCENTAGE WOMAN 35 % .","the current european parliament , for example , has its highest ever percentage of women 35 % .",15,13,0.692308,WOMAN
aslg_pc12:c17f46e396dc3c6ae9db,"X-I WOULD HAVE LIKE TO SEE DESC-GREATER PROTECTION FOR WOMAN INVOLVE IN DESC-DOMESTIC WORK , FOR EXAMPLE .","i would have liked to see greater protection for women involved in domestic work , for example .",19,16,0.705882,WOMAN
aslg_pc12:b27bacc4c32faae2ec94,"DESC-TOGER , X-WE BE GO TO ACHIEVE THIS .","together , we are going to achieve this .",9,7,0.444444,GO
aslg_pc12:82bd7456216a9c0b8f57,UNDERTAKE DESC-THOROUGH ANALYSIS CHILD X-POSS RIGHTS,undertake a thorough analysis of children's rights,8,7,0.5,CHILD
aslg_pc12:d682feafbc9f7a8d76c5,DESC-BARELY ONE DESC-THIRD 32.5 MILLION SELF EMPLOY BE WOMAN .,barely one third of the 32.5 million self employed are women .,10,10,0.555556,WOMAN
aslg_pc12:1f8bd1ee963d10ba9783,X-I DO DESC-NOT THINK X-I NEED TO GO ON DESC-FURR .,i do not think I need to go on further .,14,10,0.727273,GO
aslg_pc12:094a6768f27d76d158f2,THIS BE GO TO BE DESC-DIFFICULT DECISION FOR MEMBER TOMORROW .,this is going to be a difficult decision for members tomorrow .,11,11,0.7,GO
aslg_pc12:d8bb79c2b5f08d3fead8,X-I RESIST MAKE THOSE DESC-SAME COMMENT TO DESC-OR COMMISSIONER DESC-TONIGHT .,i resisted making those same comments to other commissioners tonight .,14,10,0.416667,TONIGHT
aslg_pc12:9e709447c1f7848a1d96,NO MAN KILL WOMAN AND CHILD AND DESC-LIVE TO BOAST X-IT .,no man kills women and children and lives to boast of it .,13,12,0.5,CHILD|WOMAN
aslg_pc12:85ac23e5ff68ec7bcb9f,WHAT DO X-YOU THINK X-YOU NEED TO CHANGE ABOUT WAY IN WHICH X-YOU GO ABOUT X-YOU WORK ?,what do you think you need to change about the way in which you go about your work ?,21,18,0.928571,GO
aslg_pc12:1eaa892eea39e069e012,THIS DESC-RIGHT MUST TAKE PRECEDENCE OVER DESC-RIGHT PERSON DESC-SAME SEX TO ADOPT CHILD .,this right must take precedence over the right of persons of the same sex to adopt a child .,16,18,0.846154,CHILD
aslg_pc12:d272a6089230e78c4e49,"X-I THINK THAT THIS HOUSE , AND X-WE , X-ITS MEMBER , HAVE THREE DESC-ESSENTIAL ROLE TO PLAY .","i think that this house , and we , its members , have three essential roles to play .",19,15,0.764706,PLAY
aslg_pc12:66b17f7822aba90e2ec1,X-I DESC-REFORE CONSIDER THAT TURKEY HAVE DESC-LONG WAY TO GO TO ACCESSION TO EUROPEAN UNION .,i therefore consider that turkey has a long way to go to accession to the european union .,18,17,0.733333,GO
aslg_pc12:265c606094a172dde09a,"X-WE SUPPORT MOTION , ALTHOUGH X-WE DO DESC-NOT THINK X-IT GO DESC-FAR DESC-ENOUGH .","we support the motion , although we do not think it goes far enough .",18,13,0.769231,GO
aslg_pc12:693cfdf670d81284e522,"DESC-SECONDLY , THIS MORNING , X-YOU MENTION FOOD SECURITY , DESC-PRIME MINISTER .","secondly , this morning , you mentioned food security , prime minister .",12,9,0.727273,FOOD
aslg_pc12:f2159505fc8bd433b449,DESC-INTERNATIONAL WOMAN X-POSS DAY BE DESC-EXCELLENT OPPORTUNITY TO REMIND X-WE ALL THIS COMMITMENT .,international women's day is an excellent opportunity to remind us all of this commitment .,17,14,0.6,WOMAN
aslg_pc12:f70be7b6b93209223e58,"WITH DESC-BEST WILL IN WORLD , X-I CAN DESC-NOT UNDERSTAND X-YOU PROPOSAL FOR DESC-VOLUNTARY QUOTA BUY DESC-UP PROGRAM .","with the best will in the world , I cannot understand your proposal for a voluntary quota buy up programme .",23,19,0.684211,BUY
aslg_pc12:502ce66b7cf7852aafcf,THIS BE WHEN BOTH CAR DRIVER AND ENVIRONMENT WILL START FEEL DESC-TRUE BENEFIT .,this is when both the car driver and the environment will start feeling the true benefits .,14,16,0.714286,CAR
aslg_pc12:74f228f6849e4c793ccf,DESC-DOMESTIC VIOLENCE BE DESC-HORRIBLE REALITY DESC-MANY WOMAN BE DESC-INDEED MURDER IN X-Y DESC-OWN HOME .,domestic violence is a horrible reality many women are indeed murdered in their own homes .,20,15,0.533333,WOMAN
aslg_pc12:f91a8be08a978d04af32,"IN PARLIAMENT , SUBJECT CHILD BE SPREAD ACROSS ALL COMMITTEE .","in parliament , the subject of children is spread across all the committees .",9,12,0.666667,CHILD
aslg_pc12:b028af4f03b438a5a4fe,"DE YESTERDAY , MEDIA TELL X-WE THAT OPEL PLANT IN ANTWERP WILL DESC-CLOSE .","de yesterday , the media told us that the opel plant in antwerp will close .",14,14,0.714286,YESTERDAY
aslg_pc12:f9d57ca45e2508c2c919,"EUROPEAN UNION INSTITUTION SHOULD PLAY DESC-MAJOR ROLE , DESC-ESPECIALLY AS REGARD THAT DESC-LAST POINT .","european union institutions should play a major role , especially as regards that last point .",16,14,0.785714,PLAY
aslg_pc12:1198890f846a6b8df260,"CONSUMER HAVE DESC-RIGHT TO BUY DESC-NOT DESC-ONLY DESC-HEALTHY FOOD , BUT DESC-ALSO FOOD WHICH HAVE BE PRODUCE DESC-HEALTHILY .","consumers have a right to buy not only healthy food , but also food which has been produced healthily .",23,18,0.75,BUY|FOOD
aslg_pc12:ac296be2188f07c22c15,DESC-SAME GO FOR POSSIBILITY RECEIVE MAINTENANCE PAYMENT .,the same goes for the possibility of receiving maintenance payments .,8,10,0.5,GO
aslg_pc12:89df207b1bb53fdc45b1,"IF DESC-RE BE DESC-NOT DESC-WELL FUNCTION DESC-DEMOCRATIC INSTITUTION IN DESC-SUCH SITUATION , THING CAN GO DESC-SERIOUSLY DESC-WRONG .","if there are not well functioning democratic institutions in such a situation , things can go seriously wrong .",23,17,0.647059,GO
aslg_pc12:8600edf363f2b100dbe1,BUT THIS BE KEY ISSUE GET BALANCE DESC-RIGHT BETWEEN FOOD PRODUCTION AND FUEL PRODUCTION .,but this is a key issue getting the balance right between food production and fuel production .,15,16,0.785714,FOOD
aslg_pc12:c711bad1dd604b00871e,X-IT DESC-ALSO PROVIDE MEAN TO REDUCE ANIMAL TESTING AND CHILD LABOR .,it also provides means to reduce animal testing and child labour .,13,11,0.615385,CHILD
aslg_pc12:3dded1034394cdb5d384,"DESC-NOT DESC-ONLY CHILD SHOULD BENEFIT FROM PROGRAM THIS TYPE , BUT X-Y MIGRANT PARENT DESC-TOO .","not only children should benefit from programmes of this type , but their migrant parents too .",18,15,0.625,CHILD
aslg_pc12:f9cb1bde42d65d068b19,"WAR COME AND GO IF DESC-RE BE THIS KIND ATTITUDE , BUT X-WE MUST BUILD PEACE DESC-ACTIVELY .","wars come and go if there is this kind of attitude , but we must build peace actively .",19,17,0.722222,GO
aslg_pc12:0a64bb1acf8aa6f30869,SITUATION DESC-DISABLED WOMAN IN EUROPEAN UNION VOTE,situation of disabled women in the european union vote,8,9,0.75,WOMAN
aslg_pc12:f00cf638913b9cd795b2,THIS DESC-FIRST EUROPEAN COUNCIL HOLD UNDER TREATY LISBON MUST ENABLE EUROPE TO PLAY X-ITS DESC-FULL ROLE .,this first european council held under the treaty of lisbon must enable europe to play its full role .,19,18,0.833333,PLAY
aslg_pc12:1c3a2032e05437852714,EU FOOD BE DISTINGUISH BY X-ITS DESC-HIGH QUALITY AND DESC-CORRESPONDINGLY DESC-HIGH STANDARD .,eu food is distinguished by its high quality and correspondingly high standards .,16,12,0.615385,FOOD
aslg_pc12:d85bea0e68897c250dc7,THOUSAND PEOPLE MAN AND WOMAN AND X-Y FAMILY FACE DESC-GLOOMY FUTURE .,thousands of people men and women and their families face a gloomy future .,13,13,0.416667,WOMAN
aslg_pc12:7a1dfdb845ba631982d1,X-HE BE DESC-HOPELESSLY COMPROMISE BY GO AROUND WITH CHIEF EXECUTIVE ONE DESC-BIGGEST CORPORATION SUPPLY TRANSPORT .,he is hopelessly compromised by going around with the chief executive of one of the biggest corporations supplying transport .,18,19,0.588235,GO
aslg_pc12:dcb9475391bf00a4c883,"IN DESC-MANY COUNTRY , WOMAN BE DESC-STILL DESC-NOT DESC-SUFFICIENTLY EMPOWER AND POVERTY HAVE DESC-FEMININE FACE .","in many countries , women are still not sufficiently empowered and poverty has a feminine face .",19,15,0.6,WOMAN
aslg_pc12:9c713e532bbd219cae4d,"THIS BE DESC-NOT DESC-CONSISTENT WITH DESC-INTERNATIONAL STANDARD DESC-HUMAN RIGHTS IN DESC-GENERAL , NOR WITH WOMAN X-POSS RIGHTS .","this is not consistent with international standards of human rights in general , nor with women's rights .",22,16,0.625,WOMAN
aslg_pc12:8c99a7b517e45ede3d66,X-I THINK THAT FOOD PRODUCTION BE DESC-IMPORTANT OBJECTIVE CAP .,i think that food production is an important objective of the cap .,11,12,0.727273,FOOD
aslg_pc12:f434f8d659a567460de8,"X-WE MUST CONSIDER EACH CHILD X-POSS LIFE TO BE DESC-EQUAL VALUE , ON EIR SIDE BORDER .","we must consider each child's life to be of equal value , on either side of the border .",18,17,0.705882,CHILD
aslg_pc12:c1f161d78a05b73e1d2e,IF X-WE WANT PORT TO REMAIN DESC-COMPETITIVE X-WE NEED TO MODERNIZE X-ITS DESC-CURRENT INFRASTRUCTURE AND REMOVE RED TAPE .,if we want the port to remain competitive we need to modernise its current infrastructure and remove red tape .,23,19,0.833333,RED
aslg_pc12:51212643ff75baa0af32,"DESC-REFORE , LIKE MR BOWLE , X-I BE GO TO REJECT PROPOSAL IN X-ITS ENTIRETY .","therefore , like mrs bowles , I am going to reject the proposal in its entirety .",16,14,0.533333,GO
aslg_pc12:4e3475c8914c880e63a6,MOBILISATION FLEXIBILITY INSTRUMENT FACILITY FOR DESC-RAPID RESPONSE TO SOAR FOOD PRICE IN DEVELOP COUNTRY,mobilisation of the flexibility instrument facility for a rapid response to soaring food prices in developing countries,15,17,0.666667,FOOD
aslg_pc12:90febb97be79082c46b0,"CHILD USER AND , IN DESC-PARTICULAR , FARMER , BE DESC-ALSO AFFECT .","children of users and , in particular , of farmers , are also affected .",11,11,0.4,CHILD
aslg_pc12:b8ba6dd054ade2b6b310,"VOTE WILL TAKE PLACE ON THURSDAY , 5 FEBRUARY DESC-200IMPACT DESC-FINANCIAL CRISIS ON CAR INDUSTRY DEBATE","the vote will take place on thursday , 5 february 200impact of the financial crisis on the car industry debate",16,18,0.928571,CAR
aslg_pc12:ff5749e2b43a2c187693,MALE VIOLENCE AGAINST WOMAN BE DESC-CLEAR INDICATION DESC-UNEQUAL POWER RELATIONSHIP BETWEEN WOMAN AND MAN .,male violence against women is a clear indication of the unequal power relationship between women and men .,16,17,0.714286,WOMAN
aslg_pc12:1e7ad5de6d02f4b8d308,"THAT BE , DESC-INDEED , DESC-RIGHT DECISION TO MAKE , BUT DO THAT GO DESC-FAR DESC-ENOUGH ?","that was , indeed , the right decision to make , but does that go far enough ?",17,14,0.769231,GO
aslg_pc12:47bba42788fde18d6f79,X-WE IN PARLIAMENT DESC-LAST INTERVENE IN DESC-SIMILAR ONE IN 200SYRIUM HAVE DESC-VERY DESC-LONG WAY TO GO WHEN X-IT COME TO FREEDOM SPEECH AND ASSOCIATION .,we in parliament last intervened in a similar one in 200syria has a very long way to go when it comes to freedom of speech and of association .,30,28,0.73913,GO
aslg_pc12:065dac13de73f25448a0,"DESC-RAR , TO OBTAIN X-Y , X-IT X-MUST TAKE DESC-URGENT ACTION TO BOOST EUROPEAN CAR PRODUCTION .","rather , to obtain them , it must take urgent action to boost european car production .",19,14,0.733333,CAR
aslg_pc12:8c690c9fe39f4a33257c,X-HE GO ON TO SAY APPLICATION EU REGULATION WILL BE DESC-INTELLIGENT AND DESC-SELECTIVE .,he went on to say the application of the eu regulations will be intelligent and selective .,16,16,0.733333,GO
aslg_pc12:51765da5f82bfa8de629,X-IT ESTABLISH LEVEL PLAY FIELD FOR INDUSTRY BY COVER ALL ASPECT FROM CAPTURE THROUGH TO MARKET .,it establishes a level playing field for the industry by covering all aspects from capture through to the market .,17,19,0.705882,PLAY
aslg_pc12:1af0e363f107c0d0d63a,X-IT BE DESC-ALSO DESC-VERY DESC-IMPORTANT THAT BOTH PARENT PARTICIPATE IN CHILD X-POSS LIFE FROM DESC-VERY DESC-FIRST MONTH .,it is also very important that both parents participate in a child's life from the very first months .,24,18,0.611111,CHILD
aslg_pc12:af566f32bd9c04d3ad9d,"DESC-SEVERAL MEMBER CRITICISE FACT THAT X-WE BE WORK ON BASIS MANDATE GO DESC-BACK TO 199THI APPLY TO ALL AREA TO BE COVER BY AGREEMENT , INCLUDE AGRICULTURE .","several members criticised the fact that we are working on the basis of a mandate going back to 199this applies to all areas to be covered by the agreement , including agriculture.",29,31,0.56,GO
aslg_pc12:14d0ee684cd93593c290,X-I WOULD LIKE TO REITERATE THAT VIOLENCE AGAINST WOMAN BE PRIORITY AREA FOR SWEDISH PRESIDENCY X-I WOULD LIKE TO DESC-EXPRESS X-MY THANKS FOR THIS DESC-EXTREMELY DESC-IMPORTANT DEBATE .,i would like to reiterate that violence against women is a priority area for the swedish presidency I would like to express my thanks for this extremely important debate .,33,29,0.833333,WOMAN
aslg_pc12:067d2695d5af5b6b2cdd,"IF EUROPEAN UNION WANT TO PLAY DESC-EFFECTIVE PEACEKEEPING ROLE , X-IT NEED TO ACT DESC-NOW .","if the european union wants to play an effective peacekeeping role , it needs to act now .",17,16,0.733333,PLAY
aslg_pc12:112dbde125914f223789,X-WE BE ALL DESC-FAMILIAR WITH STORY ABOUT MISTREATMENT WOMAN BY TALIBAN .,we are all familiar with the stories about mistreatment of women by the taliban .,13,14,0.615385,WOMAN
aslg_pc12:f06f149cbb5167b24cf7,"WITHOUT THAT FREEDOM CIRCULATION , X-WE BE DESC-NOT GO TO HAVE EUROPE .","without that freedom of circulation , we are not going to have a europe .",13,13,0.692308,GO
aslg_pc12:5c755bdcdea67e061ce9,THIS MEAN PROVIDE FOOD FOR 70 MILLION MORE PEOPLE EVERY YEAR .,this means providing food for 70 million more people every year .,10,10,0.8,FOOD
aslg_pc12:9222c637769db093e716,DESC-AGRICULTURAL SECTOR DESC-REFORE HAVE LEAD ROLE TO PLAY IN CLIMATE AND DESC-ENVIRONMENTAL PROTECTION .,the agricultural sector therefore has a leading role to play in climate and environmental protection .,16,15,0.714286,PLAY
aslg_pc12:5072bf9781092ec1a36f,"DESC-MOREOVER , DESC-RE BE DESC-STILL DESC-MUCH THAT CAN GO DESC-WRONG .","moreover , there is still much that can go wrong .",14,9,0.7,GO
aslg_pc12:e3ba5c1039e717454364,"MR PRESIDENT , YESTERDAY , X-I BE ASK TO GIVE THREE REASON WHY PEOPLE SHOULD VOTE AGAINST THIS REPORT .","mr president , yesterday , I was asked to give three reasons why people should vote against this report .",18,17,0.777778,YESTERDAY
aslg_pc12:5c40dbe57e5280d94113,"FISHING BE DESC-IMPORTANT FOR FOOD , AND DESC-ALSO ENSURE VARIETY JOB .","fishing is important for food , and also ensures a variety of jobs .",12,12,0.636364,FOOD
aslg_pc12:ffebf9b1a2556b5470bd,X-I DESC-FIRMLY BELIEVE THAT X-WE CAN PROTECT CHILD FROM TRAFFICKING DESC-ONLY IF X-WE COOPERATE WITH PARENT .,i firmly believe that we can protect children from trafficking only if we cooperate with parents .,21,16,0.764706,CHILD
aslg_pc12:b8fa15ef2b60b872e0bb,CAR INDUSTRY CAN DESC-NOT COPE WITH REGULATION THAT X-WE HAVE ENFORCE .,the car industry cannot cope with the regulations that we have enforced .,13,12,0.538462,CAR
aslg_pc12:541980bc8012da9d26cd,"AS BE SAY YESTERDAY , BOSNIUM AND HERZEGOVINA , AND ALBANIUM WILL DESC-NOT BE FORGET .","as was said yesterday , bosnia and herzegovina , and albania will not be forgotten .",14,13,0.583333,YESTERDAY
aslg_pc12:1d73359f4752136fb1bc,X-I DESC-ALSO HOPE THAT X-WE WILL HAVE MORE WOMAN IN EUROPEAN PARLIAMENT AND IN TOP EU POST .,i also hope that we will have more women in the european parliament and in top eu posts .,20,18,0.777778,WOMAN
aslg_pc12:55727db64293c0a0ada9,"DESC-INSTEAD , X-WE MUST TAKE DESC-DIRECT ACTION TO FORCE CAR MAKER TO INVEST IN INNOVATION .","instead , we must take direct action to force car makers to invest in innovation .",17,14,0.8,CAR
aslg_pc12:55b8bcdd8f58a70d1a70,X-WE NEED TO GO DESC-FURR DESC-NOW BY POOL X-WE RESOURCE AND ORGANISE DESC-COMMON RETURN FLIGHT FINANCE BY FRONTEX .,we need to go further now by pooling our resources and organising common return flights financed by frontex .,23,18,0.555556,GO
aslg_pc12:08fc1209bf4da07f8826,"TODAY , THAT DESC-PREDATORY PROCEDURE RUN TO TEN MILLION EURO AND BE RUIN DESC-NEW MEMBER STATE .","today , that predatory procedure runs to tens of millions of euros and is ruining new member states .",17,17,0.5,RUN
aslg_pc12:d35acb789a34da6a0c0c,X-IT BE DESC-PARTICULARLY DESC-REGRETTABLE THAT QUARTER THIS NUMBER 20 MILLION BE CHILD .,it is particularly regrettable that a quarter of this number 20 million are children .,14,13,0.666667,CHILD
aslg_pc12:31a5935a7b4c87aa5e5c,GO DESC-FORWARD DESC-POSITIVELY !,go forward positively !,5,3,0.75,GO
aslg_pc12:360db95bc80ee6272afd,NUMBER THOSE IN NEED OUTSIDE ASSISTANCE BE ESTIMATE AT TWO TO THREE MILLION .,the number of those in need of outside assistance is estimated at two to three million .,13,16,0.846154,OUTSIDE
aslg_pc12:c4ec3dfc213d958d9a69,"THOUSAND STUDENT BE DEMONSTRATE , X-Y BE TAKE TO STREET AND OCCUPY LECTURE ATER .","thousands of students are demonstrating , they are taking to the streets and occupying lecture theatres .",14,15,0.230769,STUDENT
aslg_pc12:c9ed2292e18a1b37cf3d,"MONTH DESC-AGO , X-I GO TO DHARAMSALUM AND X-I MEET DALAUS LAMA .","a month ago , I went to dharamsala and I met the dalai lama .",14,13,0.5,GO
aslg_pc12:f2d427994bc946c4ea40,PT RESEARCH AND TECHNOLOGY PLAY DESC-FUNDAMENTAL ROLE IN DEVELOPMENT DESC-LOW CARBON SOCIETY .,pt research and technology play a fundamental role in the development of a low carbon society .,14,16,0.923077,PLAY
aslg_pc12:defce8b057450f0b8aa2,QUALITY FOOD PRODUCT HAVE DESC-FUNDAMENTAL SIGNIFICANCE TO SAFETY FOOD FOR X-WE CITIZEN .,the quality of food products has a fundamental significance to the safety of food for our citizens .,14,17,0.538462,FOOD
aslg_pc12:dcbc9875dac29aa9d3ed,"DESC-ORWISE , X-IT WILL GO DESC-BADLY .","otherwise , it will go badly .",8,5,0.571429,GO
aslg_pc12:3c3f8fbfe726bdf3a502,X-WE HAVE DESC-HUGE RESPONSIBILITY TO ENSURE THAT X-WE CHILD BE DESC-NOT MAKE DESC-UNWELL OR PUT AT RISK .,we have a huge responsibility to ensure that our children are not made unwell or put at risk .,22,18,0.722222,CHILD
aslg_pc12:02fbc0c70a333537bf4f,SE TWO ME BE DESC-INTIMATELY LINK .,these two themes are intimately linked .,7,6,0.285714,ME
aslg_pc12:b059fa3341bd6c148c4e,X-IT BE DISTURB THAT SOME MEMBER STATE HAVE DESC-NOT IMPLEMENT ALL DESC-RELEVANT DESC-INTERNATIONAL CONVENTION FOR PROTECTION CHILD .,it is disturbing that some member states have not implemented all relevant international conventions for the protection of children .,21,19,0.578947,CHILD
aslg_pc12:58e4ceec74b595793aeb,"DESC-AGAIN , THIS BE DESC-JUST START AND LET X-WE GO FOR X-IT .","again , this is just a start and let us go for it .",15,12,0.692308,GO
aslg_pc12:ba60f84e1c7cc8625a16,"DESC-THIRDLY , THIS DIRECTIVE BE DESC-TOO CAR ORIENT .","thirdly , this directive is too car oriented .",9,7,0.625,CAR
aslg_pc12:d5b7e0e96dd0ed39369f,IN DESC-GENERAL X-WE THINK THAT DESC-RE BE DESC-VISIBLE PROGRESS AND X-WE BE GO TO SUPPORT GRANT COMMISSION DISCHARGE .,in general we think that there is visible progress and we are going to support granting the commission discharge .,23,19,0.666667,GO
aslg_pc12:c4c883cd81d17faef24d,X-WE NEED TO GO DESC-FURR THAN THAT .,we need to go further than that .,9,7,0.666667,GO
aslg_pc12:701adda35f6863578a9e,"CHILDCARE FACILITY DESC-ALSO CONTRIBUTE TO CHILD X-POSS DEVELOPMENT , COURSE .","childcare facilities also contribute to children's development , of course .",11,9,0.545455,CHILD
aslg_pc12:f053a8c6a7ed5fb5ad27,X-IT BE RESPONSE TO OPPORTUNITY OFFER TO EUROPEAN FILM INDUSTRY BY DESC-NEW MARKET OUTSIDE EUROPE .,it is a response to the opportunities offered to the european film industry by new markets outside europe .,17,18,0.625,OUTSIDE
aslg_pc12:bbe7b986a854507b6613,PROTECT DESC-NOT PROTECTIONISMUS DESC-VERY DESC-BIG ME DISCUSSION .,protect not protectionismis a very big theme of the discussions .,10,10,0.5,ME
aslg_pc12:ceba3ef5c69fcd34b2f0,DESC-RIGHT CAN DESC-NOT BE BUY OR SELL IN DESC-FREE SOCIETY .,a right cannot be bought or sold in a free society .,13,11,0.545455,BUY
aslg_pc12:0f7fbd9bc1ba77d25a98,"DESC-MOREOVER , CLASS TYRE BE MORE COST DESC-EFFECTIVE IN DESC-LONG RUN .","moreover , an a class tyre is more cost effective in the long run .",13,13,0.818182,RUN
aslg_pc12:44654ff073142722318c,"DESC-NOW , THAT BE EUROPEAN THINK AND DESC-TOGER X-WE BE GO DESC-AHEAD WITH MENNEKESSIX POLE PLUG .","now , that is european thinking and together we are going ahead with mennekessix pole plug .",19,15,0.625,GO
aslg_pc12:a9bb49b4464b413bb88c,"ABOVE ALL , X-WE DESC-WELCOME FACT THAT WOMAN HAVE BE ELECT .","above all , we welcome the fact that a woman has been elected .",12,12,0.583333,WOMAN
aslg_pc12:4cbcd48a098c7c88d1b5,X-I THINK X-IT BE DESC-MUCH MORE SENSIBLE THAT EVERYBODY HAVE ROLE TO PLAY .,i think it is much more sensible that everybody has a role to play .,16,14,0.733333,PLAY
aslg_pc12:9bf0ec508b488cfdf754,AROUND 30 % ALL THOSE IN SELF EMPLOYMENT IN EU BE WOMAN .,around 30 % of all those in self employment in the eu are women .,10,12,0.777778,WOMAN
aslg_pc12:0369e31beb1a5d066e77,WHAT THIS BE DESC-NOT ABOUT BE GO FORTHREE STRIKE AND X-YOU RE OUT .,what this was not about was going forthree strikes and you re out.,15,13,0.642857,GO
aslg_pc12:69b4042f475e526451cd,X-I WOULD LIKE TO REFLECT ON PE CAMPAIGNPUT CHILD DESC-FIRST .,i would like to reflect on the pes campaignput the children first.,12,12,0.666667,CHILD
aslg_pc12:bf7d132b740011cd7356,THIS BE DESC-FUNDAMENTAL IMPORTANCE IN TERM SAFEGUARD FOOD PRODUCTION .,this is of fundamental importance in terms of safeguarding food production .,10,11,0.6,FOOD
aslg_pc12:6af88245118884eb74d9,X-WE WANT PEOPLE TO BE DESC-ABLE TO DESC-LIVE IN HOUSE X-Y BUY .,we want the people to be able to live in the houses they bought .,16,14,0.615385,BUY
aslg_pc12:d99bae3aac9534f036f6,"THIS OPTION BE PROPOSE AT ONE POINT BY DESC-PRIME MINISTER VEJJAJIVA , DESC-N REJECT BY RED SHIRT .","this option was proposed at one point by prime minister vejjajiva , then rejected by thered shirts.",18,16,0.5625,RED
aslg_pc12:9b20d0e6a31bcfdaa454,DEBATE ON DESC-COMMON PATENT FOR DESC-ENTIRE UNION HAVE BE GO ON FOR DESC-LONG TIME .,debate on a common patent for the entire union has been going on for a long time .,17,17,0.692308,GO
aslg_pc12:076db6757c4a2bb1af18,WHAT X-WE DESC-ALREADY AGREE UPON DESC-RAR BE PRINCIPLE AND THING THAT GO WITHOUT SAY .,what we already agree upon rather are principles and things that go without saying .,17,14,0.5625,GO
aslg_pc12:15c84780eaa7ed18b6f0,"AS X-I SAY YESTERDAY , ALL NOMINATION FOR COMMISSION HAVE DESC-NOW BE MAKE .","as I said yesterday , all the nominations for the commission have now been made .",14,14,0.571429,YESTERDAY
aslg_pc12:d7ccc6e09ddbada8d8a5,X-WE CITIZEN EXPECT THOSE RULE PLAY TO BE ADHERE TO .,our citizens expect those rules of play to be adhered to .,11,11,0.5,PLAY
aslg_pc12:0f1e9d4926191df7f19c,X-ITS IMPLEMENTATION WILL GET X-WE WHERE X-WE NEED TO GO .,its implementation will get us where we need to go .,13,10,0.9,GO
aslg_pc12:3b1d0d1d663707df01df,"DESC-THUS , DO EUROPEAN POLICY GO FROM BE DESC-UNTHINKABLE TO DESC-INEVITABLE WITHOUT ANY INTERVENE STAGE ?","thus , do european policies go from being unthinkable to inevitable without any intervening stage ?",17,14,0.733333,GO
aslg_pc12:5fa608a24e2aa858c636,FOOD SHORTAGE AND DESC-NEW PRESS LAW HAVE MAKE FOR RENEW TENSION .,a food shortage and a new press law have made for renewed tension .,12,13,0.75,FOOD
aslg_pc12:f5ce208569102095e644,NUMBER DESC-OPERATIONAL DIFFICULTY HAVE LEAD TO SPECIFIC PROBLEM IN GET SI IUS DESC-UP AND RUN .,a number of operational difficulties have led to specific problems in getting sis ii up and running .,17,17,0.5,RUN
aslg_pc12:4a5bbc82c78257534613,BE X-WE DESC-READY TO DISCUSS DETERIORATE CONDITION WOMAN IN MUSLIM COMMUNITY IN EUROPE ?,are we ready to discuss the deteriorating conditions of women in muslim communities in europe ?,15,15,0.5,WOMAN
aslg_pc12:1ab55e984828a48f6b03,HU DESC-NEW DESC-HUNGARIAN DESC-SOCIALIST GOVERNMENT BE FORM YESTERDAY .,hu the new hungarian socialist government was formed yesterday .,11,9,0.666667,YESTERDAY
aslg_pc12:bcf7b43fd01714c5aa84,"X-WE SHOULD DESC-NOT GO DESC-ALONE ON THIS , AND EXPORT REFUND BE DESC-NOT PROBLEM .","we should not go alone on this , and export refunds are not the problem .",17,14,0.714286,GO
aslg_pc12:8fe5ddb8fe21a63daa7d,"ON DESC-OR HAND , X-Y MUST DESC-NOT ALL BE LEAVE TO GO DESC-BANKRUPT , EIR .","on the other hand , they must not all be left to go bankrupt , either .",17,14,0.6,GO
aslg_pc12:9fe24bcafc6fdf95d6a7,"DESC-UNFORTUNATELY , AS BE DESC-OFTEN CASE , X-IT BE WOMAN AND CHILD WHO PAY DESC-HIGHEST PRICE .","unfortunately , as is often the case , it is women and children who pay the highest price .",18,16,0.666667,CHILD|WOMAN
aslg_pc12:9cfd175480123a685272,"GALILEO , FOOD AID FOR AFRICA AND WAY THAT THAT BE FUND BE NO THING BEAUTY .","galileo , the food aid for africa and the way that that is funded were no things of beauty .",15,18,0.769231,FOOD
aslg_pc12:ad200283d8cfacd60a04,RAPPORTEUR DESC-ALSO INSIST ON WOMAN HAVE ACCESS DESC-FREE CHARGE TO CONSULTATION ON ABORTION .,the rapporteur also insists on women having access free of charge to consultation on abortion .,15,15,0.692308,WOMAN
aslg_pc12:c5cd02dc8742e2a66f68,IN IRELAND IN DESC-PARTICULAR X-WE HAVE GOVERNMENT RUN DESC-AWAY FROM THIS AREA .,in ireland in particular we have the government running away from this area .,15,13,0.769231,RUN
aslg_pc12:dcc5e46427b1266a44fc,X-WE HAVE LEAP DESC-FORWARD DESC-SO DESC-QUICKLY THAT X-WE COULD HAVE ADOPT THIS DIRECTIVE DESC-TONIGHT DESC-PRACTICALLY WITHOUT DEBATE .,we have leapt forward so quickly that we could have adopted this directive tonight practically without debate .,24,17,0.764706,TONIGHT
aslg_pc12:3890137c104991b98ab5,DESC-RE BE SOME SIX MILLION WOMAN IN POLAND WHO BE HOMEMAKER .,there are some six million women in poland who are homemakers .,12,11,0.545455,WOMAN
aslg_pc12:361c3749f5c0616c34c8,CHILD PORNOGRAPHY BE DESC-DELICATE SUBJECT WHICH SHOULD DESC-ALWAYS BE DESC-MAIN FOCUS FOR EUROPEAN AND DESC-NATIONAL AUTHORITY .,child pornography is a delicate subject which should always be a main focus for european and national authorities .,20,18,0.875,CHILD
aslg_pc12:1684d8b5ac8bcb99e856,X-I BE TALK ABOUT WOMAN WHO WORK IN HOME .,i am talking about women who work in the home .,10,10,0.6,WOMAN
aslg_pc12:77533ae1926e88b4d6be,THIS BE REASON WHY X-I BE GO TO BE WORK DESC-HERE IN EUROPEAN PARLIAMENT .,this is the reason why I am going to be working here in the european parliament .,16,16,0.714286,GO
aslg_pc12:3573238c4ba2caafbd6d,ROMANIAN CAR INDUSTRY HAVE DESC-ALSO BE DESC-SEVERELY AFFECT BY CRISIS .,the romanian car industry has also been severely affected by the crisis .,12,12,0.636364,CAR
aslg_pc12:f6b6ed6e0fb96be04747,"IN ADDITION , DESC-LARGE NUMBER DESC-SMALL AND MEDIUM SIZE SUPPLY COMPANY BE DESC-DEPENDENT ON CAR INDUSTRY .","in addition , a large number of small and medium sized supply companies are dependent on the car industry .",18,18,0.75,CAR
aslg_pc12:958c879d4b9ddb9966f6,X-WE DESC-NOW WANT STANDARDISE DESC-ELECTRIC CAR IN EUROPEAN UNION .,we now want a standardised electric car in the european union .,12,11,0.727273,CAR
aslg_pc12:846dc7eb4ee8325bc582,"MR PRESIDENT , WHEN X-WE LEAVE THIS PLACE THIS EVENING , MOST X-WE WILL TAKE DESC-BLACK CAR .","mr president , when we leave this place this evening , most of us will take a black car .",18,17,0.866667,CAR
aslg_pc12:fc751b431a3781e57b23,THAT BE WHY INVESTMENT IN TECHNOLOGY MUST GO HAND IN HAND WITH INVESTMENT IN PEOPLE .,that is why investment in technology must go hand in hand with investment in people .,15,15,0.909091,GO
aslg_pc12:6679e443dfd9af09c999,X-Y BE CONSTRUCT FROM TOP DESC-DOWN AND BY OUTSIDE INFLUENCE .,they were constructed from the top down and by outside influences .,12,11,0.5,OUTSIDE
aslg_pc12:cae484e485daa0733404,REPORT BE DESC-UNANIMOUSLY APPROVE IN COMMITTEE ON WOMAN X-POSS RIGHTS .,the report was unanimously approved in the committee on women's rights .,12,11,0.5,WOMAN
aslg_pc12:57ce12a82cf7241a9bd1,X-SHE WILL PLAY DESC-CRITICAL ROLE IN EUROPE X-POSS RECOVERY AND X-I WISH X-SHE DESC-WELL WITH THIS .,she will play a critical role in europe's recovery and I wish her well with this .,22,16,0.764706,PLAY
aslg_pc12:cc869251003bfe1e52ec,"DESC-HOWEVER , TRANSFER AGGREGATE DATUM BE DESC-CERTAINLY GO DESC-OVERBOARD .","however , the transfer of aggregate data is certainly going overboard .",11,10,0.555556,GO
aslg_pc12:765a63771fa2bb39da7d,"COMMISSION HAVE GO SOME WAY TOWARDS THIS WITH X-ITS HANDBOOK , BUT X-IT NEED TO BE APPLY .","the commission has gone some way towards this with its handbook , but it needs to be applied .",18,17,0.705882,GO
aslg_pc12:3ef8bddec3c8c0935d3c,X-IT HAVE PROVE X-ITS WORTH IN DESC-MANY COUNTRY WHERE OPERATION RUN DESC-SMOOTHLY .,it has proved its worth in many countries where operations run smoothly .,16,12,0.571429,RUN
aslg_pc12:6aab782351eed6ff3630,ONE DESC-ILLUSTRATIVE ELEMENT BE MEASURE ANNOUNCE DESC-RECENTLY FOR CAR .,one illustrative element is the measures announced recently for cars .,11,10,0.5,CAR
aslg_pc12:f436bbb396fa79dc783e,X-WE ALL KNOW THAT CAR INDUSTRY BE HAVE SOME DESC-SERIOUS DESC-FINANCIAL PROBLEM .,we all know that the car industry is having some serious financial problems .,15,13,0.642857,CAR
aslg_pc12:fa1f8f867ee7fc5a0c4d,"DESC-MODERN DAY SLAVERY TAKE FORM SEX TRADE , AND X-IT BE GO ON DESC-HERE AND DESC-NOW .","modern day slavery takes the form of the sex trade , and it is going on here and now .",19,18,0.6875,GO
aslg_pc12:25e75e8ecdaa7dfff9fb,X-Y BE SCARE ORGANIZATION DESC-AWAY FROM EMPLOY WOMAN .,they are scaring organisations away from employing women .,10,8,0.2,WOMAN
aslg_pc12:302f037cbcac85789a7b,FACILITY FOR DESC-RAPID RESPONSE TO SOAR FOOD PRICE IN DEVELOP COUNTRY,facility for rapid response to soaring food prices in developing countries,12,11,0.583333,FOOD
aslg_pc12:0d87e89f37c5921cd319,"WHEN X-WE SPEAK DESC-REGIONAL IDENTITY IN EUROPEAN UNION , X-IT GO WITHOUT SAY THAT X-WE INVOKE CULTURE .","when we speak of regional identity in the european union , it goes without saying that we invoke culture .",20,18,0.764706,GO
aslg_pc12:406f9f9decd43845b929,"MADAM PRESIDENT , SOMETHING MUST BE DO ABOUT DESC-SHOCKING SUBORDINATION SE WOMAN .","madam president , something must be done about the shocking subordination of these women .",12,13,0.666667,WOMAN
aslg_pc12:0be3aa670bc64d4f0f6d,X-IT DESC-ALSO MAKE OPPORTUNITY FOR CHILD TRAFFICKING MORE DESC-DIFFICULT .,it also makes the opportunity for child trafficking more difficult .,12,10,0.727273,CHILD
aslg_pc12:b1468c50559a41f6457b,CHILD HAVE DESC-RIGHT TO SPEAK WITH X-Y PARENT IN X-Y MOR TONGUE .,children have the right to speak with their parents in their mother tongue .,15,13,0.538462,CHILD
aslg_pc12:ac93f470fe26721da15e,X-I HAVE VOTE IN FAVOR ANGELILLUS REPORT BECAUSE X-IT WILL IMPROVE PROTECTION FOR X-WE CHILD .,i have voted in favour of the angelilli report because it will improve the protection for our children .,18,18,0.625,CHILD
aslg_pc12:7967b63a1e367b7c70a5,MAN AND WOMAN SHOULD HAVE DESC-SAME CHANCE DESC-PHYSICAL INTEGRITY .,men and women should have the same chance of physical integrity .,11,11,0.7,WOMAN
aslg_pc12:5ac28cda073a3ffc5576,THAT BE DESC-IMPORTANT STEP FOR DESC-COMPREHENSIVE GUARANTEE FOOD SAFETY .,that is an important step for a comprehensive guarantee of food safety .,11,12,0.8,FOOD
aslg_pc12:e78ceaab4eaa349e39e8,"DESC-ALSO , CREDIT RATING AGENCY BE DESC-NOW GO TO BE REGULATE .","also , credit rating agencies are now going to be regulated .",12,10,0.6,GO
aslg_pc12:744ec707ae1f15248e3f,"RISK , AS X-WE ALL KNOW AND ACCEPT , BE PART RUN BUSINESS .","risk , as we all know and accept , is part of running a business .",12,13,0.75,RUN
aslg_pc12:18035d8e22ea05c658e9,TODAY DESC-RE BE NO DESC-PERMANENT EMPLOYMENT OUTSIDE GOVERNMENT STRUCTURE EVERYBODY WORK ON ONE YEAR CONTRACT DESC-ONLY .,today there is no permanent employment outside government structures everybody works on one year contracts only .,19,16,0.647059,OUTSIDE
aslg_pc12:3e345b60f989f39248c7,THIS STRATEGY WILL HAVE DESC-EFFECTIVE DESC-EXTERNAL DIMENSION IN WHICH TRADE POLICY PLAY KEY ROLE .,this strategy will have an effective external dimension in which trade policy plays a key role .,16,16,0.866667,PLAY
aslg_pc12:cce775804c2efbf7388a,SK DEMONSTRATION IN THAILAND HAVE DESC-UNFORTUNATELY BE GO ON FOR DESC-SEVERAL WEEK DESC-NOW .,sk the demonstrations in thailand have unfortunately been going on for several weeks now .,16,14,0.642857,GO
aslg_pc12:c76a946758f9f290ef8d,"DESC-OBVIOUSLY , DESC-SIMILARLY TO DESC-LAST YEAR , X-WE BE GO TO BUDGET FOR DESC-GREATEST SECURITY FOR X-WE CITIZEN .","obviously , similarly to last year , we are going to budget for the greatest security for our citizens .",22,17,0.666667,GO
aslg_pc12:0c9d8f617e560ef408dc,X-WE HAVE VOTE AGAINST THIS REPORT ON FOOD PRICE IN EUROPE .,we have voted against this report on food prices in europe .,12,11,0.75,FOOD
aslg_pc12:b4219ffef51566ba2700,EVERY CHILD HAVE DESC-RIGHT TO EDUCATION .,every child has a right to education .,7,7,0.714286,CHILD
aslg_pc12:5da590b03933ff7cd37f,WORKFORCE THAT X-WE BE TALK ABOUT BE DESC-MOSTLY MAKE DESC-UP WOMAN AND X-Y HAVE DESC-PREVIOUSLY BE DESC-INVISIBLE .,the workforce that we are talking about is mostly made up of women and they have previously been invisible .,23,19,0.588235,WOMAN
aslg_pc12:c694ee734b0bd8cff632,"FUTURE FOR THOSE WHO BE CHILD DESC-RIGHT DESC-HERE , DESC-RIGHT DESC-NOW TODAY BE DESC-COMPLETELY DESC-UNCERTAIN .","the future for those who are children right here , right now today is completely uncertain .",20,15,0.769231,CHILD
aslg_pc12:6fb7fb40cef3a3c54dac,"PL MR PRESIDENT , ALL CHILD HAVE DESC-RIGHT TO LOVE BOTH X-Y PARENT .","pl mr president , all children have the right to the love of both their parents .",14,15,0.642857,CHILD
aslg_pc12:fd58cc370775f1c5ceff,X-I WOULD ASK COMMISSION TO VIEW THIS ISSUE FOR MOMENT FROM CHILD X-POSS POINT VIEW .,i would ask the commission to view this issue for a moment from a child's point of view .,17,18,0.8,CHILD
aslg_pc12:ab1a1fde3ab9117bd7cf,"X-WE MUST STOP THIS DESC-INSANE PROCESS BY OFFER X-WE CITIZEN QUALITY , DESC-LOCALLY PRODUCE FOOD .","we must stop this insane process by offering our citizens quality , locally produced food .",18,14,0.666667,FOOD
aslg_pc12:478e4c00517e59baafcd,"DESC-OR DAY IN COMMITTEE , X-WE LEARN FOOD AND DESC-VETERINARY OFFICE X-POSS REPORT .","the other day in committee , we learnt of the food and veterinary office's report .",16,14,0.571429,FOOD
aslg_pc12:280a0e1f9cc86b0b6c62,WOMAN BE AMONG MOST DESC-VULNERABLE TO IMPACT CLIMATE CHANGE .,women are among the most vulnerable to the impact of climate change .,10,12,0.7,WOMAN
aslg_pc12:158b0010b90ec2b65ada,X-I THINK THAT DESC-USUAL EXERCISE BRUSSELS BASH GO DESC-TOO DESC-FAR DESC-SOMETIMES .,i think that the usual exercise of brussels bashing goes too far sometimes .,16,13,0.692308,GO
aslg_pc12:95da9ff77abc5da7448f,"X-I REPEAT , INFORMATION SHOULD HAVE BE PASS TO X-WE YESTERDAY , BEFORE DESC-JOINT RESOLUTION BE DEBATE .","i repeat , the information should have been passed to us yesterday , before the joint resolution was debated .",18,17,0.625,YESTERDAY
aslg_pc12:186a9a79602d466c9650,"THIS COUNTRY , MAURITANIUM , BE TODAY GO THROUGH DESC-VERY DESC-SERIOUS DESC-POLITICAL CRISIS .","this country , mauritania , is today going through a very serious political crisis .",14,12,0.666667,GO
aslg_pc12:e931c754f00c51753aa7,"X-I WOULD DESC-ALSO REMIND HOUSE EUROPEAN ROADMAP FOR EQUALITY BETWEEN MAN AND WOMAN 2006 DESC-UNFORTUNATELY , DISCRIMINATION DESC-STILL EXIST AND ONE DESC-VULNERABLE CATEGORY X-I SHOULD LIKE TO MENTION BE THAT DESC-NEW MOR .","i would also remind the house of the european roadmap for equality between men and women 2006 unfortunately , discrimination still exists and one vulnerable category I should like to mention is that of new mothers .",37,34,0.766667,WOMAN
aslg_pc12:e9695c641f5ed6aad76f,"X-I THINK SPANISH PRESIDENCY BE DESC-VERY DESC-CONCERNED , FOR EXAMPLE , ABOUT ROLE WOMAN IN AGRICULTURE .","i think the spanish presidency is very concerned , for example , about the role of women in agriculture .",17,17,0.75,WOMAN
aslg_pc12:7ebc52281cfd834bc24f,THAT BE DUTY WHICH BE BEAR FREEDOM TO COME AND GO .,that is the duty which is born of the freedom to come and go .,11,14,0.8,GO
aslg_pc12:a3caa8b9705cde91a3d4,DESC-STRUCTURAL PROBLEM X-OURS HAVE BE THAT PUBLIC OVERSPENDING GO ON FOR DESC-TOO DESC-LONG .,the structural problem of ours has been that public overspending went on for too long .,17,15,0.666667,GO
aslg_pc12:8db7e09c964262297bc7,"CRISIS SHOULD BE USE AS CATALYST FOR DESC-ECONOMIC RESTRUCTURING , AND DESC-NOT DESC-JUST IN CAR INDUSTRY .","the crisis should be used as a catalyst for economic restructuring , and not just in the car industry .",18,18,0.875,CAR
aslg_pc12:8e316322d5f49f81a7ae,EXTRACTION DESC-SOLVENT USE IN PRODUCTION FOODSTUFF AND FOOD INGREDIENT RECAST VERSION,extraction solvents used in the production of foodstuffs and food ingredients recast version,12,13,0.583333,FOOD
aslg_pc12:c996c7ba40b9b45fb128,"IN ORDER TO EXPLOIT THAT POTENTIAL , DESC-HOWEVER , GOVERNMENT MUST FORCE AND ASSIST CAR MAKER TO INVEST IN INNOVATION .","in order to exploit that potential , however , governments must force and assist car makers to invest in innovation .",19,18,0.823529,CAR
aslg_pc12:e57d23c146398686a402,DESC-ELECTRIC CAR DEBATE,electric cars debate,4,3,0.5,CAR
aslg_pc12:b01554ce4832b55da770,"DESC-HOWEVER , X-WE SEE NO REASON FOR EU TO RUN DESC-UP X-ITS FLAG ON DESC-NAVAL OPERATION .","however , we see no reason for the eu to run up its flag on a naval operation .",20,17,0.882353,RUN
aslg_pc12:7d0625df3e945ef1faa8,"FOR PURPOSE ILLUSTRATION , THIS BE EQUIVALENT TO REMOVE 1 MILLION CAR FROM EU ROAD .","for the purposes of illustration , this is equivalent to removing 1 million cars from eu roads .",13,15,0.615385,CAR
aslg_pc12:79694d96a8cf19a05d46,LEADER EUROPEAN STATE PRETEND THAT NOTHING BE GO ON .,the leaders of european states pretend that nothing is going on .,9,11,0.555556,GO
aslg_pc12:f633c8e79aad97cd2383,"CHILD EXPLOITATION , INCLUDE DESC-SEXUAL EXPLOITATION CHILD , BE AMONG SOCIETY X-POSS DESC-BIGGEST DESC-ILL .","child exploitation , including the sexual exploitation of children , is among society's biggest ills .",16,13,0.416667,CHILD
aslg_pc12:c38a5bb1863a0e56ac6e,X-WE BE IN CRISIS BECAUSE X-WE HAVE RUN OUT MONEY .,we are in a crisis because we have run out of money .,12,12,0.8,RUN
aslg_pc12:7477f7e82d31440d13ef,"ONE GET IMPRESSION THAT RUSSIUM BE PLAY GAME WITH TANK , GAS PIPELINE , INFORMATION AND MISINFORMATION DESC-BRILLIANTLY .","one gets the impression that russia is playing games with tanks , gas pipelines , information and misinformation brilliantly .",17,17,0.529412,PLAY
aslg_pc12:c93f5c2b5822d90c8c17,EUROPOL DESC-ALSO HAVE DESC-CRUCIAL ROLE TO PLAY .,europol also has a crucial role to play .,9,8,0.75,PLAY
aslg_pc12:b0b85ab191e9cd83f8bf,X-I HAVE DESC-FULL CONFIDENCE IN WHAT X-YOU BE GO TO DO .,i have full confidence in what you are going to do .,14,11,0.692308,GO
aslg_pc12:de4382d49ccb329eb8de,"BE X-YOU DESC-ALSO PREPARE TO ENSURE DESC-STRONGER REPRESENTATION WOMAN , DESC-PERHAPS ?","are you also prepared to ensure a stronger representation of women , perhaps ?",14,12,0.583333,WOMAN
aslg_pc12:4355fa7a733a8b3d91fd,EQUALITY BETWEEN WOMAN AND MAN IN EUROPEAN UNION 2009 DEBATE,equality between women and men in the european union 2009 debate,9,10,0.777778,WOMAN
aslg_pc12:d0fab79b432621c7b834,X-WE ALLOW MUSLIM WOMAN IN EUROPE TO HAVE NO FREEDOM TO MAKE DECISION OVER DESC-MANY AREA X-Y LIFE .,we allow muslim women in europe to have no freedom to make decisions over many areas of their lives .,21,19,0.631579,WOMAN
aslg_pc12:41dcd323ec5e76892f84,"OUTSIDE EU , DESC-FINANCIAL AID FOR PALESTINE BE TO BE CUT .","outside the eu , financial aid for palestine is to be cut .",11,11,0.9,OUTSIDE
aslg_pc12:97370866f58dae7d747a,X-WE DESC-ALSO HAVE TO ENSURE THAT WOMAN BE DESC-ABLE TO FIND EMPLOYMENT AND WORK ON DESC-EQUAL TERM .,we also have to ensure that women are able to find employment and work on equal terms .,21,17,0.722222,WOMAN
aslg_pc12:abee64320aabf93e16ef,"DESC-FURRMORE , PRESIDENT LUKASHENKO DECIDE TO LEAVE MINSK AND DESC-SO MR FERRERO WALDNER X-POSS VISIT COULD DESC-NOT GO DESC-AHEAD .","furthermore , president lukashenko decided to leave minsk and so mrs ferrero waldner's visit could not go ahead .",23,17,0.65,GO
aslg_pc12:647790838586ea86451e,EU AS WHOLE CAN PLAY DESC-SIGNIFICANT ROLE AND X-IT BE DETERMINE TO DO DESC-SO .,the eu as a whole can play a significant role and it is determined to do so .,17,17,0.75,PLAY
aslg_pc12:6b520eba1e60cd317755,DESC-MAIN REASON BE THAT X-WE HAVE SPEND BEYOND X-WE MEANS AND RUN DESC-UP CREDIT .,the main reason is that we have spent beyond our means and run up credit .,18,15,0.733333,RUN
aslg_pc12:8e3fc3df45309a8622d8,AIM BE DESC-NOT TOFORCEPARENT TO SEND X-Y CHILD TO SE FACILITY .,the aim is not toforceparents to send their children to these facilities .,13,12,0.333333,CHILD
aslg_pc12:e8102fedab01416caac5,"IF X-WE BE GO TO MENTION DESC-NEGATIVE HEADLINE , X-WE SHOULD MENTION DESC-GOOD ONE AS DESC-WELL .","if we are going to mention the negative headlines , we should mention the good ones as well .",20,17,0.6,GO
aslg_pc12:35d2a6d5072c1be3240d,"IN DESC-PRIVATE SECTOR , WOMAN BE DESC-MUCH DESC-BETTER REPRESENT , WITH DESC-THIRD X-Y .","in the private sector , women are much better represented , with a third of them .",16,14,0.538462,WOMAN
aslg_pc12:d0ebb23aef98334f4744,DESC-ELECTRIC CAR,electric cars,3,2,0.333333,CAR
aslg_pc12:0aa3d6f36b9e5920ccc0,DESC-LONG TERM FOOD SECURITY BE ONE DESC-CENTRAL CHALLENGE DESC-COMMON DESC-AGRICULTURAL POLICY .,long term food security is one of the central challenges of the common agricultural policy .,15,15,0.75,FOOD
aslg_pc12:6aca60c5d7f750d7a0f2,"IN IRELAND DESC-LAST YEAR , 1 947 WOMAN AND 3 269 CHILD BE ADMIT TO REFUGE .","in ireland last year , 1 947 women and 3 269 children were admitted to refuges .",12,11,0.5,CHILD|WOMAN
aslg_pc12:5faf91346ddbbc53266f,"VOTE WILL TAKE PLACE ON THURSDAY , 26 NOVEMBER DESC-200FAO WORLD SUMMIT ON FOOD SECURITY ERADICATE HUNGER FROM FACE EARTH DEBATE","the vote will take place on thursday , 26 november 200fao world summit on food security eradicating hunger from the face of the earth debate",20,23,0.894737,FOOD
aslg_pc12:be99254a20df594c373f,X-I AGREE WITH X-YOU DESC-COMPLETELY ABOUT WOMAN .,i agree with you completely about women .,10,7,0.666667,WOMAN
aslg_pc12:8e4df9734ef417dba2c3,AT DESC-LEAST THREE FACTOR BE DESC-SIMULTANEOUSLY AT PLAY .,at least three factors are simultaneously at play .,10,8,0.625,PLAY
aslg_pc12:11ec83e656232d0b0284,"DO X-WE WANT X-WE DESC-OWN EUROPEAN TFTP , AND HOW WILL X-WE GO ABOUT ACHIEVE THAT ?","do we want our own european tftp , and how will we go about achieving that ?",19,15,0.8,GO
aslg_pc12:8246eef1b00f22b804ae,X-WE DESC-ALSO NEED DESC-SPECIAL INVESTMENT AND DESC-ADDITIONAL RESOURCE FOR TEACHER TRAINING AND DESC-ENTIRE DESC-EDUCATIONAL SYSTEM .,we also need special investment and additional resources for teacher training and the entire educational system .,21,16,0.8125,TEACHER
aslg_pc12:5e0ce3cb2ebac4e01e4a,"BE X-WE DESC-READY TO RELEASE DESC-MILITARY RESOURCE , DESC-NOT TO GO TO WAR , BUT TO GUARANTEE PEACE ?","are we ready to release the military resources , not to go to war , but to guarantee peace ?",20,17,0.733333,GO
aslg_pc12:7d96b959c9a3d75586f9,"DESC-ONLY YESTERDAY , PARLIAMENT BE VOTE FOR AID TO BE GRANT UNDER EUROPEAN GLOBALISATION ADJUSTMENT FUND .","only yesterday , parliament was voting for aid to be granted under the european globalisation adjustment fund .",16,16,0.8,YESTERDAY
aslg_pc12:ad3f9aa0b5f445a2b25d,"BUT , COMMISSIONER , X-YOU DESC-NOW HAVE RESPONSIBILITY TO GO DESC-BACK AND DO RESEARCH ON ALTERNATIVE .","but , commissioner , you now have a responsibility to go back and do the research on the alternatives .",17,17,0.8125,GO
aslg_pc12:26a4ba0a163a01979e4a,WOMAN PLAY DESC-ESSENTIAL ROLE IN SUSTAIN SELF EMPLOY BUSINESS AS OWNER AND ASSIST SPOUSE OR LIFE PARTNER .,women play an essential role in sustaining self employed businesses as owners and assisting spouses or life partners .,18,18,0.5,PLAY|WOMAN
aslg_pc12:33aafad200905968d425,"WOMAN BE DESC-BETTER EDUCATE , BUT X-Y DO DESC-NOT GAIN PROMOTION .","women are better educated , but they do not gain promotion .",13,10,0.5,WOMAN
aslg_pc12:3ce75f842fa54edc7600,X-I WILL GO INTO DETAIL DESC-ONCE MORE DESC-SHORTLY .,i will go into the details once more shortly .,11,9,0.7,GO
aslg_pc12:41f8f38aaab036bd1108,X-WE OWE THIS TO X-WE CHILD AND GRANDCHILD .,we owe this to our children and grandchildren .,10,8,0.625,CHILD
aslg_pc12:d9f018b2be1d2a6599a0,X-IT BE DESC-NOT DESC-NECESSARY TO BUY CD FROM SWITZERLAND DESC-RE BE ANOR WAY TO GO ABOUT THIS .,it is not necessary to buy cds from switzerland there is another way to go about this .,21,17,0.647059,BUY|GO
aslg_pc12:1b220bc38a3d8aac2f1a,X-IT BE DESC-UNDENIABLE THAT MEDITERRANEAN FOOD BE PART DESC-HISTORICAL AND DESC-CULTURAL HERITAGE X-WE CONTINENT .,it is undeniable that mediterranean food is part of the historical and cultural heritage of our continent .,19,17,0.733333,FOOD
aslg_pc12:5c03424e78619a74b6ae,"DESC-FINALLY , X-IT GO WITHOUT SAY THAT SAFETY BE DESC-ESSENTIAL .","finally , it goes without saying that safety is essential .",12,9,0.545455,GO
aslg_pc12:42ba52d5072701356c1f,X-WE HAVE GO THROUGH PERIOD DESC-ENORMOUS DESIRE FOR CONSUMPTION .,we have gone through a period of enormous desire for consumption .,11,11,0.727273,GO
aslg_pc12:c432f28ba4fd51898379,"DESC-HOWEVER , VIOLENCE AGAINST WOMAN START IN HOME .","however , violence against women starts in the home .",8,8,0.625,WOMAN
aslg_pc12:21f85dc64899bc635567,X-I ABSTAIN FROM VOTE ON MR TAKKULUM X-POSS REPORT ON EDUCATE CHILD MIGRANT .,i abstained from voting on mr takkula's report on educating the children of migrants .,15,14,0.384615,CHILD
aslg_pc12:a509f947193cf17f6fe1,THIS HAVE GO ON FOR 35 YEAR .,this has gone on for 35 years .,6,6,0.5,GO
aslg_pc12:9bb96f49924e0cf9f9bf,"COUNTRY AFTER COUNTRY INTRODUCE DUTY , DESC-QUANTITATIVE RESTRICTION , BUY DOMESTICRULE AND COMPETE DEVALUATION .","country after country introduced duties , quantitative restrictions ,buy domesticrules and competing devaluations .",13,12,0.416667,BUY
aslg_pc12:6d4769612d0a4e08e1c1,THIS BE DESC-ACTUALLY ABOUT RIGHTS AND PROTECTION CHILD AND DESC-YOUNG PEOPLE .,this is actually about the rights and the protection of children and young people .,13,14,0.727273,CHILD
aslg_pc12:7a798e53ca835b6b6545,X-WE REGRET THAT RESOLUTION PASS DO DESC-NOT GO DESC-FAR DESC-ENOUGH IN DEFEND HAITUS AND X-ITS PEOPLE .,we regret that the resolution passed does not go far enough in defending haiti and its people .,21,17,0.666667,GO
aslg_pc12:5468833f4a6ed8fd10c7,SE BE SUBSTANCE THAT IMPAIR DEVELOPMENT CHILD X-POSS BRAIN .,these are substances that impair the development of children's brains .,10,10,0.3,CHILD
aslg_pc12:d76d9b417c2d976c8c02,DESC-RE BE DESC-ALWAYS CONSEQUENCE WHEN X-WE GO AGAINST NATURE .,there are always consequences when we go against nature .,12,9,0.545455,GO
aslg_pc12:5ed1989d1aecd9bfe36b,THIS REGULATION WILL MAKE EUROPEAN CAR DESC-SAFER .,this regulation will make european cars safer .,8,7,0.75,CAR
aslg_pc12:cb3b82e19fc3c190a008,"OVER YEAR , COHESION POLICY HAVE PLAY DESC-SIGNIFICANT ROLE IN DEVELOP AND REVITALISE DESC-IRISH ECONOMY .","over the years , the cohesion policy has played a significant role in developing and revitalising the irish economy .",16,18,0.6,PLAY
aslg_pc12:0b4b8ae446b082c831d7,"WOMAN , PEOPLE AGE OVER 45 AND DESC-YOUNG PEOPLE CONTINUE TO HAVE MOST DIFFICULTY IN FIND WORK .","women , people aged over 45 and young people continue to have the most difficulty in finding work .",16,16,0.733333,WOMAN
aslg_pc12:4bdb7bc6c1cb0e6b770d,DIVERSITY THAT CHARACTERISE X-WE AS EUROPEAN HAVE BECOME DESC-DECISIVE FACTOR IN LIFE CHILD .,the diversity that characterises us as europeans has become a decisive factor in the lives of children .,15,17,0.466667,CHILD
aslg_pc12:d0d857e92ab146d1daf9,X-IT BE THIS METHOD THAT HAVE TAKE X-WE FROM YESTERDAY X-POSS CONFLICT TO TODAY X-POSS EXCHANGE .,it is this method that has taken us from yesterday's conflicts to today's exchanges .,20,14,0.375,YESTERDAY
aslg_pc12:8157a9a3f6d3e74c91e8,DESC-NOW X-WE BE GO .,now we are going .,6,4,0.333333,GO
aslg_pc12:76b36cb6f11c0692294b,"THAT BRING X-I ON TO X-MY DESC-SECOND POINT , DESC-NAMELY WHAT ARENOVEL FOOD , DESC-ACTUALLY ?","that brings me on to my second point , namely what arenovel foods, actually ?",18,13,0.666667,FOOD
aslg_pc12:e8a67d12d4eea6cc7a29,DESC-INTERNAL MARKET BE PLAY DESC-CENTRAL ROLE IN SHORTEN AND DAMPEN RECESSION IN EUROPE .,the internal market is playing a central role in shortening and dampening the recession in europe .,15,16,0.615385,PLAY
aslg_pc12:19eb7ddec0b47e2868b1,IMPROVE QUALITY TEACHER EDUCATION,improving the quality of teacher education,4,6,0.75,TEACHER
aslg_pc12:2bb05ea2cbdee5cd75d4,"X-IT SAY THAT , UNDER INHERITANCE LAW , MAN X-POSS PORTION MUST BE DESC-DOUBLE THAT WOMAN .","it says that , under inheritance law , a man's portion must be double that of a woman .",17,16,0.666667,WOMAN
aslg_pc12:9e68ca9b581033d477d0,DESC-RE BE GO TO BE EXHIBITION ON THIS SUBJECT IN BRUSSELS .,there is going to be an exhibition on this subject in brussels .,12,12,0.727273,GO
aslg_pc12:f1e64e26ae56a48a4f13,"DESC-MANY X-Y DESC-LIVE IN DESC-POOR FAMILY WITHOUT ANY DESC-PROPER PROVISION FOR FOOD , HEALTHCARE AND EDUCATION .","many of them live in poor families without any proper provision for food , healthcare and education .",20,16,0.764706,FOOD
aslg_pc12:f91584b077b093e94bcc,X-I THINK NOTHING BE GO TO BE OMIT OR FORGET .,i think nothing is going to be omitted or forgotten .,11,10,0.6,GO
aslg_pc12:8df5b69f94f2464bb067,"DESC-NATURAL FAMILY BE SPACE FOR PROTECTION CHILD , AND PARENT BE X-Y DESC-FIRST PROTECTOR .","the natural family is the space for protection of children , and parents are their first protectors .",16,16,0.5,CHILD
aslg_pc12:7dc8bfe82affcd6b30b0,DESC-LARGE MAJORITY VICTIM DESC-HUMAN TRAFFICKING FOR PURPOSE DESC-SEXUAL EXPLOITATION BE CHILD AND DESC-ADOLESCENT .,the large majority of victims of human trafficking for the purpose of sexual exploitation are children and adolescents .,17,18,0.642857,CHILD
aslg_pc12:132d288d1c2cc6ca1994,"THOSE WHO MANAGE TO SURVIVE , DESC-MANY GO THROUGH TORMENT LAMPEDUSA .","of those who managed to survive , many went through the torments of lampedusa .",11,13,0.636364,GO
aslg_pc12:a7a953429cbc39529cba,"X-WE DO DESC-NOT HAVE ANY COMPANY THAT SIZE , BUT DESC-SMALLER ONE HAVE DESC-INDEED GO DESC-BANKRUPT .","we do not have any companies of that size , but smaller ones have indeed gone bankrupt .",20,16,0.6875,GO
aslg_pc12:bc74dca3c9d314987457,"IF X-WE CAN REDUCE DEMAND , DESC-N SUPPLY SERVICE WILL DESC-ALSO GO DESC-DOWN .","if we can reduce demand , then the supply of services will also go down .",16,14,0.714286,GO
aslg_pc12:f8c41f6e5f2fbf52ae46,X-WE WOULD DO DESC-BETTER TO REALIZE THAT WHAT AFRICA NEED BE DESC-NOT AID BUT FOOD SELF DETERMINATION .,we would do better to realise that what africa needs is not aid but food self determination .,20,17,0.736842,FOOD
aslg_pc12:c77a38f67143e03e30d8,COMMUNITY SOLIDARITY BETWEEN EUROZONE AND STATE OUTSIDE X-IT AND SOLIDARITY WITHIN EUROZONE .,community solidarity between the eurozone and the states outside it and solidarity within the eurozone .,13,15,0.8,OUTSIDE
aslg_pc12:66eccaedad52c6829fe1,X-I WOULD LIKE TO APPLAUD SUPPORT ROLE PLAY BY PARLIAMENT IN SUBMIT DRAFT DIRECTIVE .,i would like to applaud the supporting role played by parliament in submitting the draft directive .,15,16,0.733333,PLAY
aslg_pc12:82a7af776be1674915a7,"DESC-SO , DESC-CLEARLY , E MONEY HAVE DESC-LONG WAY TO GO TO BECOME DESC-SERIOUS ALTERNATIVE TO CASH .","so , clearly , e money has a long way to go to become a serious alternative to cash .",19,17,0.857143,GO
aslg_pc12:60be7d416617bbc75101,DESC-MALIGNANT TUMOR BE DESC-SECOND MOST DESC-COMMON CAUSE DEATH IN CHILD .,malignant tumours are the second most common cause of death in children .,13,12,0.636364,CHILD
aslg_pc12:ffe386ea04e746b09ae7,"X-I DESC-REFORE DESC-WELCOME STEP THAT HAVE BE TAKE DESC-HERE , BUT DESC-RE BE DESC-LONG WAY TO GO .","i therefore welcome the steps that have been taken here , but there is a long way to go .",22,18,0.588235,GO
aslg_pc12:e9af46ff3188b82481ad,"IN ADDITION , X-WE WILL NEED DESC-CLEAR COMMITMENT IN MEDIUM TERM FOR COUNTRY OUTSIDE EUROPE DESC-TOO .","in addition , we will need clear commitments in the medium term for countries outside europe too .",18,16,0.75,OUTSIDE
aslg_pc12:0cd0ce2a3ca6d2d442bf,EU CAN BE DESC-PROACTIVE BY BREAK DESC-DOWN SOME TABOO AROUND VIOLENCE AGAINST WOMAN AND MAN .,the eu can be proactive by breaking down some of the taboos around violence against women and men .,17,18,0.6875,WOMAN
aslg_pc12:c9ba508304427815d317,"X-IT BE EUROPEAN PUNISHMENT MECHANISM , WITH DESC-INTERNATIONAL DESC-MONETARY FUND PLAY DESC-BAD COP .","it is a european punishment mechanism , with the international monetary fund playing bad cop .",16,14,0.714286,PLAY
aslg_pc12:553836b4656626ccc1fc,"WHAT BE X-YOU ATTITUDE TO X-IT , AND BE X-YOU GO TO SET DESC-DOWN STANDARD ?","what is your attitude to it , and are you going to set down standards ?",18,14,0.615385,GO
aslg_pc12:4d78ce39beb0783ad5ce,"THOSE SPEECH DO , DESC-INDEED , RUN OVER BY SOME SECONDS .","those speeches did , indeed , run over by some seconds .",10,9,0.7,RUN
aslg_pc12:d2468d413dbf099c2314,X-YOU NEED TO TELL COUNCIL THAT X-WE CAN DESC-NOT GO ON LIKE THIS .,you need to tell the council that we cannot go on like this .,16,13,0.733333,GO
aslg_pc12:ee15fd593e6154cae861,"THIS DIFFERENCE IN APPROACH BETWEEN MEMBER STATE BE RECOGNIZE WITHIN ACTION PLAN 2007 AND 200US BE DESC-NOT GO TO GO THROUGH X-Y , BUT DESC-FIRST TWO BE DESC-PERFECTLY SENSIBLE .","this difference in approach between member states is recognised within the action plan of 2007 and 200i am not going to go through them , but the first two are perfectly sensible .",31,30,0.730769,GO
aslg_pc12:1b39e0cafc5054eafbba,"ON CONTRARY , X-IT BE GO TO BECOME MORE COMPLICATE .","on the contrary , it is going to become more complicated .",10,10,0.6,GO
aslg_pc12:f227188839c7116a6992,X-I BELIEVE THAT PRESIDENT BARROSO DESC-ALSO MENTION THIS YESTERDAY DURING QUESTION TIME .,i believe that president barroso also mentioned this yesterday during question time .,14,12,0.785714,YESTERDAY
aslg_pc12:3d1f1fe381a25b2b3e55,"SINCE 2007 , DESC-HOWEVER , ERASMUS PROGRAM HAVE DESC-ALSO BE SUPPORT STUDENT PLACEMENT IN ENTERPRISE .","since 2007 , however , the erasmus programme has also been supporting student placements in enterprises .",14,13,0.461538,STUDENT
aslg_pc12:0996a99fa4297a37ba60,"AS DESC-RE BE PROBLEM WITH VOTE YESTERDAY , X-I WOULD ASK X-YOU TO CHECK MACHINE .","as there were problems with the vote yesterday , I would ask you to check the machines .",17,16,0.625,YESTERDAY
aslg_pc12:a556993ada6e18a0457e,X-I WOULD LIKE TO STRESS ONE DESC-EXTREMELY DESC-IMPORTANT AREA WHERE RESEARCH CAN PLAY DESC-IMPORTANT ROLE .,i would like to stress one extremely important area where research can play an important role .,19,16,0.875,PLAY
aslg_pc12:0909a94d832bfa96fd68,STATE PLAY EUROME DESC-FREE TRADE AREA DEBATE,the state of play of the euromed free trade area debate,8,11,0.75,PLAY
aslg_pc12:fd5bdb2447847ee9a118,DESC-RE HAVE DESC-ALSO BE TALK DESC-HERE ABOUT STUDENT AND SCIENTIST WHO BE DESC-UNABLE TO TRAVEL TO ANOR MEMBER STATE .,there has also been talk here about students and scientists who were unable to travel to another member state .,23,19,0.611111,STUDENT
aslg_pc12:9e71e9ff3128664ceee0,VIEW TOTALITARIAN REGIME FROM OUTSIDE BE DESC-VERY DESC-DIFFERENT FROM VIEW FROM INSIDE .,the view of a totalitarian regime from the outside is very different from the view from the inside .,14,18,0.8,OUTSIDE
aslg_pc12:4e9c4b4bfb725d8a8dcc,DESC-HERE AGRICULTURE CAN PLAY KEY ROLE IN CARBON SEQUESTRATION AND CAN CONTRIBUTE TO 2020 TARGET .,here agriculture can play a key role in carbon sequestration and can contribute to the 2020 targets .,15,16,0.857143,PLAY
aslg_pc12:4d0c3a2497209ede9c34,DESC-GREATER FREEDOM FOR RUN DESC-POLITICAL PARTY AND NON DESC-GOVERNMENTAL ORGANIZATION BE DESC-VITAL FOR DEMOCRACY .,greater freedom for the running of political parties and non governmental organisations is vital for democracy .,18,16,0.642857,RUN
aslg_pc12:0620cbd3a684b030fc28,"UNION FOR MEDITERRANEAN MUST PLAY DESC-MAJOR ROLE , AS MUST EURO MEDITERRANEAN DESC-PARLIAMENTARY ASSEMBLY .","the union for the mediterranean must play a major role , as must the euro mediterranean parliamentary assembly .",15,17,0.916667,PLAY
aslg_pc12:a7e78f7686148d9c34c4,DESC-REFORE X-I SAY DO WORK DESC-TOGER TO BE DESC-MUCH DESC-STRONGER BODY IN WHOLE FOOD CHAIN .,therefore I say do work together to be a much stronger body in the whole food chain .,20,17,0.764706,FOOD
aslg_pc12:5f95cff5d100afc96bd3,RO X-WE MUST ASK X-OURSELVES WHAT DIRECTION X-WE WANT X-WE EDUCATION AND RESEARCH SYSTEM TO GO IN .,ro we must ask ourselves what direction we want our education and research systems to go in .,21,17,0.875,GO
aslg_pc12:eb67ec85a3e3dc54caf9,X-IT EXTEND AND CONSOLIDATE MONOPOLY HOLD BY GDF SUEZ UNTIL 20THUS GO DESC-ENTIRELY AGAINST LIBERALISATION POLICY .,it extends and consolidates the monopoly held by gdf suez until 20this goes entirely against liberalisation policies .,18,17,0.555556,GO
aslg_pc12:6f927950df3d1555ad3b,MR GIEGOLD BE DESC-RIGHT WHEN X-HE DESCRIBE WHAT BE DESC-CURRENTLY GO ON ASPAROCHIAL .,mr giegold is right when he described what is currently going on asparochial.,16,13,0.642857,GO
aslg_pc12:fc43e694308387fac132,"IF X-Y BE DEVELOP TO ORDER , DESC-N VEHICLE WILL BE DESC-UNACCEPTABLY DESC-EXPENSIVE AND NOBODY WILL BUY X-Y .","if they are developed to order , then the vehicles will be unacceptably expensive and nobody will buy them .",22,18,0.625,BUY
aslg_pc12:d2eb4dbf0c8ef3f1d707,"IF DESC-RE BE NO TUNA , X-Y BE DESC-NOT GO TO BE DESC-ABLE TO DO ANYTHING AT ALL .","if there is no tuna , they are not going to be able to do anything at all .",21,17,0.6875,GO
aslg_pc12:e7f3a3ee21a2722f1a39,DESC-SMALL AND MEDIUM SIZE ENTERPRISE PLAY DESC-HUGE PART IN THIS .,small and medium sized enterprises play a huge part in this .,12,11,0.727273,PLAY
aslg_pc12:d6d58dd52d89b5dcdbe7,"IN END , X-I CAN GO ALONG WITH 20 WEEK .","in the end , I can go along with 20 weeks .",9,9,0.777778,GO
aslg_pc12:bb0b342bbe182888b11b,"THAT BE DESC-FIRST STEP , BUT X-IT DO DESC-NOT GO DESC-FAR DESC-ENOUGH .","that is a first step , but it does not go far enough .",16,12,0.692308,GO
aslg_pc12:5a274f71a6d8c1b02722,"FOR SOME COUNTRY , TEXTILE OR ELECTRONICS MAY BE DESC-JUST AS DESC-IMPORTANT AS CAR MAKE .","for some countries , textiles or electronics may be just as important as car making .",16,14,0.714286,CAR
aslg_pc12:8de0a7b5e3b5ef1f73a1,CHILD BE X-WE FUTURE .,children are our future .,5,4,0.2,CHILD
aslg_pc12:8907cb60f268ee218d90,WAY THING BE GO IN DESC-ITALY MAKE THAT COUNTRY DESC-VERY DESC-VULNERABLE IN X-ITS DEMOCRACY .,the way things are going in italy makes that country very vulnerable in its democracy .,18,15,0.6,GO
aslg_pc12:38f3700b404e2aba9cb6,SEX INDUSTRY TODAY USE INTERNET AND DESC-SEXUAL VIOLENCE THAT DESC-MANY WOMAN AND CHILD SUFFER .,the sex industry today uses the internet and the sexual violence that many women and children suffer .,16,17,0.714286,CHILD|WOMAN
aslg_pc12:d68b3ae2b84c361c2faa,"EUROPEAN UNION , DESC-TOO , PLAY X-ITS ROLE .","the european union , too , played its role .",8,7,0.625,PLAY
aslg_pc12:44abb48c52b3471cd02f,DESC-MANY MOST DESC-VULNERABLE WOMAN IN WORLD DESC-LIVE IN DEVELOP COUNTRY .,many of the most vulnerable women in the world live in developing countries .,13,13,0.6,WOMAN
aslg_pc12:2b1069011e80754309c9,X-I THINK THAT DESC-LOCAL AUTHORITY HAVE DESC-IMPORTANT ROLE TO PLAY IN THIS .,i think that local authorities have an important role to play in this .,15,13,0.785714,PLAY
aslg_pc12:5585868dff8c6a69f8ad,BUT DESC-RE BE DESC-OR COMMUNITY COMPETENCE THAT SHOULD DESC-NOT GO DESC-NOW TO DESC-INTERGOVERNMENTAL ARM .,but there are other community competences that should not go now to the intergovernmental arm .,19,15,0.666667,GO
aslg_pc12:cbd6c25600f349a438e5,IN DESC-MANY CASE X-IT GO BEYOND .,in many cases it goes beyond .,8,6,0.5,GO
aslg_pc12:26c6c43fb2c760eec71a,"OUTSIDE THIS CHAMBER , EQUALITY MEAN DESC-RIGHT PEOPLE TO BE TREAT DESC-SAME .","outside this chamber , equality means the right of people to be treated the same .",13,14,0.75,OUTSIDE
aslg_pc12:f4938138644eb21c95fb,ALL COUNTRY MUST PLAY X-Y PART IN TERM ACHIEVE TARGET AND DESC-SUSTAINABLE DEVELOPMENT .,all countries must play their part in terms of achieving targets and sustainable development .,15,14,0.533333,PLAY
aslg_pc12:31c87ba151e7327ed38e,"ALTHOUGH X-Y HAVE GO DESC-DOWN , PRICE WILL DESC-NOT RETURN TO DESC-RELATIVELY DESC-LOW LEVEL X-Y BE AT BEFORE .","although they have gone down , prices will not return to the relatively low level they were at before .",23,18,0.666667,GO
aslg_pc12:5ae5984bdf1b755f689e,"PL MADAM PRESIDENT , WOMAN BE UNDER REPRESENT IN SCIENCE AND DESC-SCIENTIFIC RESEARCH .","pl madam president , women are under represented in science and scientific research .",13,12,0.692308,WOMAN
aslg_pc12:39089252b543d7f5f224,"WHAT DESC-POSSIBLE CRIME COULD PALESTINIAN CHILD , WHO BE DIE IN THIS CONFLICT , BE DESC-GUILTY ?","what possible crimes could the palestinian children , who are dying in this conflict , be guilty of ?",16,16,0.714286,CHILD
aslg_pc12:0d946c210aaa2ec02802,X-I HOPE THAT COMMISSION WILL PLAY X-ITS ROLE AND MAKE DESC-SURE PARTNERSHIP DELIVER X-ITS OBJECTIVE .,i hope that the commission will play its role and make sure the partnership delivers its objectives .,19,17,0.75,PLAY
aslg_pc12:e2f8e6bf632522d46978,HOW BE X-Y AND X-Y CHILD LOOK AFTER ?,how are they and their children looked after ?,10,8,0.375,CHILD
aslg_pc12:a2069e793cb2e8eb64ee,"BE DOG TO BLAME , FOR DO WHAT BE DESC-NATURAL TO X-IT ?","is the dog to blame , for doing what is natural to it ?",13,12,0.636364,DOG
aslg_pc12:f1c096ca80642bb0aa94,"KOSOVO MUST DESC-NOT BECOME EUROPEAN UNION PROTECTORATE , BUT NEED HELP TO RUN X-ITS DESC-OWN AFFAIR .","kosovo must not become a european union protectorate , but needs help to run its own affairs .",18,16,0.764706,RUN
aslg_pc12:6b4e5df8ec80b5afa061,X-WE SHOULD BEAR THAT IN MIND AND DESC-NOT BE DESC-TOO SELF DESC-CONGRATULATORY IN RUN DESC-UP TO COPENHAGEN .,we should bear that in mind and not be too self congratulatory in the run up to copenhagen .,22,18,0.888889,RUN
aslg_pc12:ac652b3ef12f861dfc68,EQUALITY BETWEEN MAN AND WOMAN BE DESC-FUNDAMENTAL PRINCIPLE EUROPEAN UNION .,in writing . equality between men and women is a fundamental principle of the european union .,11,15,0.636364,WOMAN
aslg_pc12:1731d4d8766a888e42de,IF X-WE DESC-NOW GO INTO DESC-MINOR DETAIL X-WE WILL LOSE X-WE MOST DESC-IMPORTANT MESSAGE .,if we now go into minor details we will lose our most important messages .,20,14,0.714286,GO
aslg_pc12:cfe5bfffe8b38aaaa11e,"X-WE DEFEND DESC-LONG TRANSITION PERIOD FOR LIBERALISATION X-WE MOST DESC-SENSITIVE CAR SEGMENT , DESC-NAMELY DESC-SMALL CAR .","we defended long transition periods for the liberalisation of our most sensitive car segment , namely small cars .",21,17,0.733333,CAR
aslg_pc12:92f838e9cceeb634babf,X-WE SHOULD AIM TO INTRODUCE REMUNERATION FOR CARE FOR CHILD .,we should aim to introduce remuneration for caring for children .,11,10,0.7,CHILD
aslg_pc12:916c4afbdcbb2c6aa42f,MIGHT X-WE GO DESC-FURR ?,might we go further ?,6,4,0.5,GO
aslg_pc12:4548e7d060e3726dac74,"IF X-YOU CAN TELL X-WE WHAT BE HAPPEN WITH COUNCIL X-POSS OFF BUDGET ACCOUNT , DESC-N PLEASE GO DESC-AHEAD .","if you can tell us what is happening with the council's off budget accounts , then please go ahead .",23,18,0.55,GO
aslg_pc12:c30bf96f590cb3d9ffb6,"WOMAN BE IN MAJORITY , THIS EVENING , IN PARLIAMENT , IN CHAMBER .","women are in the majority , this evening , in parliament , in the chamber .",10,12,0.75,WOMAN
aslg_pc12:0e43005c3339fe4c40cc,WOMAN MUST DESC-NOT BE IN ROLE SUPPLICANT .,women must not be in the role of supplicants .,8,9,0.625,WOMAN
aslg_pc12:bea55efcd277ac1790de,"DESC-ORWISE , X-WE BE ALL GO TO FIND X-IT DESC-VERY DESC-UNCOMFORTABLE NEXT WEEK .","otherwise , we are all going to find it very uncomfortable next week .",17,12,0.642857,GO
aslg_pc12:9405d9aa23059a87bb4f,OVER 60 YEAR HAVE GO BY SINCE DESC-HISTORIC FT X-WE PROPERTY IN ISTRIUM AND DALMATIUM .,over 60 years have gone by since the historic theft of our property in istria and dalmatia .,16,16,0.5,GO
