id,audit_source,gloss,target,operations,label_article,reason_article,operation_expected_article,label_preposition,reason_preposition,operation_expected_preposition,label_auxiliary,reason_auxiliary,operation_expected_auxiliary,label_pronoun,reason_pronoun,operation_expected_pronoun,label_tense_aspect,reason_tense_aspect,operation_expected_tense_aspect,label_agreement_inflection,reason_agreement_inflection,operation_expected_agreement_inflection,label_word_order,reason_word_order,operation_expected_word_order
aslg_pc12:c3b7135a7a4c15c9949d,aslg_pc12,"IF THIS BE TO TAKE FORM FUNDAMENTALISM , RESULT COULD BE DESC-CATASTROPHIC FOR X-WE .","if this were to take the form of fundamentalism , the results could be catastrophic for us .",,1,target token 'the' is not lexicalized in gloss,,1,target token 'of' is not lexicalized in gloss,,1,target token 'were' is not lexicalized in gloss,,1,target token 'us' is not lexicalized in gloss,,1,target verb 'were' realizes gloss lemma 'be',,1,target form 'results' inflects gloss lemma 'result',,0,shared content order is unchanged or indeterminate,
aslg_pc12:d4cbd6316d314bb45f29,aslg_pc12,"TODAY , CASSANDRA BE RAPPORTEUR WHO HAVE SPEAK .","today , cassandra is the rapporteurs who have spoken .",,1,target token 'the' is not lexicalized in gloss,,0,no unmatched target feature found,,1,target token 'is' is not lexicalized in gloss,,0,no unmatched target feature found,,1,target verb 'is' realizes gloss lemma 'be',,1,target form 'rapporteurs' inflects gloss lemma 'rapporteur',,0,shared content order is unchanged or indeterminate,
aslg_pc12:3293e488e53ee3ace5e9,aslg_pc12,DESC-ONLY DESC-COMPETITIVE BUSINESS AND DESC-SUCCESSFUL ENTREPRENEUR CAN DO THAT .,only competitive business and successful entrepreneurs can do that .,,0,no unmatched target feature found,,0,no unmatched target feature found,,0,no unmatched target feature found,,0,no unmatched target feature found,,0,no unmatched tense/aspect realization found,,1,target form 'entrepreneurs' inflects gloss lemma 'entrepreneur',,0,shared content order is unchanged or indeterminate,
aslg_pc12:3a129e2c71ac2cdcfcbc,aslg_pc12,X-WE SWEDISH DESC-SOCIAL DEMOCRAT DO DESC-NOT BELIEVE THAT HAMA SHOULD BE INCLUDE ON EU LIST DESC-TERRORIST ORGANIZATION .,we swedish social democrats do not believe that hamas should be included on the eu list of terrorist organisations .,,1,target token 'the' is not lexicalized in gloss,,1,target token 'of' is not lexicalized in gloss,,0,no unmatched target feature found,,0,no unmatched target feature found,,0,no unmatched tense/aspect realization found,,1,target form 'democrats' inflects gloss lemma 'democrat' | target form 'hamas' inflects gloss lemma 'hama',,0,shared content order is unchanged or indeterminate,
aslg_pc12:29cf8cb04f286dc286ce,aslg_pc12,"CONSUMER , DESC-REFORE , WILL BE DESC-WELL INFORM ABOUT NATURE PRODUCT .","the consumer , therefore , will be well informed about the nature of the product .",,1,target token 'the' is not lexicalized in gloss,,1,target token 'of' is not lexicalized in gloss,,0,no unmatched target feature found,,0,no unmatched target feature found,,0,no unmatched tense/aspect realization found,,0,no unmatched agreement/inflection found,,0,shared content order is unchanged or indeterminate,
aslg_pc12:9a9965890672089c51d1,aslg_pc12,DESC-SOCIALIST GROUP IN EUROPEAN PARLIAMENT ARGUE IN FAVOR MAXIMUM RECOVERY PERIOD FIVE YEAR .,the socialist group in the european parliament argues in favour of a maximum recovery period of five years .,,1,target token 'a' is not lexicalized in gloss | target token 'the' is not lexicalized in gloss,,1,target token 'of' is not lexicalized in gloss,,0,no unmatched target feature found,,0,no unmatched target feature found,,0,no unmatched tense/aspect realization found,,1,target form 'years' inflects gloss lemma 'year',,0,shared content order is unchanged or indeterminate,
aslg_pc12:557f77232f3e72d6d80a,aslg_pc12,REPORT KUDRYCKA,report kudrycka,,0,no unmatched target feature found,,0,no unmatched target feature found,,0,no unmatched target feature found,,0,no unmatched target feature found,,0,no unmatched tense/aspect realization found,,0,no unmatched agreement/inflection found,,0,shared content order is unchanged or indeterminate,
aslg_pc12:b8a6e916833814ea4ddc,aslg_pc12,OR BE X-IT DESC-PERHAPS DESC-COMMERCIAL CONSIDERATION THAT STOP X-WE FROM DO THIS ?,or is it perhaps commercial considerations that stop us from doing this ?,,0,no unmatched target feature found,,0,no unmatched target feature found,,1,target token 'is' is not lexicalized in gloss,,1,target token 'us' is not lexicalized in gloss,,1,target verb 'is' realizes gloss lemma 'be',,1,target form 'considerations' inflects gloss lemma 'consideration',,0,shared content order is unchanged or indeterminate,
aslg_pc12:070d95a91d21da14fd6b,aslg_pc12,BEFORE VOTE ON AMENDMENT 88,before the vote on amendment 88,,1,target token 'the' is not lexicalized in gloss,,0,no unmatched target feature found,,0,no unmatched target feature found,,0,no unmatched target feature found,,0,no unmatched tense/aspect realization found,,0,no unmatched agreement/inflection found,,0,shared content order is unchanged or indeterminate,
aslg_pc12:005349cc6710da395a80,aslg_pc12,LINK NETWORK WILL DESC-ALSO STIMULATE COMPETITION IN REGION .,linking the networks will also stimulate competition in the region .,,1,target token 'the' is not lexicalized in gloss,,0,no unmatched target feature found,,0,no unmatched target feature found,,0,no unmatched target feature found,,1,target verb 'linking' realizes gloss lemma 'link',,1,target form 'networks' inflects gloss lemma 'network',,0,shared content order is unchanged or indeterminate,
aslg_pc12:f694f556485d54a2fa89,aslg_pc12,"IN THIS X-I BE THINK DESC-IRISH GOVERNMENT , WHICH HAVE DESC-NOT APPLY FOR FUND DESC-SO DESC-FAR .","in this I am thinking of the irish government , which has not applied for the fund so far .",,1,target token 'the' is not lexicalized in gloss,,1,target token 'of' is not lexicalized in gloss,,1,target token 'am' is not lexicalized in gloss | target token 'has' is not lexicalized in gloss,,0,no unmatched target feature found,,1,target verb 'am' realizes gloss lemma 'be' | target verb 'thinking' realizes gloss lemma 'think' | target verb 'has' realizes gloss lemma 'have' | target verb 'applied' realizes gloss lemma 'apply',,0,no unmatched agreement/inflection found,,0,shared content order is unchanged or indeterminate,
aslg_pc12:f31e05537f9a9a0e8ca0,aslg_pc12,"GENDER MAINSTREAMING IN DEVELOPMENT COOPERATION BE DESC-ESSENTIAL FOR PROMOTE MORE DESC-PROSPEROUS , DESC-FAIRER AND DESC-RICHER SOCIETY .","gender mainstreaming in development cooperation is essential for promoting a more prosperous , fairer and richer society .",,1,target token 'a' is not lexicalized in gloss,,0,no unmatched target feature found,,1,target token 'is' is not lexicalized in gloss,,0,no unmatched target feature found,,1,target verb 'is' realizes gloss lemma 'be',,0,no unmatched agreement/inflection found,,0,shared content order is unchanged or indeterminate,
aslg_pc12:375622a7735325637fe6,aslg_pc12,ANOR KEY ISSUE BE TOURISM IN X-ITS DESC-BROADEST SENSE .,another key issue is tourism in its broadest sense .,,0,no unmatched target feature found,,0,no unmatched target feature found,,1,target token 'is' is not lexicalized in gloss,,0,no unmatched target feature found,,1,target verb 'is' realizes gloss lemma 'be',,0,no unmatched agreement/inflection found,,0,shared content order is unchanged or indeterminate,
aslg_pc12:a9af742473c8f261c4cd,aslg_pc12,FORCE EVICTION IN ZIMBABWE,forced evictions in zimbabwe,,0,no unmatched target feature found,,0,no unmatched target feature found,,0,no unmatched target feature found,,0,no unmatched target feature found,,0,no unmatched tense/aspect realization found,,1,target form 'evictions' inflects gloss lemma 'eviction',,0,shared content order is unchanged or indeterminate,
aslg_pc12:7f0753ea15d41253ca2d,aslg_pc12,HANDICAPPED CITIZEN CAN DESC-NOT USE SE CARD IN ALL EU MEMBER STATE .,handicapped citizens cannot use these cards in all eu member states .,,0,no unmatched target feature found,,0,no unmatched target feature found,,0,no unmatched target feature found,,1,target token 'these' is not lexicalized in gloss,,0,no unmatched tense/aspect realization found,,1,target form 'citizens' inflects gloss lemma 'citizen' | target form 'cards' inflects gloss lemma 'card',,0,shared content order is unchanged or indeterminate,
aslg_pc12:864ab846d390961f8e87,aslg_pc12,THAT BE DESC-ONLY WAY TO SURVIVE THIS DESC-COMPETITIVE SITUATION .,that is the only way to survive this competitive situation .,,1,target token 'the' is not lexicalized in gloss,,0,no unmatched target feature found,,1,target token 'is' is not lexicalized in gloss,,0,no unmatched target feature found,,1,target verb 'is' realizes gloss lemma 'be',,0,no unmatched agreement/inflection found,,0,shared content order is unchanged or indeterminate,
aslg_pc12:892be1832867de87d0d5,aslg_pc12,AGREEMENT BETWEEN EC AND DESC-FORMER YUGOSLAV REPUBLIC MACEDONIUM ON READMISSION VOTE,agreement between the ec and the former yugoslav republic of macedonia on readmission vote,,1,target token 'the' is not lexicalized in gloss,,1,target token 'of' is not lexicalized in gloss,,0,no unmatched target feature found,,0,no unmatched target feature found,,0,no unmatched tense/aspect realization found,,0,no unmatched agreement/inflection found,,0,shared content order is unchanged or indeterminate,
aslg_pc12:065825044ee7cec2f6c1,aslg_pc12,DESC-REFORE X-I RECOMMEND THAT X-MY GROUP VOTE IN FAVOR AMENDMENT .,therefore I recommend that my group votes in favour of the amendments .,,1,target token 'the' is not lexicalized in gloss,,1,target token 'of' is not lexicalized in gloss,,0,no unmatched target feature found,,0,no unmatched target feature found,,0,no unmatched tense/aspect realization found,,1,target form 'amendments' inflects gloss lemma 'amendment',,0,shared content order is unchanged or indeterminate,
aslg_pc12:95bb60d0233f9cc295d9,aslg_pc12,X-WE DESC-ALREADY HAVE ONE LISBON STRATEGY FOR GROWTH AND EMPLOYMENT .,we already have one the lisbon strategy for growth and employment .,,1,target token 'the' is not lexicalized in gloss,,0,no unmatched target feature found,,0,no unmatched target feature found,,0,no unmatched target feature found,,0,no unmatched tense/aspect realization found,,0,no unmatched agreement/inflection found,,0,shared content order is unchanged or indeterminate,
aslg_pc12:a102110e4c479c66b0e6,aslg_pc12,PLEASE LOOK AROUND CHAMBER .,please look around the chamber .,,1,target token 'the' is not lexicalized in gloss,,0,no unmatched target feature found,,0,no unmatched target feature found,,0,no unmatched target feature found,,0,no unmatched tense/aspect realization found,,0,no unmatched agreement/inflection found,,0,shared content order is unchanged or indeterminate,
aslg_pc12:89ba355fea94f0f19eea,aslg_pc12,"ON DESC-FINANCIAL REGULATION DESC-FIRST ALL , X-I DESC-FULLY UNDERSTAND WHAT MR BARNIER BE TRY TO DO .","on financial regulation first of all , I fully understand what mr barnier is trying to do .",,0,no unmatched target feature found,,1,target token 'of' is not lexicalized in gloss,,1,target token 'is' is not lexicalized in gloss,,0,no unmatched target feature found,,1,target verb 'is' realizes gloss lemma 'be' | target verb 'trying' realizes gloss lemma 'try',,0,no unmatched agreement/inflection found,,0,shared content order is unchanged or indeterminate,
aslg_pc12:6664839facce33573e2c,aslg_pc12,DESC-QUITE CONTRARY .,quite the contrary .,,1,target token 'the' is not lexicalized in gloss,,0,no unmatched target feature found,,0,no unmatched target feature found,,0,no unmatched target feature found,,0,no unmatched tense/aspect realization found,,0,no unmatched agreement/inflection found,,0,shared content order is unchanged or indeterminate,
aslg_pc12:6fc10675bdf817b826d3,aslg_pc12,VOTE ON ANY MOTION FOR RESOLUTION WILL TAKE PLACE DURING NEXT PART SESSION .,the vote on any motions for resolutions will take place during the next part session .,,1,target token 'the' is not lexicalized in gloss,,0,no unmatched target feature found,,0,no unmatched target feature found,,0,no unmatched target feature found,,0,no unmatched tense/aspect realization found,,1,target form 'motions' inflects gloss lemma 'motion' | target form 'resolutions' inflects gloss lemma 'resolution',,0,shared content order is unchanged or indeterminate,
aslg_pc12:c5da46694faad59e0c6a,aslg_pc12,SE THREE KEY PRIORITY BE APPROVE AT JUNE MEETING EUROPEAN COUNCIL .,these three key priorities were approved at the june meeting of the european council .,,1,target token 'the' is not lexicalized in gloss,,1,target token 'of' is not lexicalized in gloss,,1,target token 'were' is not lexicalized in gloss,,1,target token 'these' is not lexicalized in gloss,,1,target verb 'were' realizes gloss lemma 'be',,1,target form 'priorities' inflects gloss lemma 'priority',,0,shared content order is unchanged or indeterminate,
aslg_pc12:093b57fcc0ec0c0706eb,aslg_pc12,"DESC-FIRSTLY , X-I THINK START DATE NEED TO BE LOOK AT .","firstly , I think the start date needs to be looked at .",,1,target token 'the' is not lexicalized in gloss,,0,no unmatched target feature found,,0,no unmatched target feature found,,0,no unmatched target feature found,,1,target verb 'needs' realizes gloss lemma 'need' | target verb 'looked' realizes gloss lemma 'look',,1,target form 'needs' inflects gloss lemma 'need',,0,shared content order is unchanged or indeterminate,
aslg_pc12:283811a2fd00160807f0,aslg_pc12,EU AFFECT EU CITIZEN DESC-VERY DESC-OFTEN IN DESC-ABSTRACT WAY AND X-ITS INSTITUTION BE DESC-VERY DESC-DIFFICULT TO UNDERSTAND .,the eu affects eu citizens very often in an abstract way and its institutions are very difficult to understand .,,1,target token 'an' is not lexicalized in gloss | target token 'the' is not lexicalized in gloss,,0,no unmatched target feature found,,1,target token 'are' is not lexicalized in gloss,,0,no unmatched target feature found,,1,target verb 'affects' realizes gloss lemma 'affect' | target verb 'are' realizes gloss lemma 'be',,1,target form 'affects' inflects gloss lemma 'affect' | target form 'citizens' inflects gloss lemma 'citizen' | target form 'institutions' inflects gloss lemma 'institution',,0,shared content order is unchanged or indeterminate,
aslg_pc12:c2f703d19b0fa03c9c50,aslg_pc12,THIS VERSION BE CONSIDER DESC-REFORE TO OFFER DESC-SUFFICIENT GUARANTEE .,this version is considered therefore to offer sufficient guarantees .,,0,no unmatched target feature found,,0,no unmatched target feature found,,1,target token 'is' is not lexicalized in gloss,,0,no unmatched target feature found,,1,target verb 'is' realizes gloss lemma 'be' | target verb 'considered' realizes gloss lemma 'consider',,0,no unmatched agreement/inflection found,,0,shared content order is unchanged or indeterminate,
aslg_pc12:7328e95caf4eebc2bc5e,aslg_pc12,"X-I WOULD LIKE TO SAY THAT THIS BE DESC-VERY DESC-CLEAR SECTION , WHICH MAKE DESC-HIGH DEMAND .","i would like to say that this is a very clear section , which makes high demands .",,1,target token 'a' is not lexicalized in gloss,,0,no unmatched target feature found,,1,target token 'is' is not lexicalized in gloss,,0,no unmatched target feature found,,1,target verb 'is' realizes gloss lemma 'be',,1,target form 'demands' inflects gloss lemma 'demand',,0,shared content order is unchanged or indeterminate,
aslg_pc12:f8a56e476e9b25b17304,aslg_pc12,"MADAM PRESIDENT , DOHA ROUND BREAK DESC-DOWN DESC-LAST YEAR .","madam president , the doha round broke down last year .",,1,target token 'the' is not lexicalized in gloss,,0,no unmatched target feature found,,0,no unmatched target feature found,,0,no unmatched target feature found,,0,no unmatched tense/aspect realization found,,0,no unmatched agreement/inflection found,,0,shared content order is unchanged or indeterminate,
aslg_pc12:c0ddd4ee4c0cfa8fea11,aslg_pc12,"LT MINISTER , DESC-ONCE DESC-AGAIN , X-I WOULD LIKE TO THANK X-YOU FOR X-YOU THOUGHT AND ANSWER .","lt minister , once again , I would like to thank you for your thoughts and answer .",,0,no unmatched target feature found,,0,no unmatched target feature found,,0,no unmatched target feature found,,1,target token 'your' is not lexicalized in gloss,,0,no unmatched tense/aspect realization found,,0,no unmatched agreement/inflection found,,0,shared content order is unchanged or indeterminate,
aslg_pc12:08177f98cdb1c245cab5,aslg_pc12,IN 10 YEARSTIME WILL X-WE BE MORE OR DESC-LESS UNITE ?,in 10 yearstime will we be more or less united ?,,0,no unmatched target feature found,,0,no unmatched target feature found,,0,no unmatched target feature found,,0,no unmatched target feature found,,0,no unmatched tense/aspect realization found,,0,no unmatched agreement/inflection found,,0,shared content order is unchanged or indeterminate,
aslg_pc12:a4af4e9865801ce11a3f,aslg_pc12,X-I WOULD DESC-ALSO LIKE TO THANK PRESIDENT EUROPEAN COMMISSION .,i would also like to thank the president of the european commission .,,1,target token 'the' is not lexicalized in gloss,,1,target token 'of' is not lexicalized in gloss,,0,no unmatched target feature found,,0,no unmatched target feature found,,0,no unmatched tense/aspect realization found,,0,no unmatched agreement/inflection found,,0,shared content order is unchanged or indeterminate,
aslg_pc12:d94b9bd12e4e39bf2dd5,aslg_pc12,MORE MUST BE DO IN RELATION TO THIS IN FUTURE .,more must be done in relation to this in future .,,0,no unmatched target feature found,,0,no unmatched target feature found,,0,no unmatched target feature found,,0,no unmatched target feature found,,1,target verb 'done' realizes gloss lemma 'do',,0,no unmatched agreement/inflection found,,0,shared content order is unchanged or indeterminate,
aslg_pc12:29e0e9c3ac7a8b1a5136,aslg_pc12,PL MULTILINGUALISM BE DESC-UNDOUBTEDLY ONE UNITE EUROPE X-POSS DESC-GREAT VIRTUE .,in writing . pl multilingualism is undoubtedly one of the united europe's great virtues .,,1,target token 'the' is not lexicalized in gloss,,1,target token 'in' is not lexicalized in gloss | target token 'of' is not lexicalized in gloss,,1,target token 'is' is not lexicalized in gloss,,0,no unmatched target feature found,,1,target verb 'is' realizes gloss lemma 'be',,0,no unmatched agreement/inflection found,,0,shared content order is unchanged or indeterminate,
aslg_pc12:c4bbb705ea69b59c818f,aslg_pc12,"X-WE MUST , COURSE , DESC-ALWAYS BALANCE ALL STEP TAKE WITH QUALITY CONTROL .","we must , of course , always balance all the steps taken with quality control .",,1,target token 'the' is not lexicalized in gloss,,1,target token 'of' is not lexicalized in gloss,,0,no unmatched target feature found,,0,no unmatched target feature found,,1,target verb 'taken' realizes gloss lemma 'take',,1,target form 'steps' inflects gloss lemma 'step',,0,shared content order is unchanged or indeterminate,
aslg_pc12:6c4346478a9f4e119b9b,aslg_pc12,X-WE RETAIN STRIKE IMAGE AND MESSAGE FROM WHAT X-WE SEE AND HEAR .,we retain striking images and messages from what we saw and heard .,,0,no unmatched target feature found,,0,no unmatched target feature found,,0,no unmatched target feature found,,0,no unmatched target feature found,,1,target verb 'saw' realizes gloss lemma 'see',,0,no unmatched agreement/inflection found,,0,shared content order is unchanged or indeterminate,
aslg_pc12:5b97b1eb236926360bfc,aslg_pc12,THAT BE DESC-ALSO DESC-UNACCEPTABLE RISK .,that is also an unacceptable risk .,,1,target token 'an' is not lexicalized in gloss,,0,no unmatched target feature found,,1,target token 'is' is not lexicalized in gloss,,0,no unmatched target feature found,,1,target verb 'is' realizes gloss lemma 'be',,0,no unmatched agreement/inflection found,,0,shared content order is unchanged or indeterminate,
aslg_pc12:c3f944caeca502865d24,aslg_pc12,X-I DESC-JUST WANT TO LAY DESC-DOWN DESC-FEW GROUND RULE THAT HAVE BE IGNORE DESC-SO DESC-FAR IN SE REPORT .,i just wanted to lay down a few ground rules that have been ignored so far in these reports .,,1,target token 'a' is not lexicalized in gloss,,0,no unmatched target feature found,,1,target token 'been' is not lexicalized in gloss,,1,target token 'these' is not lexicalized in gloss,,1,target verb 'wanted' realizes gloss lemma 'want' | target verb 'been' realizes gloss lemma 'be',,1,target form 'reports' inflects gloss lemma 'report',,0,shared content order is unchanged or indeterminate,
aslg_pc12:7db099f6fbcacf2a547e,aslg_pc12,LET X-I EXPLAIN HOW X-I ARRIVE AT THIS IMAGE .,let me explain how I arrived at this image .,,0,no unmatched target feature found,,0,no unmatched target feature found,,0,no unmatched target feature found,,1,target token 'me' is not lexicalized in gloss,,0,no unmatched tense/aspect realization found,,0,no unmatched agreement/inflection found,,0,shared content order is unchanged or indeterminate,
aslg_pc12:b0bd51751912ce921a28,aslg_pc12,"DESC-PERSONALLY , X-I BE PREPARE TO SEE TRADE OFF .","personally , I am prepared to see a trade off .",,1,target token 'a' is not lexicalized in gloss,,0,no unmatched target feature found,,1,target token 'am' is not lexicalized in gloss,,0,no unmatched target feature found,,1,target verb 'am' realizes gloss lemma 'be',,0,no unmatched agreement/inflection found,,0,shared content order is unchanged or indeterminate,
aslg_pc12:becae8c0b745e8947945,aslg_pc12,"LIKE DESC-OR DESC-INTERNATIONAL ACTOR , X-WE HAVE BE DESC-INCREASINGLY DESC-ACTIVE ON ARCTIC ISSUE .","like other international actors , we have been increasingly active on arctic issues .",,0,no unmatched target feature found,,0,no unmatched target feature found,,1,target token 'been' is not lexicalized in gloss,,0,no unmatched target feature found,,1,target verb 'been' realizes gloss lemma 'be',,1,target form 'actors' inflects gloss lemma 'actor',,0,shared content order is unchanged or indeterminate,
aslg_pc12:9080aa128256da9cc66c,aslg_pc12,LIST DESC-ALSO HAVE DESC-FAR REACH SIDE EFFECT .,the list also has far reaching side effects .,,1,target token 'the' is not lexicalized in gloss,,0,no unmatched target feature found,,1,target token 'has' is not lexicalized in gloss,,0,no unmatched target feature found,,1,target verb 'has' realizes gloss lemma 'have' | target verb 'reaching' realizes gloss lemma 'reach',,1,target form 'effects' inflects gloss lemma 'effect',,0,shared content order is unchanged or indeterminate,
aslg_pc12:3699aa97efc6485b4006,aslg_pc12,UN X-POSS DESC-SPECIAL COURT FOR SIERRA LEONE BE DESC-UNABLE TO FUNCTION .,the un's special court for sierra leone is unable to function .,,1,target token 'the' is not lexicalized in gloss,,0,no unmatched target feature found,,1,target token 'is' is not lexicalized in gloss,,0,no unmatched target feature found,,1,target verb 'is' realizes gloss lemma 'be',,0,no unmatched agreement/inflection found,,0,shared content order is unchanged or indeterminate,
aslg_pc12:87b9e3713487510fefcb,aslg_pc12,EU HAVE DESC-VITAL RESPONSIBILITY .,the eu has a vital responsibility .,,1,target token 'a' is not lexicalized in gloss | target token 'the' is not lexicalized in gloss,,0,no unmatched target feature found,,1,target token 'has' is not lexicalized in gloss,,0,no unmatched target feature found,,1,target verb 'has' realizes gloss lemma 'have',,0,no unmatched agreement/inflection found,,0,shared content order is unchanged or indeterminate,
aslg_pc12:d1b56ea52aa4514c67cd,aslg_pc12,X-WE HAVE DUTY TO PROTECT EUROPEAN CITIZEN AGAINST POTENTIAL DESC-TERRORIST .,we have a duty to protect european citizens against potential terrorists .,,1,target token 'a' is not lexicalized in gloss,,0,no unmatched target feature found,,0,no unmatched target feature found,,0,no unmatched target feature found,,0,no unmatched tense/aspect realization found,,1,target form 'citizens' inflects gloss lemma 'citizen' | target form 'terrorists' inflects gloss lemma 'terrorist',,0,shared content order is unchanged or indeterminate,
aslg_pc12:f9e236f7e227b6b8bb37,aslg_pc12,"DESC-HOWEVER , X-I THINK IMPROVEMENT DESC-VOCATIONAL TRAINING SHOULD IN ANY CASE BE INCLUDE AMONG X-WE GOAL .","however , I think the improvement of vocational training should in any case be included among our goals .",,1,target token 'the' is not lexicalized in gloss,,1,target token 'of' is not lexicalized in gloss,,0,no unmatched target feature found,,1,target token 'our' is not lexicalized in gloss,,0,no unmatched tense/aspect realization found,,1,target form 'goals' inflects gloss lemma 'goal',,0,shared content order is unchanged or indeterminate,
aslg_pc12:e9109780ff157aa13af2,aslg_pc12,"MR PRESIDENT , CHINA BE ONE X-WE MOST DESC-IMPORTANT TRADING PARTNER .","mr president , china is one of our most important trading partners .",,0,no unmatched target feature found,,1,target token 'of' is not lexicalized in gloss,,1,target token 'is' is not lexicalized in gloss,,1,target token 'our' is not lexicalized in gloss,,1,target verb 'is' realizes gloss lemma 'be',,1,target form 'partners' inflects gloss lemma 'partner',,0,shared content order is unchanged or indeterminate,
aslg_pc12:3c83e0c0b4bae4097f3e,aslg_pc12,X-Y HAVE DESC-ALSO DEMONSTRATE ADD VALUE NABUCCO OFFER IN THIS RESPECT FOR DESC-ENTIRE EUROPEAN UNION .,they have also demonstrated the added value nabucco offers in this respect for the entire european union .,,1,target token 'the' is not lexicalized in gloss,,0,no unmatched target feature found,,0,no unmatched target feature found,,1,target token 'they' is not lexicalized in gloss,,1,target verb 'offers' realizes gloss lemma 'offer',,1,target form 'offers' inflects gloss lemma 'offer',,0,shared content order is unchanged or indeterminate,
aslg_pc12:9a7b6fb49b4661db1763,aslg_pc12,DESC-NOW DESC-MILITARY GOVERNMENT HAVE PROMISE ELECTION IN 2010 AS STEP TOWARDS X-ITS DESC-GRADUAL EXIT FROM POWER .,now the military government has promised elections in 2010 as a step towards its gradual exit from power .,,1,target token 'a' is not lexicalized in gloss | target token 'the' is not lexicalized in gloss,,0,no unmatched target feature found,,1,target token 'has' is not lexicalized in gloss,,0,no unmatched target feature found,,1,target verb 'has' realizes gloss lemma 'have',,1,target form 'elections' inflects gloss lemma 'election',,0,shared content order is unchanged or indeterminate,
aslg_pc12:dbbd4268af326e420130,aslg_pc12,X-IT BE DESC-REFORE DESC-LOGICAL THAT THAT BE WHERE DESC-ENORMOUS POTENTIAL FOR ENERGY EFFICIENCY AND FOR SAVINGS LIE .,it is therefore logical that that is where enormous potential for energy efficiency and for savings lies .,,0,no unmatched target feature found,,0,no unmatched target feature found,,1,target token 'is' is not lexicalized in gloss,,0,no unmatched target feature found,,1,target verb 'is' realizes gloss lemma 'be' | target verb 'is' realizes gloss lemma 'be',,0,no unmatched agreement/inflection found,,0,shared content order is unchanged or indeterminate,
aslg_pc12:0a4f62ea1f5b155a59d6,aslg_pc12,DESC-RE BE DESC-ALSO NEED TO PROMOTE UNIVERSITY BUSINESS COOPERATION .,there is also a need to promote university business cooperation .,,1,target token 'a' is not lexicalized in gloss,,0,no unmatched target feature found,,1,target token 'is' is not lexicalized in gloss,,0,no unmatched target feature found,,1,target verb 'is' realizes gloss lemma 'be',,0,no unmatched agreement/inflection found,,0,shared content order is unchanged or indeterminate,
aslg_pc12:4541c5f753f3e041d9da,aslg_pc12,THAT BE WHY X-I VOTE FOR REPORT ON EUROPEAN NETWORK AND INFORMATION SECURITY AGENCY .,that is why I voted for the report on the european network and information security agency .,,1,target token 'the' is not lexicalized in gloss,,0,no unmatched target feature found,,1,target token 'is' is not lexicalized in gloss,,0,no unmatched target feature found,,1,target verb 'is' realizes gloss lemma 'be',,0,no unmatched agreement/inflection found,,0,shared content order is unchanged or indeterminate,
aslg_pc12:237eb89c440601841c49,aslg_pc12,X-I BEG LEAVE TO DELAY HOUSE AND THANK X-YOU FOR THIS OPPORTUNITY .,i beg leave to delay the house and thank you for this opportunity .,,1,target token 'the' is not lexicalized in gloss,,0,no unmatched target feature found,,0,no unmatched target feature found,,0,no unmatched target feature found,,0,no unmatched tense/aspect realization found,,0,no unmatched agreement/inflection found,,0,shared content order is unchanged or indeterminate,
aslg_pc12:773a515e5cbbd0fcf5b3,aslg_pc12,"THIS INCLUDE X-MY COUNTRY , POLAND .","this includes my country , poland .",,0,no unmatched target feature found,,0,no unmatched target feature found,,0,no unmatched target feature found,,0,no unmatched target feature found,,0,no unmatched tense/aspect realization found,,0,no unmatched agreement/inflection found,,0,shared content order is unchanged or indeterminate,
aslg_pc12:8b053ca78aad5816d2ef,aslg_pc12,X-I BE DESC-DELIGHTED WITH TODAY X-POSS RESULT IN X-YOU SENATE .,i am delighted with today's result in your senate .,,0,no unmatched target feature found,,0,no unmatched target feature found,,1,target token 'am' is not lexicalized in gloss,,1,target token 'your' is not lexicalized in gloss,,1,target verb 'am' realizes gloss lemma 'be',,0,no unmatched agreement/inflection found,,0,shared content order is unchanged or indeterminate,
aslg_pc12:99afa5c2977e047e4d88,aslg_pc12,ORDER BUSINESS,order of business,,0,no unmatched target feature found,,1,target token 'of' is not lexicalized in gloss,,0,no unmatched target feature found,,0,no unmatched target feature found,,0,no unmatched tense/aspect realization found,,0,no unmatched agreement/inflection found,,0,shared content order is unchanged or indeterminate,
aslg_pc12:0b8c7fd8a62878b2e694,aslg_pc12,"FIGHT OVER TERRITORY , ETHNICITY , RESOURCE OR POLITICS BE BUT BRANCH DESC-SAME DESC-ROTTEN TREE WANT .","fighting over territory , ethnicity , resources or politics are but branches of the same rotten tree of want .",,1,target token 'the' is not lexicalized in gloss,,1,target token 'of' is not lexicalized in gloss,,1,target token 'are' is not lexicalized in gloss,,0,no unmatched target feature found,,1,target verb 'fighting' realizes gloss lemma 'fight' | target verb 'are' realizes gloss lemma 'be',,1,target form 'branches' inflects gloss lemma 'branch',,0,shared content order is unchanged or indeterminate,
aslg_pc12:5dff5637f71ac9d01bc2,aslg_pc12,"IF X-YOU CAN KEEP X-YOU NERVE , MR TOPOLà`NEK , X-YOU WILL GO DESC-DOWN IN HISTORY .","if you can keep your nerve , mr topolánek , you will go down in history .",,0,no unmatched target feature found,,0,no unmatched target feature found,,0,no unmatched target feature found,,1,target token 'your' is not lexicalized in gloss,,0,no unmatched tense/aspect realization found,,0,no unmatched agreement/inflection found,,0,shared content order is unchanged or indeterminate,
aslg_pc12:9874cac7fa1f21657365,aslg_pc12,"DESC-HOWEVER , CASE DEODORANT WHICH MR ROTH BEHRENDT MENTION , BE DESC-DIFFERENT MATTER .","however , the case of the deodorant which mrs roth behrendt mentioned , is a different matter .",,1,target token 'a' is not lexicalized in gloss | target token 'the' is not lexicalized in gloss,,1,target token 'of' is not lexicalized in gloss,,1,target token 'is' is not lexicalized in gloss,,0,no unmatched target feature found,,1,target verb 'mentioned' realizes gloss lemma 'mention' | target verb 'is' realizes gloss lemma 'be',,0,no unmatched agreement/inflection found,,0,shared content order is unchanged or indeterminate,
aslg_pc12:3c144c42a10b75a9d664,aslg_pc12,"IF NOTHING DESC-ELSE , X-WE HAVE LEARN THIS DURING TWO THOUSAND YEAR CHRISTIANITY IN EUROPE .","if nothing else , we have learned this during the two thousand years of christianity in europe .",,1,target token 'the' is not lexicalized in gloss,,1,target token 'of' is not lexicalized in gloss,,0,no unmatched target feature found,,0,no unmatched target feature found,,1,target verb 'learned' realizes gloss lemma 'learn',,1,target form 'years' inflects gloss lemma 'year',,0,shared content order is unchanged or indeterminate,
aslg_pc12:d13f434d80df272ba567,aslg_pc12,"SINCE 2002 , PARLIAMENT HAVE CALL FOR DESC-BETTER DESC-FINANCIAL MARKET SUPERVISION AND REGULATION .","since 2002 , parliament has called for better financial market supervision and regulation .",,0,no unmatched target feature found,,0,no unmatched target feature found,,1,target token 'has' is not lexicalized in gloss,,0,no unmatched target feature found,,1,target verb 'has' realizes gloss lemma 'have',,0,no unmatched agreement/inflection found,,0,shared content order is unchanged or indeterminate,
aslg_pc12:e071862ce1274f832b0d,aslg_pc12,"DESC-HOWEVER , X-Y MUST DESC-NEVER BE USE AS PRETEXT FOR REPRESS DESC-FUNDAMENTAL FREEDOM .","however , they must never be used as a pretext for repressing fundamental freedoms .",,1,target token 'a' is not lexicalized in gloss,,0,no unmatched target feature found,,0,no unmatched target feature found,,1,target token 'they' is not lexicalized in gloss,,0,no unmatched tense/aspect realization found,,1,target form 'freedoms' inflects gloss lemma 'freedom',,0,shared content order is unchanged or indeterminate,
aslg_pc12:2356bfaf9650657345a4,aslg_pc12,"X-IT BE DESC-PRETTY DESC-SHAMEFUL , IN X-MY VIEW , THAT X-MY DESC-OWN COUNTRY REGARD SE CONDITION AS DESC-TOO DESC-ONEROUS .","it is pretty shameful , in my view , that my own country regards these conditions as too onerous .",,0,no unmatched target feature found,,0,no unmatched target feature found,,1,target token 'is' is not lexicalized in gloss,,1,target token 'these' is not lexicalized in gloss,,1,target verb 'is' realizes gloss lemma 'be' | target verb 'regards' realizes gloss lemma 'regard',,1,target form 'regards' inflects gloss lemma 'regard' | target form 'conditions' inflects gloss lemma 'condition',,0,shared content order is unchanged or indeterminate,
aslg_pc12:bf76cc1d768ceeeb797e,aslg_pc12,SE MATTER BE DESC-ALSO LINK TO ISSUE OFFSET AND ENSURE RETURN ON INVESTMENT .,these matters are also linked to the issues of offsetting and ensuring a return on investment .,,1,target token 'a' is not lexicalized in gloss | target token 'the' is not lexicalized in gloss,,1,target token 'of' is not lexicalized in gloss,,1,target token 'are' is not lexicalized in gloss,,1,target token 'these' is not lexicalized in gloss,,1,target verb 'are' realizes gloss lemma 'be' | target verb 'linked' realizes gloss lemma 'link' | target verb 'offsetting' realizes gloss lemma 'offset',,1,target form 'matters' inflects gloss lemma 'matter',,0,shared content order is unchanged or indeterminate,
aslg_pc12:8e144e710a15c822f46d,aslg_pc12,"IN ONE WAY , X-I THINK THAT X-WE HAVE TAKE STEP DESC-FORWARDS .","in one way , I think that we have taken a step forwards .",,1,target token 'a' is not lexicalized in gloss,,0,no unmatched target feature found,,0,no unmatched target feature found,,0,no unmatched target feature found,,1,target verb 'taken' realizes gloss lemma 'take',,0,no unmatched agreement/inflection found,,0,shared content order is unchanged or indeterminate,
aslg_pc12:c606b2e027c1fe110ea0,aslg_pc12,ANSWER BE DESC-VERY DESC-SIMPLE TO DENY BRITISH PEOPLE SAY ON THIS MATTER .,the answer is very simple to deny the british people a say on this matter .,,1,target token 'a' is not lexicalized in gloss | target token 'the' is not lexicalized in gloss,,0,no unmatched target feature found,,1,target token 'is' is not lexicalized in gloss,,0,no unmatched target feature found,,1,target verb 'is' realizes gloss lemma 'be',,0,no unmatched agreement/inflection found,,0,shared content order is unchanged or indeterminate,
aslg_pc12:9e00f70c2f5f28ed4fb8,aslg_pc12,X-WE CAN DISCOVER IN EUROPE VALUE WHICH X-WE HAVE IN DESC-COMMON .,we can discover in europe the values which we have in common .,,1,target token 'the' is not lexicalized in gloss,,0,no unmatched target feature found,,0,no unmatched target feature found,,0,no unmatched target feature found,,0,no unmatched tense/aspect realization found,,0,no unmatched agreement/inflection found,,0,shared content order is unchanged or indeterminate,
aslg_pc12:5192d41d6b15a8ede6ec,aslg_pc12,X-Y HAVE SCHOOL WHERE INSTRUCTION BE GIVE IN X-Y MOR TONGUE .,they have schools where instruction is given in their mother tongues .,,0,no unmatched target feature found,,0,no unmatched target feature found,,1,target token 'is' is not lexicalized in gloss,,1,target token 'their' is not lexicalized in gloss | target token 'they' is not lexicalized in gloss,,1,target verb 'is' realizes gloss lemma 'be',,1,target form 'schools' inflects gloss lemma 'school',,0,shared content order is unchanged or indeterminate,
aslg_pc12:e5e30e7dfe01cb013b5e,aslg_pc12,X-I WANT EUROPEAN UNION TO DESC-FINALLY ACKNOWLEDGE THAT THIS CHANGE POLICY HAVE BE DESC-COMPLETE FAILURE .,i want the european union to finally acknowledge that this change of policy has been a complete failure .,,1,target token 'a' is not lexicalized in gloss | target token 'the' is not lexicalized in gloss,,1,target token 'of' is not lexicalized in gloss,,1,target token 'been' is not lexicalized in gloss | target token 'has' is not lexicalized in gloss,,0,no unmatched target feature found,,1,target verb 'has' realizes gloss lemma 'have' | target verb 'been' realizes gloss lemma 'be',,0,no unmatched agreement/inflection found,,0,shared content order is unchanged or indeterminate,
aslg_pc12:8be3d568a91063fcbc0a,aslg_pc12,"THAT HAVE BE COMPLEMENT BY OVERGRAZING , DESC-PERHAPS BY SHEEP , AND BY FIRE .","that has been complemented by overgrazing , perhaps by sheep , and by fires .",,0,no unmatched target feature found,,0,no unmatched target feature found,,1,target token 'been' is not lexicalized in gloss | target token 'has' is not lexicalized in gloss,,0,no unmatched target feature found,,1,target verb 'has' realizes gloss lemma 'have' | target verb 'been' realizes gloss lemma 'be' | target verb 'complemented' realizes gloss lemma 'complement',,0,no unmatched agreement/inflection found,,0,shared content order is unchanged or indeterminate,
aslg_pc12:ca147293df4fff66bbd6,aslg_pc12,DESC-SO SPEAK TO COUNCIL SPEAK WITH THOSE WHO BE BLOCK X-IT .,so speak to the council speak with those who are blocking it .,,1,target token 'the' is not lexicalized in gloss,,0,no unmatched target feature found,,1,target token 'are' is not lexicalized in gloss,,0,no unmatched target feature found,,1,target verb 'are' realizes gloss lemma 'be' | target verb 'blocking' realizes gloss lemma 'block',,0,no unmatched agreement/inflection found,,0,shared content order is unchanged or indeterminate,
aslg_pc12:91aaacf8af1eff690572,aslg_pc12,ECR HAVE DECIDE TO VOTE IN FAVOR PARAGRAPH WHICH SUPPORT EQUALITY IN THIS WAY .,the ecr have decided to vote in favour of the paragraphs which support equality in this way .,,1,target token 'the' is not lexicalized in gloss,,1,target token 'of' is not lexicalized in gloss,,0,no unmatched target feature found,,0,no unmatched target feature found,,0,no unmatched tense/aspect realization found,,1,target form 'paragraphs' inflects gloss lemma 'paragraph',,0,shared content order is unchanged or indeterminate,
aslg_pc12:3c29ce9604d41517c141,aslg_pc12,EIGHTY PER CENT REGION X-POSS POPULATION BE POLE .,eighty per cent of the region's population are poles .,,1,target token 'the' is not lexicalized in gloss,,1,target token 'of' is not lexicalized in gloss,,1,target token 'are' is not lexicalized in gloss,,0,no unmatched target feature found,,1,target verb 'are' realizes gloss lemma 'be',,0,no unmatched agreement/inflection found,,0,shared content order is unchanged or indeterminate,
aslg_pc12:12079a6ef8aead17d827,aslg_pc12,"DE DESC-MANY THANKS , MADAM PRESIDENT , DESC-MANY THANKS , COMMISSIONER .","de many thanks , madam president , many thanks , commissioner .",,0,no unmatched target feature found,,0,no unmatched target feature found,,0,no unmatched target feature found,,0,no unmatched target feature found,,0,no unmatched tense/aspect realization found,,0,no unmatched agreement/inflection found,,0,shared content order is unchanged or indeterminate,
aslg_pc12:332dbe8c0535e90c413d,aslg_pc12,X-I WOULD DESC-ALSO LIKE TO THANK X-MY FELLOW MEMBER FOR SUPPORT INITIATIVE INVOLVE IN THIS RESOLUTION .,i would also like to thank my fellow members for supporting the initiative involved in this resolution .,,1,target token 'the' is not lexicalized in gloss,,0,no unmatched target feature found,,0,no unmatched target feature found,,0,no unmatched target feature found,,1,target verb 'supporting' realizes gloss lemma 'support',,1,target form 'members' inflects gloss lemma 'member',,0,shared content order is unchanged or indeterminate,
aslg_pc12:0d7a16c0b4ee6c71488b,aslg_pc12,"STRATEGY OR RECOMMENDATION , COMMISSIONER LET X-WE SOLVE THIS X-OURSELVES !","a strategy or a recommendation , commissioner let us solve this ourselves !",,1,target token 'a' is not lexicalized in gloss,,0,no unmatched target feature found,,0,no unmatched target feature found,,1,target token 'us' is not lexicalized in gloss,,0,no unmatched tense/aspect realization found,,0,no unmatched agreement/inflection found,,0,shared content order is unchanged or indeterminate,
aslg_pc12:b61cc0d28c227f8badd4,aslg_pc12,SE CASE DESC-CLEARLY PROVE THAT RUSSIUM DISREGARD ALL STANDARD THAT APPLY THROUGHOUT DESC-FREE WORLD .,these cases clearly prove that russia disregards all the standards that apply throughout the free world .,,1,target token 'the' is not lexicalized in gloss,,0,no unmatched target feature found,,0,no unmatched target feature found,,1,target token 'these' is not lexicalized in gloss,,1,target verb 'disregards' realizes gloss lemma 'disregard',,1,target form 'disregards' inflects gloss lemma 'disregard' | target form 'standards' inflects gloss lemma 'standard',,0,shared content order is unchanged or indeterminate,
aslg_pc12:f36f7d4d22c145554d26,aslg_pc12,BARCELONA SUMMIT CAN PUT X-WE INTO POSITION WHERE X-WE CAN ASSUME LEADERSHIP IN MEDITERRANEAN .,the barcelona summit can put us into the position where we can assume leadership in the mediterranean .,,1,target token 'the' is not lexicalized in gloss,,0,no unmatched target feature found,,0,no unmatched target feature found,,1,target token 'us' is not lexicalized in gloss,,0,no unmatched tense/aspect realization found,,0,no unmatched agreement/inflection found,,0,shared content order is unchanged or indeterminate,
aslg_pc12:896d1e95f7102945b115,aslg_pc12,"X-I SUPPOSE , DRIVE ALL THIS , X-WE NEED TO LOOK AT ISSUE RESEARCH AND DEVELOPMENT .","i suppose , driving all of this , we need to look at the issue of research and development .",,1,target token 'the' is not lexicalized in gloss,,1,target token 'of' is not lexicalized in gloss,,0,no unmatched target feature found,,0,no unmatched target feature found,,0,no unmatched tense/aspect realization found,,0,no unmatched agreement/inflection found,,0,shared content order is unchanged or indeterminate,
aslg_pc12:bf913b0e9ec47d0544e7,aslg_pc12,X-WE SHALL DESC-ALSO PUT IN PLACE MONITORING SYSTEM TO DEVELOP CONFIDENCE .,we shall also put in place a monitoring system to develop confidence .,,1,target token 'a' is not lexicalized in gloss,,0,no unmatched target feature found,,0,no unmatched target feature found,,0,no unmatched target feature found,,0,no unmatched tense/aspect realization found,,0,no unmatched agreement/inflection found,,0,shared content order is unchanged or indeterminate,
aslg_pc12:e3b555db2857746b1d60,aslg_pc12,X-IT BE DESC-CERTAINLY DESC-NOT DESC-FIRST TIME .,it is certainly not the first time .,,1,target token 'the' is not lexicalized in gloss,,0,no unmatched target feature found,,1,target token 'is' is not lexicalized in gloss,,0,no unmatched target feature found,,1,target verb 'is' realizes gloss lemma 'be',,0,no unmatched agreement/inflection found,,0,shared content order is unchanged or indeterminate,
aslg_pc12:cd39c120d8fabdae5b6a,aslg_pc12,X-I REMIND X-WE ALL THAT TURKISH EU ACCESSION PROCESS REMAIN DESC-STRATEGIC IMPORTANCE FOR EUROPEAN UNION .,i remind us all that the turkish eu accession process remains of strategic importance for the european union .,,1,target token 'the' is not lexicalized in gloss,,1,target token 'of' is not lexicalized in gloss,,0,no unmatched target feature found,,1,target token 'us' is not lexicalized in gloss,,1,target verb 'remains' realizes gloss lemma 'remain',,1,target form 'remains' inflects gloss lemma 'remain',,0,shared content order is unchanged or indeterminate,
aslg_pc12:ca173a70caa98e27b98f,aslg_pc12,"TODAY , DIFFERENCE BETWEEN LEVEL PAYMENT IN DESC-DIFFERENT MEMBER STATE BE DESC-TOO DESC-GREAT .","today , differences between the level of payments in different member states are too great .",,1,target token 'the' is not lexicalized in gloss,,1,target token 'of' is not lexicalized in gloss,,1,target token 'are' is not lexicalized in gloss,,0,no unmatched target feature found,,1,target verb 'are' realizes gloss lemma 'be',,1,target form 'payments' inflects gloss lemma 'payment',,0,shared content order is unchanged or indeterminate,
aslg_pc12:decbd6acd8273368ca80,aslg_pc12,DESC-CURRENT DESC-CONTRACTUAL ARRANGEMENT WITH TURKMENISTAN PROVIDE FOR DESC-ONLY DESC-RUDIMENTARY DESC-BILATERAL DIALOGUE .,the current contractual arrangement with turkmenistan provides for only a rudimentary bilateral dialogue .,,1,target token 'a' is not lexicalized in gloss | target token 'the' is not lexicalized in gloss,,0,no unmatched target feature found,,0,no unmatched target feature found,,0,no unmatched target feature found,,0,no unmatched tense/aspect realization found,,0,no unmatched agreement/inflection found,,0,shared content order is unchanged or indeterminate,
aslg_pc12:ae147746fc632603fee3,aslg_pc12,IN DESC-NEW MEMBER STATE X-YOU HAVE DESC-DIFFERENT CONDITION .,president in office of the council . in the new member states you have different conditions .,,1,target token 'the' is not lexicalized in gloss,,1,target token 'of' is not lexicalized in gloss,,0,no unmatched target feature found,,0,no unmatched target feature found,,0,no unmatched tense/aspect realization found,,1,target form 'conditions' inflects gloss lemma 'condition',,0,shared content order is unchanged or indeterminate,
aslg_pc12:218f7f1a6c7bee079275,aslg_pc12,NUMBER CASE TUBERCULOSIS HAVE BE DECREASE WITHIN EU .,the number of cases of tuberculosis has been decreasing within the eu .,,1,target token 'the' is not lexicalized in gloss,,1,target token 'of' is not lexicalized in gloss,,1,target token 'been' is not lexicalized in gloss | target token 'has' is not lexicalized in gloss,,0,no unmatched target feature found,,1,target verb 'has' realizes gloss lemma 'have' | target verb 'been' realizes gloss lemma 'be',,0,no unmatched agreement/inflection found,,0,shared content order is unchanged or indeterminate,
aslg_pc12:196531d233b2c4da7382,aslg_pc12,DESC-RE BE TWO CONFLICT POSITION ONE PARTY BE LIE .,there are two conflicting positions one of the parties is lying .,,1,target token 'the' is not lexicalized in gloss,,1,target token 'of' is not lexicalized in gloss,,1,target token 'are' is not lexicalized in gloss | target token 'is' is not lexicalized in gloss,,0,no unmatched target feature found,,1,target verb 'are' realizes gloss lemma 'be' | target verb 'conflicting' realizes gloss lemma 'conflict' | target verb 'is' realizes gloss lemma 'be',,1,target form 'positions' inflects gloss lemma 'position' | target form 'parties' inflects gloss lemma 'party',,0,shared content order is unchanged or indeterminate,
aslg_pc12:b767330406a5b88b9606,aslg_pc12,SWEDISH DESC-CONSERVATIVE HAVE TODAY VOTE AGAINST REPORT ON UNION FOR MEDITERRANEAN .,the swedish conservatives have today voted against report on the union for the mediterranean .,,1,target token 'the' is not lexicalized in gloss,,0,no unmatched target feature found,,0,no unmatched target feature found,,0,no unmatched target feature found,,0,no unmatched tense/aspect realization found,,0,no unmatched agreement/inflection found,,0,shared content order is unchanged or indeterminate,
aslg_pc12:25a2568a657911b4bf6d,aslg_pc12,CONTRARY BE DESC-TRUE .,the contrary is true .,,1,target token 'the' is not lexicalized in gloss,,0,no unmatched target feature found,,1,target token 'is' is not lexicalized in gloss,,0,no unmatched target feature found,,1,target verb 'is' realizes gloss lemma 'be',,0,no unmatched agreement/inflection found,,0,shared content order is unchanged or indeterminate,
aslg_pc12:5326becc967dd0aa4d08,aslg_pc12,REOPEN NEGOTIATION WITH MERCOSUR COUNTRY WITHOUT CONSULT MEMBER STATE BE DESC-VERY DESC-DIRTY PLAY .,reopening negotiations with the mercosur countries without consulting the member states was very dirty play .,,1,target token 'the' is not lexicalized in gloss,,0,no unmatched target feature found,,1,target token 'was' is not lexicalized in gloss,,0,no unmatched target feature found,,1,target verb 'reopening' realizes gloss lemma 'reopen' | target verb 'consulting' realizes gloss lemma 'consult' | target verb 'was' realizes gloss lemma 'be',,1,target form 'negotiations' inflects gloss lemma 'negotiation' | target form 'countries' inflects gloss lemma 'country',,0,shared content order is unchanged or indeterminate,
aslg_pc12:7358bdf440e461a8717c,aslg_pc12,X-I WOULD URGE PRESIDENT VAN ROMPUY AND PRESIDENT BARROSO TO RECONSIDER NATURE DESC-SO CALL EXIT STRATEGY .,i would urge president van rompuy and president barroso to reconsider the nature of the so called exit strategy .,,1,target token 'the' is not lexicalized in gloss,,1,target token 'of' is not lexicalized in gloss,,0,no unmatched target feature found,,0,no unmatched target feature found,,0,no unmatched tense/aspect realization found,,0,no unmatched agreement/inflection found,,0,shared content order is unchanged or indeterminate,
aslg_pc12:e289943bb6b21f3b92b0,aslg_pc12,"X-IT BE DESC-NOT DESC-TRUE THAT X-WE BE NEGLECT SAFETY , DESC-REFORE DESC-REVERSE BE DESC-TRUE .","it is not true that we are neglecting safety , therefore the reverse is true .",,1,target token 'the' is not lexicalized in gloss,,0,no unmatched target feature found,,1,target token 'are' is not lexicalized in gloss | target token 'is' is not lexicalized in gloss,,0,no unmatched target feature found,,1,target verb 'is' realizes gloss lemma 'be' | target verb 'are' realizes gloss lemma 'be' | target verb 'neglecting' realizes gloss lemma 'neglect' | target verb 'is' realizes gloss lemma 'be',,0,no unmatched agreement/inflection found,,0,shared content order is unchanged or indeterminate,
aslg_pc12:32ec11beda033d6a9a58,aslg_pc12,X-WE GROUP WILL DESC-ONLY GRANT SE POWER IF X-Y BE TIME DESC-LIMITED AND X-Y BE CONSTRAIN TO EXTREME CIRCUMSTANCE .,our group will only grant these powers if they are time limited and they are constrained to extreme circumstances .,,0,no unmatched target feature found,,0,no unmatched target feature found,,1,target token 'are' is not lexicalized in gloss,,1,target token 'our' is not lexicalized in gloss | target token 'these' is not lexicalized in gloss | target token 'they' is not lexicalized in gloss,,1,target verb 'are' realizes gloss lemma 'be' | target verb 'are' realizes gloss lemma 'be' | target verb 'constrained' realizes gloss lemma 'constrain',,1,target form 'powers' inflects gloss lemma 'power',,0,shared content order is unchanged or indeterminate,
aslg_pc12:737865b524dffbaa67a5,aslg_pc12,X-IT WOULD BE DESC-GREAT SHAME IF ESTABLISHMENT ECOLABEL BE TO FAIL DESC-DUE TO DESC-BUREAUCRATIC OBSTACLE .,it would be a great shame if the establishment of the ecolabel were to fail due to bureaucratic obstacles .,,1,target token 'a' is not lexicalized in gloss | target token 'the' is not lexicalized in gloss,,1,target token 'of' is not lexicalized in gloss,,1,target token 'were' is not lexicalized in gloss,,0,no unmatched target feature found,,1,target verb 'were' realizes gloss lemma 'be',,0,no unmatched agreement/inflection found,,0,shared content order is unchanged or indeterminate,
aslg_pc12:69bb04dfae8676c0e64c,aslg_pc12,X-I BE CONVINCE THAT PROTECTION CHILD X-POSS RIGHTS BE DESC-VERY DESC-IMPORTANT ASPECT STOCKHOLM PROGRAM .,i am convinced that the protection of children's rights is a very important aspect of the stockholm programme .,,1,target token 'a' is not lexicalized in gloss | target token 'the' is not lexicalized in gloss,,1,target token 'of' is not lexicalized in gloss,,1,target token 'am' is not lexicalized in gloss | target token 'is' is not lexicalized in gloss,,0,no unmatched target feature found,,1,target verb 'am' realizes gloss lemma 'be' | target verb 'is' realizes gloss lemma 'be',,1,target form 'children' inflects gloss lemma 'child',,0,shared content order is unchanged or indeterminate,
aslg_pc12:2bc5c829cff5524a14a8,aslg_pc12,DIE SITZUNG WIRD UM 23.55 UHR GESCHLOSSEN .,die sitzung wird um 23.55 uhr geschlossen .,,0,no unmatched target feature found,,0,no unmatched target feature found,,0,no unmatched target feature found,,0,no unmatched target feature found,,0,no unmatched tense/aspect realization found,,0,no unmatched agreement/inflection found,,0,shared content order is unchanged or indeterminate,
aslg_pc12:62b5d81d8b3aedfa174f,aslg_pc12,"DESC-FINALLY , DESC-INDEED , BE X-WE DESC-RIGHT TO MIX REGULATION WITH TAX RAISE ?","finally , indeed , are we right to mix regulation with tax raising ?",,0,no unmatched target feature found,,0,no unmatched target feature found,,1,target token 'are' is not lexicalized in gloss,,0,no unmatched target feature found,,1,target verb 'are' realizes gloss lemma 'be',,0,no unmatched agreement/inflection found,,0,shared content order is unchanged or indeterminate,
aslg_pc12:43e16aff77e66577f519,aslg_pc12,X-I HAVE DESC-JUST THREE OBSERVATION TO MAKE ABOUT THIS .,i have just three observations to make about this .,,0,no unmatched target feature found,,0,no unmatched target feature found,,0,no unmatched target feature found,,0,no unmatched target feature found,,0,no unmatched tense/aspect realization found,,1,target form 'observations' inflects gloss lemma 'observation',,0,shared content order is unchanged or indeterminate,
aslg_pc12:4bad0ebaf5cc05c73944,aslg_pc12,SYSTEM COMMUNITIESOWN RESOURCE,system of the communitiesown resources,,1,target token 'the' is not lexicalized in gloss,,1,target token 'of' is not lexicalized in gloss,,0,no unmatched target feature found,,0,no unmatched target feature found,,0,no unmatched tense/aspect realization found,,0,no unmatched agreement/inflection found,,0,shared content order is unchanged or indeterminate,
aslg_pc12:cdf19acba1591e384656,aslg_pc12,DESC-SIGNIFICANT PROPORTION EU POPULATION LIFE IN TOWER BLOCK APARTMENT .,a significant proportion of the eu population lives in tower block apartments .,,1,target token 'a' is not lexicalized in gloss | target token 'the' is not lexicalized in gloss,,1,target token 'of' is not lexicalized in gloss,,0,no unmatched target feature found,,0,no unmatched target feature found,,0,no unmatched tense/aspect realization found,,1,target form 'apartments' inflects gloss lemma 'apartment',,0,shared content order is unchanged or indeterminate,
synthetic_telegraphic:87841788d42f24042248,synthetic_telegraphic,OR SOCIETY INCOME PERIOD,or by society during the income period.,PREPOSITION_DROP|ARTICLE_DROP|PUNCTUATION_DROP,1,target token 'the' is not lexicalized in gloss,1,1,target token 'by' is not lexicalized in gloss | target token 'during' is not lexicalized in gloss,1,0,no unmatched target feature found,0,0,no unmatched target feature found,0,0,no unmatched tense/aspect realization found,0,0,no unmatched agreement/inflection found,0,0,shared content order is unchanged or indeterminate,0
synthetic_telegraphic:fa3c80f27aeb1e696eba,synthetic_telegraphic,NOW MISTER HALE LOITERED GARDEN IF MORNING FINE AND IF NOT,"Now mister Hale loitered about the garden if the morning was fine, and if not,.",PREPOSITION_DROP|ARTICLE_DROP|AUXILIARY_DROP|PUNCTUATION_DROP,1,target token 'the' is not lexicalized in gloss,1,1,target token 'about' is not lexicalized in gloss,1,1,target token 'was' is not lexicalized in gloss,1,0,no unmatched target feature found,0,1,target irregular verb 'was' is absent from gloss,0,0,no unmatched agreement/inflection found,0,0,shared content order is unchanged or indeterminate,0
synthetic_telegraphic:32946bf8e0744e652ef0,synthetic_telegraphic,SISTER BUY CAR BLACK,The sister will buy a black car.,ARTICLE_DROP|AUXILIARY_DROP|CONTROLLED_ADJECTIVE_ORDER|WORD_ORDER|PUNCTUATION_DROP|AGREEMENT_SIMPLIFICATION,1,target token 'a' is not lexicalized in gloss | target token 'the' is not lexicalized in gloss,1,0,no unmatched target feature found,0,1,target token 'will' is not lexicalized in gloss,1,0,no unmatched target feature found,0,0,no unmatched tense/aspect realization found,0,0,no unmatched agreement/inflection found,1,1,"shared content order differs: gloss=['sister', 'buy', 'car', 'black'], target=['sister', 'buy', 'black', 'car']",1
synthetic_telegraphic:637853c25c132784c44e,synthetic_telegraphic,PUPPY WALK QUICKLY STATION,The puppy is walking quickly in the station.,ARTICLE_DROP|AUXILIARY_DROP|VERB_LEMMA|TENSE_NEUTRALIZATION|PREPOSITION_DROP|PUNCTUATION_DROP|AGREEMENT_SIMPLIFICATION,1,target token 'the' is not lexicalized in gloss,1,1,target token 'in' is not lexicalized in gloss,1,1,target token 'is' is not lexicalized in gloss,1,0,no unmatched target feature found,0,1,target irregular verb 'is' is absent from gloss | target verb 'walking' realizes gloss lemma 'walk',1,0,no unmatched agreement/inflection found,1,0,shared content order is unchanged or indeterminate,0
synthetic_telegraphic:6ead0d93ef6f29304830,synthetic_telegraphic,MARIAN AND EVA ALLEN FOLLOWED HER,"Marian and Eva Allen followed her,.",PUNCTUATION_DROP,0,no unmatched target feature found,0,0,no unmatched target feature found,0,0,no unmatched target feature found,0,0,no unmatched target feature found,0,0,no unmatched tense/aspect realization found,0,0,no unmatched agreement/inflection found,0,0,shared content order is unchanged or indeterminate,0
synthetic_telegraphic:7a9db36abbb6dd47f949,synthetic_telegraphic,BUT AS HIS SWAY VERGED TOWARDS DESPOTISM HIS SUBJECTS TAKE OFFENCE AND SPLIT HIS HEAD HATCHET,"But, as his sway verged towards despotism, his subjects took offence, and split his head with a hatchet.",VERB_LEMMA|TENSE_NEUTRALIZATION|PREPOSITION_DROP|ARTICLE_DROP|PUNCTUATION_DROP|AGREEMENT_SIMPLIFICATION,1,target token 'a' is not lexicalized in gloss,1,1,target token 'with' is not lexicalized in gloss,1,0,no unmatched target feature found,0,0,no unmatched target feature found,0,1,target verb 'took' realizes gloss lemma 'take',1,0,no unmatched agreement/inflection found,1,0,shared content order is unchanged or indeterminate,0
synthetic_telegraphic:ef9e740ca13fe47b5cd3,synthetic_telegraphic,ASK MISS PEYTON OBSERVING HER PAUSE,"asked Miss Peyton, observing her to pause.",VERB_LEMMA|TENSE_NEUTRALIZATION|PREPOSITION_DROP|PUNCTUATION_DROP|AGREEMENT_SIMPLIFICATION,0,no unmatched target feature found,0,1,target token 'to' is not lexicalized in gloss,1,0,no unmatched target feature found,0,0,no unmatched target feature found,0,1,target verb 'asked' realizes gloss lemma 'ask',1,0,no unmatched agreement/inflection found,1,0,shared content order is unchanged or indeterminate,0
synthetic_telegraphic:2a0ffaaff06c2e5fc41a,synthetic_telegraphic,THENCE OUGHT WEIGH ME,thence ought to weigh upon me.,PREPOSITION_DROP|PUNCTUATION_DROP,0,no unmatched target feature found,0,1,target token 'to' is not lexicalized in gloss | target token 'upon' is not lexicalized in gloss,1,0,no unmatched target feature found,0,0,no unmatched target feature found,0,0,no unmatched tense/aspect realization found,0,0,no unmatched agreement/inflection found,0,0,shared content order is unchanged or indeterminate,0
synthetic_telegraphic:edc73893abcb94aed561,synthetic_telegraphic,WE WISH IT ALWAYS WARM WEATHER SAY MUSKRATS YOUNG,"We wish it would always be warm weather, said the young Muskrats.",AUXILIARY_DROP|VERB_LEMMA|TENSE_NEUTRALIZATION|ARTICLE_DROP|CONTROLLED_ADJECTIVE_ORDER|WORD_ORDER|PUNCTUATION_DROP|AGREEMENT_SIMPLIFICATION,1,target token 'the' is not lexicalized in gloss,1,0,no unmatched target feature found,0,1,target token 'be' is not lexicalized in gloss | target token 'would' is not lexicalized in gloss,1,0,no unmatched target feature found,0,1,target verb 'said' realizes gloss lemma 'say',1,0,no unmatched agreement/inflection found,1,1,"shared content order differs: gloss=['wish', 'alway', 'warm', 'weather', 'say', 'muskrat', 'young'], target=['wish', 'alway', 'warm', 'weather', 'say', 'young', 'muskrat']",1
synthetic_telegraphic:a0f99e226c52f4cc5160,synthetic_telegraphic,GIRL GO SCHOOL AFTERNOON,The girl went to the school in the afternoon.,ARTICLE_DROP|VERB_LEMMA|TENSE_NEUTRALIZATION|PREPOSITION_DROP|PUNCTUATION_DROP|AGREEMENT_SIMPLIFICATION,1,target token 'the' is not lexicalized in gloss,1,1,target token 'in' is not lexicalized in gloss | target token 'to' is not lexicalized in gloss,1,0,no unmatched target feature found,0,0,no unmatched target feature found,0,1,target verb 'went' realizes gloss lemma 'go',1,0,no unmatched agreement/inflection found,1,0,shared content order is unchanged or indeterminate,0
synthetic_telegraphic:205e1184462238090d7c,synthetic_telegraphic,TUTOR EXPLAIN CHILD SCIENCE,The tutor is explaining science to the child.,ARTICLE_DROP|AUXILIARY_DROP|VERB_LEMMA|TENSE_NEUTRALIZATION|PREPOSITION_DROP|WORD_ORDER|PUNCTUATION_DROP|AGREEMENT_SIMPLIFICATION,1,target token 'the' is not lexicalized in gloss,1,1,target token 'to' is not lexicalized in gloss,1,1,target token 'is' is not lexicalized in gloss,1,0,no unmatched target feature found,0,1,target irregular verb 'is' is absent from gloss | target verb 'explaining' realizes gloss lemma 'explain',1,0,no unmatched agreement/inflection found,1,1,"shared content order differs: gloss=['tutor', 'explain', 'child', 'science'], target=['tutor', 'explain', 'science', 'child']",1
synthetic_telegraphic:281ae640b7bebd3e7568,synthetic_telegraphic,NOT EVEN TWENTY FOUR HOUR BREATHER GRANTED COMMANDER FARRAGUT,Not even a twenty four hour breather was granted to Commander Farragut.,ARTICLE_DROP|AUXILIARY_DROP|PREPOSITION_DROP|PUNCTUATION_DROP,1,target token 'a' is not lexicalized in gloss,1,1,target token 'to' is not lexicalized in gloss,1,1,target token 'was' is not lexicalized in gloss,1,0,no unmatched target feature found,0,1,target irregular verb 'was' is absent from gloss,0,0,no unmatched agreement/inflection found,0,0,shared content order is unchanged or indeterminate,0
synthetic_telegraphic:da4ba70178b2f82c5da0,synthetic_telegraphic,THIS UNFORTUNATE KING BOHEMIA SAY TRIM HE UNFORTUNATE THEN,"THIS unfortunate King of Bohemia, said Trim, Was he unfortunate, then?",PREPOSITION_DROP|VERB_LEMMA|TENSE_NEUTRALIZATION|AUXILIARY_DROP|PUNCTUATION_DROP|AGREEMENT_SIMPLIFICATION,0,no unmatched target feature found,0,1,target token 'of' is not lexicalized in gloss,1,1,target token 'was' is not lexicalized in gloss,1,0,no unmatched target feature found,0,1,target verb 'said' realizes gloss lemma 'say' | target irregular verb 'was' is absent from gloss,1,0,no unmatched agreement/inflection found,1,0,shared content order is unchanged or indeterminate,0
synthetic_telegraphic:f30ea7c6c202d66c00ab,synthetic_telegraphic,CHILD CATCH BALL STRONG,The strong child caught the ball.,ARTICLE_DROP|VERB_LEMMA|TENSE_NEUTRALIZATION|CONTROLLED_ADJECTIVE_ORDER|WORD_ORDER|PUNCTUATION_DROP|AGREEMENT_SIMPLIFICATION,1,target token 'the' is not lexicalized in gloss,1,0,no unmatched target feature found,0,0,no unmatched target feature found,0,0,no unmatched target feature found,0,1,target verb 'caught' realizes gloss lemma 'catch',1,0,no unmatched agreement/inflection found,1,1,"shared content order differs: gloss=['child', 'catch', 'ball', 'strong'], target=['strong', 'child', 'catch', 'ball']",1
synthetic_telegraphic:8a69f0f208ea75963356,synthetic_telegraphic,MAN BUY TICKET BLUE,The man is buying a blue ticket.,ARTICLE_DROP|AUXILIARY_DROP|VERB_LEMMA|TENSE_NEUTRALIZATION|CONTROLLED_ADJECTIVE_ORDER|WORD_ORDER|PUNCTUATION_DROP|AGREEMENT_SIMPLIFICATION,1,target token 'a' is not lexicalized in gloss | target token 'the' is not lexicalized in gloss,1,0,no unmatched target feature found,0,1,target token 'is' is not lexicalized in gloss,1,0,no unmatched target feature found,0,1,target irregular verb 'is' is absent from gloss | target verb 'buying' realizes gloss lemma 'buy',1,0,no unmatched agreement/inflection found,1,1,"shared content order differs: gloss=['man', 'buy', 'ticket', 'blue'], target=['man', 'buy', 'blue', 'ticket']",1
synthetic_telegraphic:56b3ef482ded628fe139,synthetic_telegraphic,HE STOOD AWHILE SCRATCHING HIS HEAD AS HE THINK IT,He stood for awhile scratching his head as he thought of it.,PREPOSITION_DROP|VERB_LEMMA|TENSE_NEUTRALIZATION|PUNCTUATION_DROP|AGREEMENT_SIMPLIFICATION,0,no unmatched target feature found,0,1,target token 'for' is not lexicalized in gloss | target token 'of' is not lexicalized in gloss,1,0,no unmatched target feature found,0,0,no unmatched target feature found,0,1,target verb 'thought' realizes gloss lemma 'think',1,0,no unmatched agreement/inflection found,1,0,shared content order is unchanged or indeterminate,0
synthetic_telegraphic:794123ed35670c6ed589,synthetic_telegraphic,FIRST IT SEEMED PRODUCE OPPOSITE EFFECT PULSE LOWERED,"At first it seemed to produce the opposite effect, for the pulse was lowered.",PREPOSITION_DROP|ARTICLE_DROP|AUXILIARY_DROP|PUNCTUATION_DROP,1,target token 'the' is not lexicalized in gloss,1,1,target token 'at' is not lexicalized in gloss | target token 'for' is not lexicalized in gloss | target token 'to' is not lexicalized in gloss,1,1,target token 'was' is not lexicalized in gloss,1,0,no unmatched target feature found,0,1,target irregular verb 'was' is absent from gloss,0,0,no unmatched agreement/inflection found,0,0,shared content order is unchanged or indeterminate,0
synthetic_telegraphic:bdb06bb9ea953e87fe4a,synthetic_telegraphic,PURITANS THEMSELVES GREW AWAY MANY THEIR EXCESSIVE SEVERITIES,The Puritans themselves grew away from many of their excessive severities.,ARTICLE_DROP|PREPOSITION_DROP|PUNCTUATION_DROP,1,target token 'the' is not lexicalized in gloss,1,1,target token 'from' is not lexicalized in gloss | target token 'of' is not lexicalized in gloss,1,0,no unmatched target feature found,0,0,no unmatched target feature found,0,0,no unmatched tense/aspect realization found,0,0,no unmatched agreement/inflection found,0,0,shared content order is unchanged or indeterminate,0
synthetic_telegraphic:80a07f523f5cde35bb9d,synthetic_telegraphic,THAT HIS HOPES AND EXPECTATIONS NOT GO HAND HAND TOGETHER,that his hopes and expectations did not go hand in hand together.,AUXILIARY_DROP|PREPOSITION_DROP|PUNCTUATION_DROP,0,no unmatched target feature found,0,1,target token 'in' is not lexicalized in gloss,1,1,target token 'did' is not lexicalized in gloss,1,0,no unmatched target feature found,0,1,target irregular verb 'did' is absent from gloss,0,0,no unmatched agreement/inflection found,0,0,shared content order is unchanged or indeterminate,0
synthetic_telegraphic:d08553491be353a5d0c2,synthetic_telegraphic,THERE SCARCELY MOMENT WHICH SHE NOT LAMENT HIM,There was scarcely a moment in which she did not lament him.,AUXILIARY_DROP|ARTICLE_DROP|PREPOSITION_DROP|PUNCTUATION_DROP,1,target token 'a' is not lexicalized in gloss,1,1,target token 'in' is not lexicalized in gloss,1,1,target token 'did' is not lexicalized in gloss | target token 'was' is not lexicalized in gloss,1,0,no unmatched target feature found,0,1,target irregular verb 'was' is absent from gloss | target irregular verb 'did' is absent from gloss,0,0,no unmatched agreement/inflection found,0,0,shared content order is unchanged or indeterminate,0
synthetic_telegraphic:a74d16ebdbb74b75674a,synthetic_telegraphic,SHE IGNORED HIS PROTEST AS SHE ALWAYS IGNORED PROTESTS HER OWN METHODS HANDLING MATTERS,"She ignored his protest, as she always ignored protests against her own methods of handling matters.",PREPOSITION_DROP|PUNCTUATION_DROP,0,no unmatched target feature found,0,1,target token 'against' is not lexicalized in gloss | target token 'of' is not lexicalized in gloss,1,0,no unmatched target feature found,0,0,no unmatched target feature found,0,0,no unmatched tense/aspect realization found,0,0,no unmatched agreement/inflection found,0,0,shared content order is unchanged or indeterminate,0
synthetic_telegraphic:1d2e3459c169c9b61523,synthetic_telegraphic,YET NOT EIGHTEEN FIFTY ONE GENERAL CONSENT PART HIS FIRST BORN DAUGHTER,"Yet, not until eighteen fifty one did the General consent to part with his first born daughter.",PREPOSITION_DROP|AUXILIARY_DROP|ARTICLE_DROP|PUNCTUATION_DROP,1,target token 'the' is not lexicalized in gloss,1,1,target token 'to' is not lexicalized in gloss | target token 'until' is not lexicalized in gloss | target token 'with' is not lexicalized in gloss,1,1,target token 'did' is not lexicalized in gloss,1,0,no unmatched target feature found,0,1,target irregular verb 'did' is absent from gloss,0,0,no unmatched agreement/inflection found,0,0,shared content order is unchanged or indeterminate,0
synthetic_telegraphic:3e49264d4de9c8423038,synthetic_telegraphic,BOY GO PARK MORNING,The boy went to the park in the morning.,ARTICLE_DROP|VERB_LEMMA|TENSE_NEUTRALIZATION|PREPOSITION_DROP|PUNCTUATION_DROP|AGREEMENT_SIMPLIFICATION,1,target token 'the' is not lexicalized in gloss,1,1,target token 'in' is not lexicalized in gloss | target token 'to' is not lexicalized in gloss,1,0,no unmatched target feature found,0,0,no unmatched target feature found,0,1,target verb 'went' realizes gloss lemma 'go',1,0,no unmatched agreement/inflection found,1,0,shared content order is unchanged or indeterminate,0
synthetic_telegraphic:ec53b2cbee8325c9e55e,synthetic_telegraphic,BOY VISIT PARK,The boy will visit the park.,ARTICLE_DROP|AUXILIARY_DROP|PUNCTUATION_DROP,1,target token 'the' is not lexicalized in gloss,1,0,no unmatched target feature found,0,1,target token 'will' is not lexicalized in gloss,1,0,no unmatched target feature found,0,0,no unmatched tense/aspect realization found,0,0,no unmatched agreement/inflection found,0,0,shared content order is unchanged or indeterminate,0
synthetic_telegraphic:674fb2a6af88858bdc07,synthetic_telegraphic,NOW KNEW THAT ALL HIS PROJECTS BRING THEIR FINAL ISSUE,now knew that all his projects must be brought to their final issue.,AUXILIARY_DROP|VERB_LEMMA|TENSE_NEUTRALIZATION|PREPOSITION_DROP|PUNCTUATION_DROP|AGREEMENT_SIMPLIFICATION,0,no unmatched target feature found,0,1,target token 'to' is not lexicalized in gloss,1,1,target token 'be' is not lexicalized in gloss | target token 'must' is not lexicalized in gloss,1,0,no unmatched target feature found,0,1,target verb 'brought' realizes gloss lemma 'bring',1,0,no unmatched agreement/inflection found,1,0,shared content order is unchanged or indeterminate,0
synthetic_telegraphic:8e62425fc09d0af9522f,synthetic_telegraphic,GIRL GOING STORE AFTERNOON,The girl is going to the store in the afternoon.,ARTICLE_DROP|AUXILIARY_DROP|PREPOSITION_DROP|PUNCTUATION_DROP,1,target token 'the' is not lexicalized in gloss,1,1,target token 'in' is not lexicalized in gloss | target token 'to' is not lexicalized in gloss,1,1,target token 'is' is not lexicalized in gloss,1,0,no unmatched target feature found,0,1,target irregular verb 'is' is absent from gloss,0,0,no unmatched agreement/inflection found,0,0,shared content order is unchanged or indeterminate,0
synthetic_telegraphic:bcc9b8438eef36cd77e9,synthetic_telegraphic,YOU THINK I GO THEN SHE SAY DOUBTFULLY LITTLE,"You think I must go, then, she said a little doubtfully.",AUXILIARY_DROP|VERB_LEMMA|TENSE_NEUTRALIZATION|ARTICLE_DROP|CONTROLLED_ADJECTIVE_ORDER|WORD_ORDER|PUNCTUATION_DROP|AGREEMENT_SIMPLIFICATION,1,target token 'a' is not lexicalized in gloss,1,0,no unmatched target feature found,0,1,target token 'must' is not lexicalized in gloss,1,0,no unmatched target feature found,0,1,target verb 'said' realizes gloss lemma 'say',1,0,no unmatched agreement/inflection found,1,1,"shared content order differs: gloss=['think', 'go', 'then', 'say', 'doubtfully', 'little'], target=['think', 'go', 'then', 'say', 'little', 'doubtfully']",1
synthetic_telegraphic:c5186657dd8d771f6f47,synthetic_telegraphic,WHICH SHE CARRIED HOME GLADNESS HER SICK SOULED BROTHER COMFORT AND STRENGTHEN HIM,"which she might have carried home in gladness to her sick souled brother, to comfort and strengthen him.",AUXILIARY_DROP|PREPOSITION_DROP|PUNCTUATION_DROP,0,no unmatched target feature found,0,1,target token 'in' is not lexicalized in gloss | target token 'to' is not lexicalized in gloss,1,1,target token 'have' is not lexicalized in gloss | target token 'might' is not lexicalized in gloss,1,0,no unmatched target feature found,0,0,no unmatched tense/aspect realization found,0,0,no unmatched agreement/inflection found,0,0,shared content order is unchanged or indeterminate,0
synthetic_telegraphic:29a8cfd589e1dde0db40,synthetic_telegraphic,CHILD CATCHES BALL RED PARK,The child catches the red ball in the park.,ARTICLE_DROP|PREPOSITION_DROP|CONTROLLED_ADJECTIVE_ORDER|WORD_ORDER|PUNCTUATION_DROP|AGREEMENT_SIMPLIFICATION,1,target token 'the' is not lexicalized in gloss,1,1,target token 'in' is not lexicalized in gloss,1,0,no unmatched target feature found,0,0,no unmatched target feature found,0,0,no unmatched tense/aspect realization found,0,0,no unmatched agreement/inflection found,1,1,"shared content order differs: gloss=['child', 'catch', 'ball', 'red', 'park'], target=['child', 'catch', 'red', 'ball', 'park']",1
synthetic_telegraphic:d942db3ba9735abc9127,synthetic_telegraphic,TEACHER GO SCHOOL AFTERNOON,The teacher goes to the school in the afternoon.,ARTICLE_DROP|VERB_LEMMA|TENSE_NEUTRALIZATION|PREPOSITION_DROP|PUNCTUATION_DROP|AGREEMENT_SIMPLIFICATION,1,target token 'the' is not lexicalized in gloss,1,1,target token 'in' is not lexicalized in gloss | target token 'to' is not lexicalized in gloss,1,0,no unmatched target feature found,0,0,no unmatched target feature found,0,1,target verb 'goes' realizes gloss lemma 'go',1,1,target form 'goes' inflects gloss lemma 'go',1,0,shared content order is unchanged or indeterminate,0
synthetic_telegraphic:0ea5514c4bd9f12d55cb,synthetic_telegraphic,YOU IMAGINE MY ALARM,You may imagine my alarm.,AUXILIARY_DROP|PUNCTUATION_DROP,0,no unmatched target feature found,0,0,no unmatched target feature found,0,1,target token 'may' is not lexicalized in gloss,1,0,no unmatched target feature found,0,0,no unmatched tense/aspect realization found,0,0,no unmatched agreement/inflection found,0,0,shared content order is unchanged or indeterminate,0
synthetic_telegraphic:068f684f11d9c99b1d16,synthetic_telegraphic,PRODUCING RESPONSE KIND THAT TAKE AWAY ABILITY THINK ANYTHING EXCEPT RETALIATION,producing a response in kind that takes away the ability to think of anything except retaliation.,ARTICLE_DROP|PREPOSITION_DROP|VERB_LEMMA|TENSE_NEUTRALIZATION|PUNCTUATION_DROP|AGREEMENT_SIMPLIFICATION,1,target token 'a' is not lexicalized in gloss | target token 'the' is not lexicalized in gloss,1,1,target token 'in' is not lexicalized in gloss | target token 'of' is not lexicalized in gloss | target token 'to' is not lexicalized in gloss,1,0,no unmatched target feature found,0,0,no unmatched target feature found,0,0,no unmatched tense/aspect realization found,1,0,no unmatched agreement/inflection found,1,0,shared content order is unchanged or indeterminate,0
synthetic_telegraphic:763a2e37b2efa4eb8c78,synthetic_telegraphic,PROFESSOR TEACH CLASS HISTORY,The professor taught the class history.,ARTICLE_DROP|VERB_LEMMA|TENSE_NEUTRALIZATION|PUNCTUATION_DROP|AGREEMENT_SIMPLIFICATION,1,target token 'the' is not lexicalized in gloss,1,0,no unmatched target feature found,0,0,no unmatched target feature found,0,0,no unmatched target feature found,0,1,target verb 'taught' realizes gloss lemma 'teach',1,0,no unmatched agreement/inflection found,1,0,shared content order is unchanged or indeterminate,0
synthetic_telegraphic:c20302f4e0edd3915c4b,synthetic_telegraphic,FELLOW WHOM I STRUCK LAY WHERE HE FALLEN,"The fellow whom I had struck lay where he had fallen,.",ARTICLE_DROP|AUXILIARY_DROP|PUNCTUATION_DROP,1,target token 'the' is not lexicalized in gloss,1,0,no unmatched target feature found,0,1,target token 'had' is not lexicalized in gloss,1,0,no unmatched target feature found,0,1,target irregular verb 'had' is absent from gloss | target irregular verb 'had' is absent from gloss,0,0,no unmatched agreement/inflection found,0,0,shared content order is unchanged or indeterminate,0
synthetic_telegraphic:9b43ac2441bf18d1c31c,synthetic_telegraphic,BROTHER SELL TABLE LARGE,The brother sells a large table.,ARTICLE_DROP|VERB_LEMMA|TENSE_NEUTRALIZATION|CONTROLLED_ADJECTIVE_ORDER|WORD_ORDER|PUNCTUATION_DROP|AGREEMENT_SIMPLIFICATION,1,target token 'a' is not lexicalized in gloss | target token 'the' is not lexicalized in gloss,1,0,no unmatched target feature found,0,0,no unmatched target feature found,0,0,no unmatched target feature found,0,1,target verb 'sells' realizes gloss lemma 'sell',1,1,target form 'sells' inflects gloss lemma 'sell',1,1,"shared content order differs: gloss=['brother', 'sell', 'table', 'large'], target=['brother', 'sell', 'large', 'table']",1
synthetic_telegraphic:b397a7abe8ca0f30c0b1,synthetic_telegraphic,LISTEN WHEN ONE BEARS IRREPROACHABLE NAME AS I ONE RATHER SENSITIVE,"Listen when one bears an irreproachable name, as I do, one is rather sensitive.",ARTICLE_DROP|AUXILIARY_DROP|PUNCTUATION_DROP,1,target token 'an' is not lexicalized in gloss,1,0,no unmatched target feature found,0,1,target token 'do' is not lexicalized in gloss | target token 'is' is not lexicalized in gloss,1,0,no unmatched target feature found,0,1,target irregular verb 'is' is absent from gloss,0,0,no unmatched agreement/inflection found,0,0,shared content order is unchanged or indeterminate,0
synthetic_telegraphic:4e25837db742d9f1f63d,synthetic_telegraphic,COMBEFERRE WHO SPOKE THUS NOT ORPHAN,"Combeferre, who spoke thus, was not an orphan.",AUXILIARY_DROP|ARTICLE_DROP|PUNCTUATION_DROP,1,target token 'an' is not lexicalized in gloss,1,0,no unmatched target feature found,0,1,target token 'was' is not lexicalized in gloss,1,0,no unmatched target feature found,0,1,target irregular verb 'was' is absent from gloss,0,0,no unmatched agreement/inflection found,0,0,shared content order is unchanged or indeterminate,0
synthetic_telegraphic:a42fd8b1abbd31647e68,synthetic_telegraphic,GIRL GO STORE,The girl went to the store.,ARTICLE_DROP|VERB_LEMMA|TENSE_NEUTRALIZATION|PREPOSITION_DROP|PUNCTUATION_DROP|AGREEMENT_SIMPLIFICATION,1,target token 'the' is not lexicalized in gloss,1,1,target token 'to' is not lexicalized in gloss,1,0,no unmatched target feature found,0,0,no unmatched target feature found,0,1,target verb 'went' realizes gloss lemma 'go',1,0,no unmatched agreement/inflection found,1,0,shared content order is unchanged or indeterminate,0
synthetic_telegraphic:6bf444a92f6d5284d1f6,synthetic_telegraphic,AROUSED HIM SEEK THEIR FREEDOM FLIGHT,aroused him to seek their freedom by flight.,PREPOSITION_DROP|PUNCTUATION_DROP,0,no unmatched target feature found,0,1,target token 'by' is not lexicalized in gloss | target token 'to' is not lexicalized in gloss,1,0,no unmatched target feature found,0,0,no unmatched target feature found,0,0,no unmatched tense/aspect realization found,0,0,no unmatched agreement/inflection found,0,0,shared content order is unchanged or indeterminate,0
synthetic_telegraphic:238f0e46f8403394b495,synthetic_telegraphic,NOT CULTIVATOR DIGGING,"For had not the cultivator been digging,.",PREPOSITION_DROP|AUXILIARY_DROP|ARTICLE_DROP|PUNCTUATION_DROP,1,target token 'the' is not lexicalized in gloss,1,1,target token 'for' is not lexicalized in gloss,1,1,target token 'been' is not lexicalized in gloss | target token 'had' is not lexicalized in gloss,1,0,no unmatched target feature found,0,1,target irregular verb 'had' is absent from gloss | target irregular verb 'been' is absent from gloss,0,0,no unmatched agreement/inflection found,0,0,shared content order is unchanged or indeterminate,0
synthetic_telegraphic:d69666c2709762ca8c1c,synthetic_telegraphic,FAMILIES BRED OPULENCE AND LUXURY REDUCED BEGGARY,"Families, bred in opulence and luxury, were reduced to beggary.",PREPOSITION_DROP|AUXILIARY_DROP|PUNCTUATION_DROP,0,no unmatched target feature found,0,1,target token 'in' is not lexicalized in gloss | target token 'to' is not lexicalized in gloss,1,1,target token 'were' is not lexicalized in gloss,1,0,no unmatched target feature found,0,1,target irregular verb 'were' is absent from gloss,0,0,no unmatched agreement/inflection found,0,0,shared content order is unchanged or indeterminate,0
synthetic_telegraphic:3f749786e9412a6a4871,synthetic_telegraphic,THAT SIX FEET TWO INCHES,"That is, six feet, two inches.",AUXILIARY_DROP|PUNCTUATION_DROP,0,no unmatched target feature found,0,0,no unmatched target feature found,0,1,target token 'is' is not lexicalized in gloss,1,0,no unmatched target feature found,0,0,no unmatched tense/aspect realization found,0,0,no unmatched agreement/inflection found,0,0,shared content order is unchanged or indeterminate,0
synthetic_telegraphic:2d6d58176af49d186757,synthetic_telegraphic,TEACHER SHOW CHILD LESSON,The teacher will show the lesson to the child.,ARTICLE_DROP|AUXILIARY_DROP|PREPOSITION_DROP|WORD_ORDER|PUNCTUATION_DROP|AGREEMENT_SIMPLIFICATION,1,target token 'the' is not lexicalized in gloss,1,1,target token 'to' is not lexicalized in gloss,1,1,target token 'will' is not lexicalized in gloss,1,0,no unmatched target feature found,0,0,no unmatched tense/aspect realization found,0,0,no unmatched agreement/inflection found,1,1,"shared content order differs: gloss=['teacher', 'show', 'child', 'lesson'], target=['teacher', 'show', 'lesson', 'child']",1
synthetic_telegraphic:986fbd0882eed5ce1d36,synthetic_telegraphic,FATHER CHOOSE TICKET GREEN,The father will choose a green ticket.,ARTICLE_DROP|AUXILIARY_DROP|CONTROLLED_ADJECTIVE_ORDER|WORD_ORDER|PUNCTUATION_DROP|AGREEMENT_SIMPLIFICATION,1,target token 'a' is not lexicalized in gloss | target token 'the' is not lexicalized in gloss,1,0,no unmatched target feature found,0,1,target token 'will' is not lexicalized in gloss,1,0,no unmatched target feature found,0,0,no unmatched tense/aspect realization found,0,0,no unmatched agreement/inflection found,1,1,"shared content order differs: gloss=['father', 'choose', 'ticket', 'green'], target=['father', 'choose', 'green', 'ticket']",1
synthetic_telegraphic:98e674b01bf5272dfdd6,synthetic_telegraphic,ASK HIM IF HE MINDS SEE ME MY ROOM,Ask him if he minds seeing me in my room.,VERB_LEMMA|TENSE_NEUTRALIZATION|PREPOSITION_DROP|PUNCTUATION_DROP|AGREEMENT_SIMPLIFICATION,0,no unmatched target feature found,0,1,target token 'in' is not lexicalized in gloss,1,0,no unmatched target feature found,0,0,no unmatched target feature found,0,0,no unmatched tense/aspect realization found,1,0,no unmatched agreement/inflection found,1,0,shared content order is unchanged or indeterminate,0
synthetic_telegraphic:4943d5ac5b7986eb1b26,synthetic_telegraphic,PARENT BAKE RICE THIS EVENING,The parent will bake rice this evening.,ARTICLE_DROP|AUXILIARY_DROP|PUNCTUATION_DROP,1,target token 'the' is not lexicalized in gloss,1,0,no unmatched target feature found,0,1,target token 'will' is not lexicalized in gloss,1,0,no unmatched target feature found,0,0,no unmatched tense/aspect realization found,0,0,no unmatched agreement/inflection found,0,0,shared content order is unchanged or indeterminate,0
synthetic_telegraphic:38ae1817dbe419f4fd8b,synthetic_telegraphic,UNCLE SELL VEHICLE BLUE,The uncle sold a blue vehicle.,ARTICLE_DROP|VERB_LEMMA|TENSE_NEUTRALIZATION|CONTROLLED_ADJECTIVE_ORDER|WORD_ORDER|PUNCTUATION_DROP|AGREEMENT_SIMPLIFICATION,1,target token 'a' is not lexicalized in gloss | target token 'the' is not lexicalized in gloss,1,0,no unmatched target feature found,0,0,no unmatched target feature found,0,0,no unmatched target feature found,0,1,target verb 'sold' realizes gloss lemma 'sell',1,0,no unmatched agreement/inflection found,1,1,"shared content order differs: gloss=['uncle', 'sell', 'vehicle', 'blue'], target=['uncle', 'sell', 'blue', 'vehicle']",1
synthetic_telegraphic:e2e513a4096428e98e2b,synthetic_telegraphic,CHILD WALK FAST STATION,The child walks fast in the station.,ARTICLE_DROP|VERB_LEMMA|TENSE_NEUTRALIZATION|PREPOSITION_DROP|PUNCTUATION_DROP|AGREEMENT_SIMPLIFICATION,1,target token 'the' is not lexicalized in gloss,1,1,target token 'in' is not lexicalized in gloss,1,0,no unmatched target feature found,0,0,no unmatched target feature found,0,1,target verb 'walks' realizes gloss lemma 'walk',1,1,target form 'walks' inflects gloss lemma 'walk',1,0,shared content order is unchanged or indeterminate,0
synthetic_telegraphic:0ede351f2639316f132e,synthetic_telegraphic,NEVERTHELESS HE LOOK VERY PALE AND SHAKEN WHEN HE COME LIGHT LANDING,"Nevertheless, he looked very pale and shaken when he came into the light on the landing,.",VERB_LEMMA|TENSE_NEUTRALIZATION|PREPOSITION_DROP|ARTICLE_DROP|PUNCTUATION_DROP|AGREEMENT_SIMPLIFICATION,1,target token 'the' is not lexicalized in gloss,1,1,target token 'into' is not lexicalized in gloss | target token 'on' is not lexicalized in gloss,1,0,no unmatched target feature found,0,0,no unmatched target feature found,0,1,target verb 'looked' realizes gloss lemma 'look' | target verb 'came' realizes gloss lemma 'come',1,0,no unmatched agreement/inflection found,1,0,shared content order is unchanged or indeterminate,0
synthetic_telegraphic:e4c1880ef7c83477f6b4,synthetic_telegraphic,IT NOT HOWEVER THIS INTERVAL THAT WE CLOSELY CONCERNED HER,"It is not, however, during this interval that we are closely concerned with her.",AUXILIARY_DROP|PREPOSITION_DROP|PUNCTUATION_DROP,0,no unmatched target feature found,0,1,target token 'during' is not lexicalized in gloss | target token 'with' is not lexicalized in gloss,1,1,target token 'are' is not lexicalized in gloss | target token 'is' is not lexicalized in gloss,1,0,no unmatched target feature found,0,1,target irregular verb 'is' is absent from gloss | target irregular verb 'are' is absent from gloss,0,0,no unmatched agreement/inflection found,0,0,shared content order is unchanged or indeterminate,0
synthetic_telegraphic:3fb1a9fdd99405d80c18,synthetic_telegraphic,PLAYER PLAY PLAYGROUND,The player will play in the playground.,ARTICLE_DROP|AUXILIARY_DROP|PREPOSITION_DROP|PUNCTUATION_DROP,1,target token 'the' is not lexicalized in gloss,1,1,target token 'in' is not lexicalized in gloss,1,1,target token 'will' is not lexicalized in gloss,1,0,no unmatched target feature found,0,0,no unmatched tense/aspect realization found,0,0,no unmatched agreement/inflection found,0,0,shared content order is unchanged or indeterminate,0
synthetic_telegraphic:9ef4a9f5a99e3bf9fa96,synthetic_telegraphic,YOUR BABIES BORN THAT LITTLE BEDROOM GROUND,Are your babies born down in that little bedroom in the ground?,AUXILIARY_DROP|PREPOSITION_DROP|ARTICLE_DROP|PUNCTUATION_DROP,1,target token 'the' is not lexicalized in gloss,1,1,target token 'down' is not lexicalized in gloss | target token 'in' is not lexicalized in gloss,1,1,target token 'are' is not lexicalized in gloss,1,0,no unmatched target feature found,0,1,target irregular verb 'are' is absent from gloss,0,0,no unmatched agreement/inflection found,0,0,shared content order is unchanged or indeterminate,0
synthetic_telegraphic:b895c88fe23b7c2ca2d2,synthetic_telegraphic,PUPIL REVIEW HISTORY SCHOOL,The pupil reviewed the history at school.,ARTICLE_DROP|VERB_LEMMA|TENSE_NEUTRALIZATION|PREPOSITION_DROP|PUNCTUATION_DROP|AGREEMENT_SIMPLIFICATION,1,target token 'the' is not lexicalized in gloss,1,1,target token 'at' is not lexicalized in gloss,1,0,no unmatched target feature found,0,0,no unmatched target feature found,0,1,target verb 'reviewed' realizes gloss lemma 'review',1,0,no unmatched agreement/inflection found,1,0,shared content order is unchanged or indeterminate,0
synthetic_telegraphic:c58b49aca172e84ad71a,synthetic_telegraphic,CHILD GO PARK EVENING,The child will go to the park in the evening.,ARTICLE_DROP|AUXILIARY_DROP|PREPOSITION_DROP|PUNCTUATION_DROP,1,target token 'the' is not lexicalized in gloss,1,1,target token 'in' is not lexicalized in gloss | target token 'to' is not lexicalized in gloss,1,1,target token 'will' is not lexicalized in gloss,1,0,no unmatched target feature found,0,0,no unmatched tense/aspect realization found,0,0,no unmatched agreement/inflection found,0,0,shared content order is unchanged or indeterminate,0
synthetic_telegraphic:3ea06844e08b6f59b1e1,synthetic_telegraphic,THIS PRESERVATIVE SHE NOW OBTAINED AND AGE TWENTY SEVEN,"This preservative she had now obtained and at the age of twenty seven,.",AUXILIARY_DROP|PREPOSITION_DROP|ARTICLE_DROP|PUNCTUATION_DROP,1,target token 'the' is not lexicalized in gloss,1,1,target token 'at' is not lexicalized in gloss | target token 'of' is not lexicalized in gloss,1,1,target token 'had' is not lexicalized in gloss,1,0,no unmatched target feature found,0,1,target irregular verb 'had' is absent from gloss,0,0,no unmatched agreement/inflection found,0,0,shared content order is unchanged or indeterminate,0
synthetic_telegraphic:b23743b5d9f196c21820,synthetic_telegraphic,WHO GAINED POWER COUNTRY DISPOSED OFFER IT BOON,"who have gained power over the country, are disposed to offer it the boon.",AUXILIARY_DROP|PREPOSITION_DROP|ARTICLE_DROP|PUNCTUATION_DROP,1,target token 'the' is not lexicalized in gloss,1,1,target token 'over' is not lexicalized in gloss | target token 'to' is not lexicalized in gloss,1,1,target token 'are' is not lexicalized in gloss | target token 'have' is not lexicalized in gloss,1,0,no unmatched target feature found,0,1,target irregular verb 'are' is absent from gloss,0,0,no unmatched agreement/inflection found,0,0,shared content order is unchanged or indeterminate,0
synthetic_telegraphic:b88e4a4986e28a5628b5,synthetic_telegraphic,THIS BOOK CALL KORAN WHICH MEANS LIKE OUR OWN WORD BIBLE BOOK,"This book is called the Koran, which means, like our own word Bible, the Book.",AUXILIARY_DROP|VERB_LEMMA|TENSE_NEUTRALIZATION|ARTICLE_DROP|PUNCTUATION_DROP|AGREEMENT_SIMPLIFICATION,1,target token 'the' is not lexicalized in gloss,1,0,no unmatched target feature found,0,1,target token 'is' is not lexicalized in gloss,1,0,no unmatched target feature found,0,1,target irregular verb 'is' is absent from gloss,1,0,no unmatched agreement/inflection found,1,0,shared content order is unchanged or indeterminate,0
synthetic_telegraphic:14c195b53d844ed0a153,synthetic_telegraphic,WHO AS BIG AS GIANT AND SIX TIMES AS POWERFUL,"who was as big as a giant, and six times as powerful.",AUXILIARY_DROP|ARTICLE_DROP|PUNCTUATION_DROP,1,target token 'a' is not lexicalized in gloss,1,0,no unmatched target feature found,0,1,target token 'was' is not lexicalized in gloss,1,0,no unmatched target feature found,0,1,target irregular verb 'was' is absent from gloss,0,0,no unmatched agreement/inflection found,0,0,shared content order is unchanged or indeterminate,0
synthetic_telegraphic:a266ad13e0540acc9f22,synthetic_telegraphic,SO HE SECRETLY LEFT HIS NATIVE TOWN AND FLED HIS ENEMIES,So he secretly left his native town and fled from his enemies.,PREPOSITION_DROP|PUNCTUATION_DROP,0,no unmatched target feature found,0,1,target token 'from' is not lexicalized in gloss,1,0,no unmatched target feature found,0,0,no unmatched target feature found,0,0,no unmatched tense/aspect realization found,0,0,no unmatched agreement/inflection found,0,0,shared content order is unchanged or indeterminate,0
synthetic_telegraphic:d87d697647fd40e62be0,synthetic_telegraphic,NIGHT I ANSWER HIM,To night I shall answer him.,PREPOSITION_DROP|AUXILIARY_DROP|PUNCTUATION_DROP,0,no unmatched target feature found,0,1,target token 'to' is not lexicalized in gloss,1,1,target token 'shall' is not lexicalized in gloss,1,0,no unmatched target feature found,0,0,no unmatched tense/aspect realization found,0,0,no unmatched agreement/inflection found,0,0,shared content order is unchanged or indeterminate,0
synthetic_telegraphic:2a6d0fc3d6180870a132,synthetic_telegraphic,ME NEVER LOVE ANY ONE ELSE,I should never love any one else.,AUXILIARY_DROP|OPTIONAL_PRONOUN_REDUCTION|PUNCTUATION_DROP|AGREEMENT_SIMPLIFICATION,0,no unmatched target feature found,0,0,no unmatched target feature found,0,1,target token 'should' is not lexicalized in gloss,1,1,target token 'i' is not lexicalized in gloss,1,0,no unmatched tense/aspect realization found,0,0,no unmatched agreement/inflection found,1,0,shared content order is unchanged or indeterminate,0
synthetic_telegraphic:ec0b031f37f8391c2af1,synthetic_telegraphic,WHO CAPTURED DRAGON,who has been captured by a dragon.,AUXILIARY_DROP|PREPOSITION_DROP|ARTICLE_DROP|PUNCTUATION_DROP,1,target token 'a' is not lexicalized in gloss,1,1,target token 'by' is not lexicalized in gloss,1,1,target token 'been' is not lexicalized in gloss | target token 'has' is not lexicalized in gloss,1,0,no unmatched target feature found,0,1,target irregular verb 'has' is absent from gloss | target irregular verb 'been' is absent from gloss,0,0,no unmatched agreement/inflection found,0,0,shared content order is unchanged or indeterminate,0
synthetic_telegraphic:74e5768471b9a9c0389d,synthetic_telegraphic,OLENIN ASK FIDGETY SCOUT,Olenin asked of the fidgety scout.,VERB_LEMMA|TENSE_NEUTRALIZATION|PREPOSITION_DROP|ARTICLE_DROP|PUNCTUATION_DROP|AGREEMENT_SIMPLIFICATION,1,target token 'the' is not lexicalized in gloss,1,1,target token 'of' is not lexicalized in gloss,1,0,no unmatched target feature found,0,0,no unmatched target feature found,0,1,target verb 'asked' realizes gloss lemma 'ask',1,0,no unmatched agreement/inflection found,1,0,shared content order is unchanged or indeterminate,0
synthetic_telegraphic:7abec80d3057f6eb3577,synthetic_telegraphic,CLASS STUDIES RULE SCHOOL,The class studies the rule at school.,ARTICLE_DROP|PREPOSITION_DROP|PUNCTUATION_DROP,1,target token 'the' is not lexicalized in gloss,1,1,target token 'at' is not lexicalized in gloss,1,0,no unmatched target feature found,0,0,no unmatched target feature found,0,0,no unmatched tense/aspect realization found,0,0,no unmatched agreement/inflection found,0,0,shared content order is unchanged or indeterminate,0
synthetic_telegraphic:72957a7eb38388112369,synthetic_telegraphic,THAT MOMENT JERRY COME HURRYING DECK,At that moment Jerry came hurrying down the deck.,PREPOSITION_DROP|VERB_LEMMA|TENSE_NEUTRALIZATION|ARTICLE_DROP|PUNCTUATION_DROP|AGREEMENT_SIMPLIFICATION,1,target token 'the' is not lexicalized in gloss,1,1,target token 'at' is not lexicalized in gloss | target token 'down' is not lexicalized in gloss,1,0,no unmatched target feature found,0,0,no unmatched target feature found,0,1,target verb 'came' realizes gloss lemma 'come',1,0,no unmatched agreement/inflection found,1,0,shared content order is unchanged or indeterminate,0
synthetic_telegraphic:1b6d24a9d15850b3319e,synthetic_telegraphic,CHILD RUN FAST MARKET,The child is running fast in the market.,ARTICLE_DROP|AUXILIARY_DROP|VERB_LEMMA|TENSE_NEUTRALIZATION|PREPOSITION_DROP|PUNCTUATION_DROP|AGREEMENT_SIMPLIFICATION,1,target token 'the' is not lexicalized in gloss,1,1,target token 'in' is not lexicalized in gloss,1,1,target token 'is' is not lexicalized in gloss,1,0,no unmatched target feature found,0,1,target irregular verb 'is' is absent from gloss | target verb 'running' realizes gloss lemma 'run',1,0,no unmatched agreement/inflection found,1,0,shared content order is unchanged or indeterminate,0
synthetic_telegraphic:18180ad3d9c56a934425,synthetic_telegraphic,CHILD CATCH STONE YOUNG,The young child caught the stone.,ARTICLE_DROP|VERB_LEMMA|TENSE_NEUTRALIZATION|CONTROLLED_ADJECTIVE_ORDER|WORD_ORDER|PUNCTUATION_DROP|AGREEMENT_SIMPLIFICATION,1,target token 'the' is not lexicalized in gloss,1,0,no unmatched target feature found,0,0,no unmatched target feature found,0,0,no unmatched target feature found,0,1,target verb 'caught' realizes gloss lemma 'catch',1,0,no unmatched agreement/inflection found,1,1,"shared content order differs: gloss=['child', 'catch', 'stone', 'young'], target=['young', 'child', 'catch', 'stone']",1
synthetic_telegraphic:4ee97107ea653fad7adb,synthetic_telegraphic,IF MAN FEW INSTANCES HIS LIFE SAY,"If man, in a few instances of his life can say,.",PREPOSITION_DROP|ARTICLE_DROP|AUXILIARY_DROP|PUNCTUATION_DROP,1,target token 'a' is not lexicalized in gloss,1,1,target token 'in' is not lexicalized in gloss | target token 'of' is not lexicalized in gloss,1,1,target token 'can' is not lexicalized in gloss,1,0,no unmatched target feature found,0,0,no unmatched tense/aspect realization found,0,0,no unmatched agreement/inflection found,0,0,shared content order is unchanged or indeterminate,0
synthetic_telegraphic:f08c4f483193a639ce2a,synthetic_telegraphic,HE COMMAND VISITS HIS OWN LITTLE CIRCLE GREAT MEASURE AS HE LIKE,"he could command the visits of his own little circle, in a great measure, as he liked.",AUXILIARY_DROP|ARTICLE_DROP|PREPOSITION_DROP|VERB_LEMMA|TENSE_NEUTRALIZATION|PUNCTUATION_DROP|AGREEMENT_SIMPLIFICATION,1,target token 'a' is not lexicalized in gloss | target token 'the' is not lexicalized in gloss,1,1,target token 'in' is not lexicalized in gloss | target token 'of' is not lexicalized in gloss,1,1,target token 'could' is not lexicalized in gloss,1,0,no unmatched target feature found,0,0,no unmatched tense/aspect realization found,1,0,no unmatched agreement/inflection found,1,0,shared content order is unchanged or indeterminate,0
synthetic_telegraphic:dd2d804dd3a1b8235a99,synthetic_telegraphic,SNAP AND I ONE TABLES,Snap and I had one of the tables.,AUXILIARY_DROP|PREPOSITION_DROP|ARTICLE_DROP|PUNCTUATION_DROP,1,target token 'the' is not lexicalized in gloss,1,1,target token 'of' is not lexicalized in gloss,1,1,target token 'had' is not lexicalized in gloss,1,0,no unmatched target feature found,0,1,target irregular verb 'had' is absent from gloss,0,0,no unmatched agreement/inflection found,0,0,shared content order is unchanged or indeterminate,0
synthetic_telegraphic:cacf923d05fd26b137ad,synthetic_telegraphic,MAN GO STORE AFTERNOON,The man went to the store in the afternoon.,ARTICLE_DROP|VERB_LEMMA|TENSE_NEUTRALIZATION|PREPOSITION_DROP|PUNCTUATION_DROP|AGREEMENT_SIMPLIFICATION,1,target token 'the' is not lexicalized in gloss,1,1,target token 'in' is not lexicalized in gloss | target token 'to' is not lexicalized in gloss,1,0,no unmatched target feature found,0,0,no unmatched target feature found,0,1,target verb 'went' realizes gloss lemma 'go',1,0,no unmatched agreement/inflection found,1,0,shared content order is unchanged or indeterminate,0
synthetic_telegraphic:a833e2647c033dc20ed6,synthetic_telegraphic,BUT WE REMEMBER THIS SIMIAN COMMENT,But we must remember this is a simian comment.,AUXILIARY_DROP|ARTICLE_DROP|PUNCTUATION_DROP,1,target token 'a' is not lexicalized in gloss,1,0,no unmatched target feature found,0,1,target token 'is' is not lexicalized in gloss | target token 'must' is not lexicalized in gloss,1,0,no unmatched target feature found,0,1,target irregular verb 'is' is absent from gloss,0,0,no unmatched agreement/inflection found,0,0,shared content order is unchanged or indeterminate,0
synthetic_telegraphic:cbb1c8e8e6de7053c39b,synthetic_telegraphic,NORHALA COURSE I LOOK NO PERCEPTION ANY THIS,"From Norhala, of course, I looked for no perception of any of this.",PREPOSITION_DROP|VERB_LEMMA|TENSE_NEUTRALIZATION|PUNCTUATION_DROP|AGREEMENT_SIMPLIFICATION,0,no unmatched target feature found,0,1,target token 'for' is not lexicalized in gloss | target token 'from' is not lexicalized in gloss | target token 'of' is not lexicalized in gloss,1,0,no unmatched target feature found,0,0,no unmatched target feature found,0,1,target verb 'looked' realizes gloss lemma 'look',1,0,no unmatched agreement/inflection found,1,0,shared content order is unchanged or indeterminate,0
synthetic_telegraphic:fe4f4212b22a6c5450ad,synthetic_telegraphic,ABSOLUTELY HEARTLESS HUNT,absolutely heartless on a hunt.,PREPOSITION_DROP|ARTICLE_DROP|PUNCTUATION_DROP,1,target token 'a' is not lexicalized in gloss,1,1,target token 'on' is not lexicalized in gloss,1,0,no unmatched target feature found,0,0,no unmatched target feature found,0,0,no unmatched tense/aspect realization found,0,0,no unmatched agreement/inflection found,0,0,shared content order is unchanged or indeterminate,0
synthetic_telegraphic:e9e3e5eae488064f0023,synthetic_telegraphic,FATHER PREPARE BREAKFAST TODAY,The father prepares breakfast today.,ARTICLE_DROP|VERB_LEMMA|TENSE_NEUTRALIZATION|PUNCTUATION_DROP|AGREEMENT_SIMPLIFICATION,1,target token 'the' is not lexicalized in gloss,1,0,no unmatched target feature found,0,0,no unmatched target feature found,0,0,no unmatched target feature found,0,0,no unmatched tense/aspect realization found,1,0,no unmatched agreement/inflection found,1,0,shared content order is unchanged or indeterminate,0
synthetic_telegraphic:0574b94916c8cdfa1f1e,synthetic_telegraphic,THOU MADEST HIM DOMINION WORKS THY HANDS,'Thou madest him to have dominion over the works of thy hands.,PREPOSITION_DROP|AUXILIARY_DROP|ARTICLE_DROP|PUNCTUATION_DROP,1,target token 'the' is not lexicalized in gloss,1,1,target token 'of' is not lexicalized in gloss | target token 'over' is not lexicalized in gloss | target token 'to' is not lexicalized in gloss,1,1,target token 'have' is not lexicalized in gloss,1,0,no unmatched target feature found,0,0,no unmatched tense/aspect realization found,0,0,no unmatched agreement/inflection found,0,0,shared content order is unchanged or indeterminate,0
synthetic_telegraphic:3c2505fdd05bfdbcc9a1,synthetic_telegraphic,THEN YOU TAKE MANUSCRIPT PRINTERS AND THEN,Then you take the manuscript to the printers' and then..,ARTICLE_DROP|PREPOSITION_DROP|PUNCTUATION_DROP,1,target token 'the' is not lexicalized in gloss,1,1,target token 'to' is not lexicalized in gloss,1,0,no unmatched target feature found,0,0,no unmatched target feature found,0,0,no unmatched tense/aspect realization found,0,0,no unmatched agreement/inflection found,0,0,shared content order is unchanged or indeterminate,0
synthetic_telegraphic:a68e8cdf728d6f1c656e,synthetic_telegraphic,ME SCREAMED WHILE SHE CONTINUED LAUGH,I screamed while she continued to laugh.,PREPOSITION_DROP|OPTIONAL_PRONOUN_REDUCTION|PUNCTUATION_DROP|AGREEMENT_SIMPLIFICATION,0,no unmatched target feature found,0,1,target token 'to' is not lexicalized in gloss,1,0,no unmatched target feature found,0,1,target token 'i' is not lexicalized in gloss,1,0,no unmatched tense/aspect realization found,0,0,no unmatched agreement/inflection found,1,0,shared content order is unchanged or indeterminate,0
synthetic_telegraphic:28bb0e266b2a594f727f,synthetic_telegraphic,BOY CATCH BALL SMALL OUTSIDE,The boy will catch a small ball outside.,ARTICLE_DROP|AUXILIARY_DROP|CONTROLLED_ADJECTIVE_ORDER|WORD_ORDER|PUNCTUATION_DROP|AGREEMENT_SIMPLIFICATION,1,target token 'a' is not lexicalized in gloss | target token 'the' is not lexicalized in gloss,1,0,no unmatched target feature found,0,1,target token 'will' is not lexicalized in gloss,1,0,no unmatched target feature found,0,0,no unmatched tense/aspect realization found,0,0,no unmatched agreement/inflection found,1,1,"shared content order differs: gloss=['boy', 'catch', 'ball', 'small'], target=['boy', 'catch', 'small', 'ball']",1
synthetic_telegraphic:7a3439cf999003a01cd8,synthetic_telegraphic,CHILD GOING SCHOOL AFTERNOON,The child is going to the school in the afternoon.,ARTICLE_DROP|AUXILIARY_DROP|PREPOSITION_DROP|PUNCTUATION_DROP,1,target token 'the' is not lexicalized in gloss,1,1,target token 'in' is not lexicalized in gloss | target token 'to' is not lexicalized in gloss,1,1,target token 'is' is not lexicalized in gloss,1,0,no unmatched target feature found,0,1,target irregular verb 'is' is absent from gloss,0,0,no unmatched agreement/inflection found,0,0,shared content order is unchanged or indeterminate,0
synthetic_telegraphic:ccbff635ad6bb24f4efe,synthetic_telegraphic,HORSE RUN QUICKLY STORE,The horse runs quickly in the store.,ARTICLE_DROP|VERB_LEMMA|TENSE_NEUTRALIZATION|PREPOSITION_DROP|PUNCTUATION_DROP|AGREEMENT_SIMPLIFICATION,1,target token 'the' is not lexicalized in gloss,1,1,target token 'in' is not lexicalized in gloss,1,0,no unmatched target feature found,0,0,no unmatched target feature found,0,1,target verb 'runs' realizes gloss lemma 'run',1,1,target form 'runs' inflects gloss lemma 'run',1,0,shared content order is unchanged or indeterminate,0
synthetic_telegraphic:2b69153b14ca69f512ce,synthetic_telegraphic,AND CONSIDERED AS WILD BEASTS KILLED MERCY WHEREVER CATCH,and were considered as wild beasts to be killed without mercy wherever caught.,AUXILIARY_DROP|PREPOSITION_DROP|VERB_LEMMA|TENSE_NEUTRALIZATION|PUNCTUATION_DROP|AGREEMENT_SIMPLIFICATION,0,no unmatched target feature found,0,1,target token 'to' is not lexicalized in gloss | target token 'without' is not lexicalized in gloss,1,1,target token 'be' is not lexicalized in gloss | target token 'were' is not lexicalized in gloss,1,0,no unmatched target feature found,0,1,target irregular verb 'were' is absent from gloss | target verb 'caught' realizes gloss lemma 'catch',1,0,no unmatched agreement/inflection found,1,0,shared content order is unchanged or indeterminate,0
synthetic_telegraphic:7d52a622158b4742e5cb,synthetic_telegraphic,TEACHER SHOW PUPIL RULE,The teacher is showing the rule to the pupil.,ARTICLE_DROP|AUXILIARY_DROP|VERB_LEMMA|TENSE_NEUTRALIZATION|PREPOSITION_DROP|WORD_ORDER|PUNCTUATION_DROP|AGREEMENT_SIMPLIFICATION,1,target token 'the' is not lexicalized in gloss,1,1,target token 'to' is not lexicalized in gloss,1,1,target token 'is' is not lexicalized in gloss,1,0,no unmatched target feature found,0,1,target irregular verb 'is' is absent from gloss | target verb 'showing' realizes gloss lemma 'show',1,0,no unmatched agreement/inflection found,1,1,"shared content order differs: gloss=['teacher', 'show', 'pupil', 'rule'], target=['teacher', 'show', 'rule', 'pupil']",1
synthetic_telegraphic:bde75906bca6e9181b2c,synthetic_telegraphic,I SURE ROSALIND SAFE YOU,"I am sure Rosalind will be safe with you,.",AUXILIARY_DROP|PREPOSITION_DROP|PUNCTUATION_DROP,0,no unmatched target feature found,0,1,target token 'with' is not lexicalized in gloss,1,1,target token 'am' is not lexicalized in gloss | target token 'be' is not lexicalized in gloss | target token 'will' is not lexicalized in gloss,1,0,no unmatched target feature found,0,1,target irregular verb 'am' is absent from gloss,0,0,no unmatched agreement/inflection found,0,0,shared content order is unchanged or indeterminate,0
synthetic_telegraphic:7bad5e5c4204cea4257f,synthetic_telegraphic,THEN IT TOMORROW,Then it will be tomorrow.,AUXILIARY_DROP|PUNCTUATION_DROP,0,no unmatched target feature found,0,0,no unmatched target feature found,0,1,target token 'be' is not lexicalized in gloss | target token 'will' is not lexicalized in gloss,1,0,no unmatched target feature found,0,0,no unmatched tense/aspect realization found,0,0,no unmatched agreement/inflection found,0,0,shared content order is unchanged or indeterminate,0
synthetic_telegraphic:cb74d0a0ae8b4031e04b,synthetic_telegraphic,SIMON SCREECHER SILENCED TIME,Simon Screecher was silenced for the time being.,AUXILIARY_DROP|PREPOSITION_DROP|ARTICLE_DROP|PUNCTUATION_DROP,1,target token 'the' is not lexicalized in gloss,1,1,target token 'for' is not lexicalized in gloss,1,1,target token 'being' is not lexicalized in gloss | target token 'was' is not lexicalized in gloss,1,0,no unmatched target feature found,0,1,target irregular verb 'was' is absent from gloss | target irregular verb 'being' is absent from gloss,0,0,no unmatched agreement/inflection found,0,0,shared content order is unchanged or indeterminate,0
synthetic_telegraphic:eee243f2305aa1c6e86b,synthetic_telegraphic,SICKENED I SEE FRAGMENTS MAN AND HORSE FLY,"Sickened, I saw fragments of man and horse fly.",VERB_LEMMA|TENSE_NEUTRALIZATION|PREPOSITION_DROP|PUNCTUATION_DROP|AGREEMENT_SIMPLIFICATION,0,no unmatched target feature found,0,1,target token 'of' is not lexicalized in gloss,1,0,no unmatched target feature found,0,0,no unmatched target feature found,0,1,target verb 'saw' realizes gloss lemma 'see',1,0,no unmatched agreement/inflection found,1,0,shared content order is unchanged or indeterminate,0
synthetic_telegraphic:0b9531b1f5caaf2e5404,synthetic_telegraphic,DOG READ OUTSIDE COLD,The dog is reading outside when it is cold.,ARTICLE_DROP|AUXILIARY_DROP|VERB_LEMMA|TENSE_NEUTRALIZATION|OPTIONAL_PRONOUN_REDUCTION|PUNCTUATION_DROP|AGREEMENT_SIMPLIFICATION,1,target token 'the' is not lexicalized in gloss,1,0,no unmatched target feature found,0,1,target token 'is' is not lexicalized in gloss,1,1,target token 'it' is not lexicalized in gloss,1,1,target irregular verb 'is' is absent from gloss | target verb 'reading' realizes gloss lemma 'read' | target irregular verb 'is' is absent from gloss,1,0,no unmatched agreement/inflection found,1,0,shared content order is unchanged or indeterminate,0
synthetic_telegraphic:db18d19f2155eb6de1f2,synthetic_telegraphic,ME NOT WANT ALL THIS TALK,I did not want all this talk.,AUXILIARY_DROP|OPTIONAL_PRONOUN_REDUCTION|PUNCTUATION_DROP|AGREEMENT_SIMPLIFICATION,0,no unmatched target feature found,0,0,no unmatched target feature found,0,1,target token 'did' is not lexicalized in gloss,1,1,target token 'i' is not lexicalized in gloss,1,1,target irregular verb 'did' is absent from gloss,0,0,no unmatched agreement/inflection found,1,0,shared content order is unchanged or indeterminate,0
synthetic_telegraphic:75a0c8808f6ab196c339,synthetic_telegraphic,PUPIL STUDY LESSON SCHOOL,The pupil will study the lesson at school.,ARTICLE_DROP|AUXILIARY_DROP|PREPOSITION_DROP|PUNCTUATION_DROP,1,target token 'the' is not lexicalized in gloss,1,1,target token 'at' is not lexicalized in gloss,1,1,target token 'will' is not lexicalized in gloss,1,0,no unmatched target feature found,0,0,no unmatched tense/aspect realization found,0,0,no unmatched agreement/inflection found,0,0,shared content order is unchanged or indeterminate,0
synthetic_telegraphic:53f282eabeb7e1781640,synthetic_telegraphic,THEN GO TURRET,Then go to the turret.,PREPOSITION_DROP|ARTICLE_DROP|PUNCTUATION_DROP,1,target token 'the' is not lexicalized in gloss,1,1,target token 'to' is not lexicalized in gloss,1,0,no unmatched target feature found,0,0,no unmatched target feature found,0,0,no unmatched tense/aspect realization found,0,0,no unmatched agreement/inflection found,0,0,shared content order is unchanged or indeterminate,0
synthetic_telegraphic:128697f42866113bdc3d,synthetic_telegraphic,PUPPY RUN OUTSIDE WARM,The puppy is running outside when it is warm.,ARTICLE_DROP|AUXILIARY_DROP|VERB_LEMMA|TENSE_NEUTRALIZATION|OPTIONAL_PRONOUN_REDUCTION|PUNCTUATION_DROP|AGREEMENT_SIMPLIFICATION,1,target token 'the' is not lexicalized in gloss,1,0,no unmatched target feature found,0,1,target token 'is' is not lexicalized in gloss,1,1,target token 'it' is not lexicalized in gloss,1,1,target irregular verb 'is' is absent from gloss | target verb 'running' realizes gloss lemma 'run' | target irregular verb 'is' is absent from gloss,1,0,no unmatched agreement/inflection found,1,0,shared content order is unchanged or indeterminate,0
synthetic_telegraphic:7e76d544a4c16618cdd6,synthetic_telegraphic,STUDENT RUN QUICKLY STATION,The student will run quickly in the station.,ARTICLE_DROP|AUXILIARY_DROP|PREPOSITION_DROP|PUNCTUATION_DROP,1,target token 'the' is not lexicalized in gloss,1,1,target token 'in' is not lexicalized in gloss,1,1,target token 'will' is not lexicalized in gloss,1,0,no unmatched target feature found,0,0,no unmatched tense/aspect realization found,0,0,no unmatched agreement/inflection found,0,0,shared content order is unchanged or indeterminate,0
synthetic_telegraphic:dab7eb30b33882022be8,synthetic_telegraphic,INSTRUCTOR SHOW CLASS RULE,The instructor showed the rule to the class.,ARTICLE_DROP|VERB_LEMMA|TENSE_NEUTRALIZATION|PREPOSITION_DROP|WORD_ORDER|PUNCTUATION_DROP|AGREEMENT_SIMPLIFICATION,1,target token 'the' is not lexicalized in gloss,1,1,target token 'to' is not lexicalized in gloss,1,0,no unmatched target feature found,0,0,no unmatched target feature found,0,1,target verb 'showed' realizes gloss lemma 'show',1,0,no unmatched agreement/inflection found,1,1,"shared content order differs: gloss=['instructor', 'show', 'class', 'rule'], target=['instructor', 'show', 'rule', 'class']",1
synthetic_telegraphic:a77ebd588bbd1908e3a4,synthetic_telegraphic,NOW PROPERTY NO EXCEPTION THIS RULE,"Now, property is no exception to this rule.",AUXILIARY_DROP|PREPOSITION_DROP|PUNCTUATION_DROP,0,no unmatched target feature found,0,1,target token 'to' is not lexicalized in gloss,1,1,target token 'is' is not lexicalized in gloss,1,0,no unmatched target feature found,0,1,target irregular verb 'is' is absent from gloss,0,0,no unmatched agreement/inflection found,0,0,shared content order is unchanged or indeterminate,0
synthetic_telegraphic:d0dc3cedc81e79ddb9bf,synthetic_telegraphic,FATHER GO PARK NIGHT,The father went to the park in the night.,ARTICLE_DROP|VERB_LEMMA|TENSE_NEUTRALIZATION|PREPOSITION_DROP|PUNCTUATION_DROP|AGREEMENT_SIMPLIFICATION,1,target token 'the' is not lexicalized in gloss,1,1,target token 'in' is not lexicalized in gloss | target token 'to' is not lexicalized in gloss,1,0,no unmatched target feature found,0,0,no unmatched target feature found,0,1,target verb 'went' realizes gloss lemma 'go',1,0,no unmatched agreement/inflection found,1,0,shared content order is unchanged or indeterminate,0
synthetic_telegraphic:d440d8b2d5766cc8b6a2,synthetic_telegraphic,MOTHER COOK RICE THIS MORNING,The mother is cooking rice this morning.,ARTICLE_DROP|AUXILIARY_DROP|VERB_LEMMA|TENSE_NEUTRALIZATION|PUNCTUATION_DROP|AGREEMENT_SIMPLIFICATION,1,target token 'the' is not lexicalized in gloss,1,0,no unmatched target feature found,0,1,target token 'is' is not lexicalized in gloss,1,0,no unmatched target feature found,0,1,target irregular verb 'is' is absent from gloss | target verb 'cooking' realizes gloss lemma 'cook',1,0,no unmatched agreement/inflection found,1,0,shared content order is unchanged or indeterminate,0
synthetic_telegraphic:e1cd9e7817c8e54643e6,synthetic_telegraphic,THERE WOOD WILDER,"There the wood was wilder,.",ARTICLE_DROP|AUXILIARY_DROP|PUNCTUATION_DROP,1,target token 'the' is not lexicalized in gloss,1,0,no unmatched target feature found,0,1,target token 'was' is not lexicalized in gloss,1,0,no unmatched target feature found,0,1,target irregular verb 'was' is absent from gloss,0,0,no unmatched agreement/inflection found,0,0,shared content order is unchanged or indeterminate,0
synthetic_telegraphic:5161123f668da3f580aa,synthetic_telegraphic,GIRL PLAY PARK,The girl will play in the park.,ARTICLE_DROP|AUXILIARY_DROP|PREPOSITION_DROP|PUNCTUATION_DROP,1,target token 'the' is not lexicalized in gloss,1,1,target token 'in' is not lexicalized in gloss,1,1,target token 'will' is not lexicalized in gloss,1,0,no unmatched target feature found,0,0,no unmatched tense/aspect realization found,0,0,no unmatched agreement/inflection found,0,0,shared content order is unchanged or indeterminate,0
synthetic_telegraphic:751958dcbd81e4d95973,synthetic_telegraphic,FARMER LESS COMPASSIONATE THAN MYSELF SACRIFICED HER,"The farmer, less compassionate than myself sacrificed her.",ARTICLE_DROP|PUNCTUATION_DROP,1,target token 'the' is not lexicalized in gloss,1,0,no unmatched target feature found,0,0,no unmatched target feature found,0,0,no unmatched target feature found,0,0,no unmatched tense/aspect realization found,0,0,no unmatched agreement/inflection found,0,0,shared content order is unchanged or indeterminate,0
