id,gloss,fragment,target,operations,source_type,corpus_origin,split
synthetic_telegraphic:7eaa143291ce1c51ea41,CAT WALK QUICKLY PARK,CAT WALK QUICKLY PARK,The cat is walking quickly in the park.,ARTICLE_DROP|AUXILIARY_DROP|VERB_LEMMA|TENSE_NEUTRALIZATION|PREPOSITION_DROP|PUNCTUATION_DROP|AGREEMENT_SIMPLIFICATION,synthetic_telegraphic,controlled_compositional,validation
synthetic_telegraphic:5a3d1f40aae5900d4119,MAN MAKE SOUP TOMORROW,MAN MAKE SOUP TOMORROW,The man will make soup tomorrow.,ARTICLE_DROP|AUXILIARY_DROP|PUNCTUATION_DROP,synthetic_telegraphic,controlled_compositional,train
synthetic_telegraphic:d2df55ef6515c662593b,MOTHER BAKE SOUP TOMORROW,MOTHER BAKE SOUP TOMORROW,The mother will bake soup tomorrow.,ARTICLE_DROP|AUXILIARY_DROP|PUNCTUATION_DROP,synthetic_telegraphic,controlled_compositional,train
synthetic_telegraphic:9d36c2f2366ae80c20bb,WHAT HER DEAR GERARD DOING DARK HIMSELF,WHAT HER DEAR GERARD DOING DARK HIMSELF,"What could her dear Gerard have been doing, out in the dark by himself,.",AUXILIARY_DROP|PREPOSITION_DROP|ARTICLE_DROP|PUNCTUATION_DROP,synthetic_telegraphic,public_librispeech_clean,train
synthetic_telegraphic:de5d6b6c64e1a1a8bfbe,WOMAN COOK LUNCH THIS MORNING,WOMAN COOK LUNCH THIS MORNING,The woman cooks lunch this morning.,ARTICLE_DROP|VERB_LEMMA|TENSE_NEUTRALIZATION|PUNCTUATION_DROP|AGREEMENT_SIMPLIFICATION,synthetic_telegraphic,controlled_compositional,train
synthetic_telegraphic:01bae8066c2a98c580f9,AND I COME SEE YOU NOW AND THEN,AND I COME SEE YOU NOW AND THEN,And may I come to see you now and then?,AUXILIARY_DROP|PREPOSITION_DROP|PUNCTUATION_DROP,synthetic_telegraphic,public_librispeech_clean,train
synthetic_telegraphic:00ae61ddaa9cbae33b58,SISTER PREPARE MEAL THIS EVENING,SISTER PREPARE MEAL THIS EVENING,The sister prepares meal this evening.,ARTICLE_DROP|VERB_LEMMA|TENSE_NEUTRALIZATION|PUNCTUATION_DROP|AGREEMENT_SIMPLIFICATION,synthetic_telegraphic,controlled_compositional,train
synthetic_telegraphic:1db9258c0efa1227c209,PLAYER GO MARKET,PLAYER GO MARKET,The player will go to the market.,ARTICLE_DROP|AUXILIARY_DROP|PREPOSITION_DROP|PUNCTUATION_DROP,synthetic_telegraphic,controlled_compositional,train
synthetic_telegraphic:34d2cce463189951f545,BUT HE SEE THEM HIM,BUT HE SEE THEM HIM,But he saw them before him.,VERB_LEMMA|TENSE_NEUTRALIZATION|PREPOSITION_DROP|PUNCTUATION_DROP|AGREEMENT_SIMPLIFICATION,synthetic_telegraphic,public_librispeech_clean,train
synthetic_telegraphic:ab76099f04b505a26bb2,YOU THINK DIFFERENTLY MORNING SAY MEDEA,YOU THINK DIFFERENTLY MORNING SAY MEDEA,"You will think differently in the morning, said Medea.",AUXILIARY_DROP|PREPOSITION_DROP|ARTICLE_DROP|VERB_LEMMA|TENSE_NEUTRALIZATION|PUNCTUATION_DROP|AGREEMENT_SIMPLIFICATION,synthetic_telegraphic,public_librispeech_clean,train
synthetic_telegraphic:b4c21fdf68a059b17de0,HE FOLLOWED HER PACE OR TWO HALL,HE FOLLOWED HER PACE OR TWO HALL,He followed her a pace or two into the hall.,ARTICLE_DROP|PREPOSITION_DROP|PUNCTUATION_DROP,synthetic_telegraphic,public_librispeech_clean,train
synthetic_telegraphic:6b877f7ff863e2bfe43a,SISTER SERVE SOUP THIS AFTERNOON,SISTER SERVE SOUP THIS AFTERNOON,The sister served soup this afternoon.,ARTICLE_DROP|VERB_LEMMA|TENSE_NEUTRALIZATION|PUNCTUATION_DROP|AGREEMENT_SIMPLIFICATION,synthetic_telegraphic,controlled_compositional,test
synthetic_telegraphic:cdd8560d9bce436ac6fd,MULTIPLY EVERY COMBATANT POSSIBILITIES WHICH THAT OBSCURITY CONTAINS,MULTIPLY EVERY COMBATANT POSSIBILITIES WHICH THAT OBSCURITY CONTAINS,to multiply every combatant by the possibilities which that obscurity contains.,PREPOSITION_DROP|ARTICLE_DROP|PUNCTUATION_DROP,synthetic_telegraphic,public_librispeech_clean,train
synthetic_telegraphic:7fa3a5fa74759fa9f0d4,INSTRUCTOR SHOW LEARNER PROBLEM,INSTRUCTOR SHOW LEARNER PROBLEM,The instructor shows the problem to the learner.,ARTICLE_DROP|VERB_LEMMA|TENSE_NEUTRALIZATION|PREPOSITION_DROP|WORD_ORDER|PUNCTUATION_DROP|AGREEMENT_SIMPLIFICATION,synthetic_telegraphic,controlled_compositional,train
synthetic_telegraphic:8b2139e7c25efbaa93a0,ME HEARD HE SOMEWHAT YOUR SENIOR SAY ANNIE RELUCTANTLY,ME HEARD HE SOMEWHAT YOUR SENIOR SAY ANNIE RELUCTANTLY,"I heard he was somewhat your senior, said Annie reluctantly.",AUXILIARY_DROP|VERB_LEMMA|TENSE_NEUTRALIZATION|OPTIONAL_PRONOUN_REDUCTION|PUNCTUATION_DROP|AGREEMENT_SIMPLIFICATION,synthetic_telegraphic,public_librispeech_clean,train
synthetic_telegraphic:27eb09e0b157e2d720b3,FIFTEENTH WE SOUTHERN TIP GRAND BANKS NEWFOUNDLAND,FIFTEENTH WE SOUTHERN TIP GRAND BANKS NEWFOUNDLAND,By may fifteenth we were off the southern tip of the Grand Banks of Newfoundland.,PREPOSITION_DROP|AUXILIARY_DROP|ARTICLE_DROP|PUNCTUATION_DROP,synthetic_telegraphic,public_librispeech_clean,train
synthetic_telegraphic:c06970e40a2651611f94,IT KILLS AND THROTTLES MANY PERSON,IT KILLS AND THROTTLES MANY PERSON,It kills and throttles many people.,VERB_LEMMA|TENSE_NEUTRALIZATION|PUNCTUATION_DROP|AGREEMENT_SIMPLIFICATION,synthetic_telegraphic,public_librispeech_clean,train
synthetic_telegraphic:63ca97133f28e583e223,MOTHER BUY TABLE NEW,MOTHER BUY TABLE NEW,The mother bought a new table.,ARTICLE_DROP|VERB_LEMMA|TENSE_NEUTRALIZATION|CONTROLLED_ADJECTIVE_ORDER|WORD_ORDER|PUNCTUATION_DROP|AGREEMENT_SIMPLIFICATION,synthetic_telegraphic,controlled_compositional,train
synthetic_telegraphic:9f878797848ce0d9cbe1,WHAT YOU SUPPOSE YOUR MOTHER SAY YOU,WHAT YOU SUPPOSE YOUR MOTHER SAY YOU,What do you suppose your mother will say to you?,AUXILIARY_DROP|PREPOSITION_DROP|PUNCTUATION_DROP,synthetic_telegraphic,public_librispeech_clean,train
synthetic_telegraphic:829cb028ba21d8c9b940,DOG VISIT LIBRARY,DOG VISIT LIBRARY,The dog will visit the library.,ARTICLE_DROP|AUXILIARY_DROP|PUNCTUATION_DROP,synthetic_telegraphic,controlled_compositional,train
synthetic_telegraphic:21680c15f2d3f4589b71,DRAKE OUGHT ABLE HOLD THAT HOLE WALL,DRAKE OUGHT ABLE HOLD THAT HOLE WALL,Drake ought to be able to hold that hole in the wall.,PREPOSITION_DROP|AUXILIARY_DROP|ARTICLE_DROP|PUNCTUATION_DROP,synthetic_telegraphic,public_librispeech_clean,train
synthetic_telegraphic:9fd5dba2b872c16d88eb,CAT RUN OUTSIDE RAINY,CAT RUN OUTSIDE RAINY,The cat is running outside when it is rainy.,ARTICLE_DROP|AUXILIARY_DROP|VERB_LEMMA|TENSE_NEUTRALIZATION|OPTIONAL_PRONOUN_REDUCTION|PUNCTUATION_DROP|AGREEMENT_SIMPLIFICATION,synthetic_telegraphic,controlled_conditions,test
synthetic_telegraphic:d1447828a707507ec585,AUNT PREPARE RICE TONIGHT,AUNT PREPARE RICE TONIGHT,The aunt prepares rice tonight.,ARTICLE_DROP|VERB_LEMMA|TENSE_NEUTRALIZATION|PUNCTUATION_DROP|AGREEMENT_SIMPLIFICATION,synthetic_telegraphic,controlled_compositional,validation
synthetic_telegraphic:5b7e756eeac441f81250,YES I MEAN TRY,YES I MEAN TRY,Yes I mean to try.,PREPOSITION_DROP|PUNCTUATION_DROP,synthetic_telegraphic,public_librispeech_clean,test
synthetic_telegraphic:b4b7bccda0bc85709faa,WOMAN COOK LUNCH TONIGHT,WOMAN COOK LUNCH TONIGHT,The woman will cook lunch tonight.,ARTICLE_DROP|AUXILIARY_DROP|PUNCTUATION_DROP,synthetic_telegraphic,controlled_compositional,train
synthetic_telegraphic:2829ad2e466886e6c3c0,FATHER MAKE MEAL TOMORROW,FATHER MAKE MEAL TOMORROW,The father will make meal tomorrow.,ARTICLE_DROP|AUXILIARY_DROP|PUNCTUATION_DROP,synthetic_telegraphic,controlled_compositional,test
synthetic_telegraphic:cbfdc1ceca100517086a,FRANCIS LEVISON STOPPED POND HIS OWN ACCORD HEAD DOWNWARD RATHER THAN FACE THEM,FRANCIS LEVISON STOPPED POND HIS OWN ACCORD HEAD DOWNWARD RATHER THAN FACE THEM,"Francis Levison would have stopped in the pond, of his own accord, head downward, rather than face them.",AUXILIARY_DROP|PREPOSITION_DROP|ARTICLE_DROP|PUNCTUATION_DROP,synthetic_telegraphic,public_librispeech_clean,train
synthetic_telegraphic:a35121acb890ca4a8e76,MOTHER MAKE BREAKFAST THIS AFTERNOON,MOTHER MAKE BREAKFAST THIS AFTERNOON,The mother made breakfast this afternoon.,ARTICLE_DROP|VERB_LEMMA|TENSE_NEUTRALIZATION|PUNCTUATION_DROP|AGREEMENT_SIMPLIFICATION,synthetic_telegraphic,controlled_compositional,train
synthetic_telegraphic:b56b524b2f8ac922ea38,GIRL GO STORE AFTERNOON,GIRL GO STORE AFTERNOON,The girl went to the store in the afternoon.,ARTICLE_DROP|VERB_LEMMA|TENSE_NEUTRALIZATION|PREPOSITION_DROP|PUNCTUATION_DROP|AGREEMENT_SIMPLIFICATION,synthetic_telegraphic,controlled_schedules,validation
synthetic_telegraphic:8a492749d33c254bbe59,ME EXPECT SEE CHAIRMAN COMMITTEE DAY MISTER BUCKSTONE,ME EXPECT SEE CHAIRMAN COMMITTEE DAY MISTER BUCKSTONE,"I expect to see the chairman of the committee to day, mister Buckstone.",PREPOSITION_DROP|ARTICLE_DROP|OPTIONAL_PRONOUN_REDUCTION|PUNCTUATION_DROP|AGREEMENT_SIMPLIFICATION,synthetic_telegraphic,public_librispeech_clean,train
synthetic_telegraphic:896ae539dde474813c68,FATHER SELL CAR BLACK,FATHER SELL CAR BLACK,The father sells a black car.,ARTICLE_DROP|VERB_LEMMA|TENSE_NEUTRALIZATION|CONTROLLED_ADJECTIVE_ORDER|WORD_ORDER|PUNCTUATION_DROP|AGREEMENT_SIMPLIFICATION,synthetic_telegraphic,controlled_compositional,test
synthetic_telegraphic:e7d3b52ca90c43ba3453,BROTHER COOK BREAD TODAY,BROTHER COOK BREAD TODAY,The brother is cooking bread today.,ARTICLE_DROP|AUXILIARY_DROP|VERB_LEMMA|TENSE_NEUTRALIZATION|PUNCTUATION_DROP|AGREEMENT_SIMPLIFICATION,synthetic_telegraphic,controlled_compositional,train
synthetic_telegraphic:8044b4598b9b9ac6a871,CAT RUN FAST LIBRARY,CAT RUN FAST LIBRARY,The cat ran fast in the library.,ARTICLE_DROP|VERB_LEMMA|TENSE_NEUTRALIZATION|PREPOSITION_DROP|PUNCTUATION_DROP|AGREEMENT_SIMPLIFICATION,synthetic_telegraphic,controlled_compositional,train
synthetic_telegraphic:adb0aeaaeb4bc7fbce08,CUT HIS HEAD LIKEWISE AND HIS BODY TUMBLED SEA THOSE HIS COMPANIONS,CUT HIS HEAD LIKEWISE AND HIS BODY TUMBLED SEA THOSE HIS COMPANIONS,"cut off his head likewise, and his body was tumbled into the sea after those of his companions.",PREPOSITION_DROP|AUXILIARY_DROP|ARTICLE_DROP|PUNCTUATION_DROP,synthetic_telegraphic,public_librispeech_clean,train
synthetic_telegraphic:6f67b5fc6ed50567a1b9,HORSE PLAY LIBRARY,HORSE PLAY LIBRARY,The horse plays in the library.,ARTICLE_DROP|VERB_LEMMA|TENSE_NEUTRALIZATION|PREPOSITION_DROP|PUNCTUATION_DROP|AGREEMENT_SIMPLIFICATION,synthetic_telegraphic,controlled_compositional,test
synthetic_telegraphic:64a8e748a26b186ffcdc,CAT VISIT STATION,CAT VISIT STATION,The cat is visiting the station.,ARTICLE_DROP|AUXILIARY_DROP|VERB_LEMMA|TENSE_NEUTRALIZATION|PUNCTUATION_DROP|AGREEMENT_SIMPLIFICATION,synthetic_telegraphic,controlled_compositional,train
synthetic_telegraphic:bea59b998c257eefab95,CAPTAIN WESTON WHO CONSIDERED,CAPTAIN WESTON WHO CONSIDERED,"Captain Weston, who had been considered,.",AUXILIARY_DROP|PUNCTUATION_DROP,synthetic_telegraphic,public_librispeech_clean,train
synthetic_telegraphic:5b1f2865dab53adb3758,PROFESSOR SHOW CLASS RULE,PROFESSOR SHOW CLASS RULE,The professor showed the rule to the class.,ARTICLE_DROP|VERB_LEMMA|TENSE_NEUTRALIZATION|PREPOSITION_DROP|WORD_ORDER|PUNCTUATION_DROP|AGREEMENT_SIMPLIFICATION,synthetic_telegraphic,controlled_compositional,train
synthetic_telegraphic:78178283d621ba6db604,ASK SICK MAN FAINT BUT UNFALTERING ACCENT,ASK SICK MAN FAINT BUT UNFALTERING ACCENT,"asked the sick man, in a faint but unfaltering accent.",VERB_LEMMA|TENSE_NEUTRALIZATION|ARTICLE_DROP|PREPOSITION_DROP|PUNCTUATION_DROP|AGREEMENT_SIMPLIFICATION,synthetic_telegraphic,public_librispeech_clean,train
synthetic_telegraphic:da90d0c96a1ef3c1249a,TUTOR EXPLAIN STUDENT LESSON,TUTOR EXPLAIN STUDENT LESSON,The tutor will explain the lesson to the student.,ARTICLE_DROP|AUXILIARY_DROP|PREPOSITION_DROP|WORD_ORDER|PUNCTUATION_DROP|AGREEMENT_SIMPLIFICATION,synthetic_telegraphic,controlled_compositional,train
synthetic_telegraphic:7b6bfaa70d9f79d3085a,SOUND AS SUCH GO AIR AND INTERCEPTED,SOUND AS SUCH GO AIR AND INTERCEPTED,"Sound, as such, goes through the air and can be intercepted.",VERB_LEMMA|TENSE_NEUTRALIZATION|PREPOSITION_DROP|ARTICLE_DROP|AUXILIARY_DROP|PUNCTUATION_DROP|AGREEMENT_SIMPLIFICATION,synthetic_telegraphic,public_librispeech_clean,test
synthetic_telegraphic:c6010384276630d8f51c,WHEN WE COME HAIL,WHEN WE COME HAIL,"When we came within hail,.",VERB_LEMMA|TENSE_NEUTRALIZATION|PREPOSITION_DROP|PUNCTUATION_DROP|AGREEMENT_SIMPLIFICATION,synthetic_telegraphic,public_librispeech_clean,train
synthetic_telegraphic:041b7ec79a21dcd2bda3,MARTIAN EQUIVALENT MISTER AND MISS,MARTIAN EQUIVALENT MISTER AND MISS,the Martian equivalent of mister and Miss.,ARTICLE_DROP|PREPOSITION_DROP|PUNCTUATION_DROP,synthetic_telegraphic,public_librispeech_clean,train
synthetic_telegraphic:7089c5e8d7f2213d4630,CAT WALK QUICKLY STORE,CAT WALK QUICKLY STORE,The cat walked quickly in the store.,ARTICLE_DROP|VERB_LEMMA|TENSE_NEUTRALIZATION|PREPOSITION_DROP|PUNCTUATION_DROP|AGREEMENT_SIMPLIFICATION,synthetic_telegraphic,controlled_compositional,train
synthetic_telegraphic:b2d8ab90723483eb60e9,HOW SWEET HOW MUSICAL MY OWN NAME SOUNDED HER MOUTH,HOW SWEET HOW MUSICAL MY OWN NAME SOUNDED HER MOUTH,"How sweet, how musical my own name sounded in her mouth.",PREPOSITION_DROP|PUNCTUATION_DROP,synthetic_telegraphic,public_librispeech_clean,train
synthetic_telegraphic:a3a9386478c4d4ed0a8e,UNCLE MAKE RICE TODAY,UNCLE MAKE RICE TODAY,The uncle is making rice today.,ARTICLE_DROP|AUXILIARY_DROP|VERB_LEMMA|TENSE_NEUTRALIZATION|PUNCTUATION_DROP|AGREEMENT_SIMPLIFICATION,synthetic_telegraphic,controlled_compositional,train
synthetic_telegraphic:fb3887e047ecd68eb45e,MOTHER GOING PARK NIGHT,MOTHER GOING PARK NIGHT,The mother is going to the park in the night.,ARTICLE_DROP|AUXILIARY_DROP|PREPOSITION_DROP|PUNCTUATION_DROP,synthetic_telegraphic,controlled_schedules,train
synthetic_telegraphic:f71f8db21d637ac7259b,LATER I BECOME USED SITUATION INCLINED EVEN DWELL ITS HUMOROUS SIDE,LATER I BECOME USED SITUATION INCLINED EVEN DWELL ITS HUMOROUS SIDE,"Later on I shall become used to the situation inclined, even, to dwell upon its humorous side.",PREPOSITION_DROP|AUXILIARY_DROP|ARTICLE_DROP|PUNCTUATION_DROP,synthetic_telegraphic,public_librispeech_clean,train
synthetic_telegraphic:ddb3e9f692eeabc39f82,STUDENT VISIT PLAYGROUND,STUDENT VISIT PLAYGROUND,The student visits the playground.,ARTICLE_DROP|VERB_LEMMA|TENSE_NEUTRALIZATION|PUNCTUATION_DROP|AGREEMENT_SIMPLIFICATION,synthetic_telegraphic,controlled_compositional,validation
synthetic_telegraphic:1d8c076738a3470040aa,PUPIL RUN OUTSIDE COLD,PUPIL RUN OUTSIDE COLD,The pupil is running outside when it is cold.,ARTICLE_DROP|AUXILIARY_DROP|VERB_LEMMA|TENSE_NEUTRALIZATION|OPTIONAL_PRONOUN_REDUCTION|PUNCTUATION_DROP|AGREEMENT_SIMPLIFICATION,synthetic_telegraphic,controlled_conditions,train
synthetic_telegraphic:971793776ffc9cd335bb,MORE MERCIFUL THAN ANY HIS EPHEMERAL PREDECESSORS,MORE MERCIFUL THAN ANY HIS EPHEMERAL PREDECESSORS,"More merciful than any of his ephemeral predecessors,.",PREPOSITION_DROP|PUNCTUATION_DROP,synthetic_telegraphic,public_librispeech_clean,train
synthetic_telegraphic:95e642429aaa285e57dc,CHILD RUN QUICKLY PLAYGROUND,CHILD RUN QUICKLY PLAYGROUND,The child ran quickly in the playground.,ARTICLE_DROP|VERB_LEMMA|TENSE_NEUTRALIZATION|PREPOSITION_DROP|PUNCTUATION_DROP|AGREEMENT_SIMPLIFICATION,synthetic_telegraphic,controlled_compositional,train
synthetic_telegraphic:8be8fae77bb2223abbb3,HARTFIELD CHRISTMAS BRING NEXT VISIT ISABELLA AND HER HUSBAND,HARTFIELD CHRISTMAS BRING NEXT VISIT ISABELLA AND HER HUSBAND,"through at Hartfield, before Christmas brought the next visit from Isabella and her husband,.",PREPOSITION_DROP|VERB_LEMMA|TENSE_NEUTRALIZATION|ARTICLE_DROP|PUNCTUATION_DROP|AGREEMENT_SIMPLIFICATION,synthetic_telegraphic,public_librispeech_clean,train
synthetic_telegraphic:7fc13692e4aae283f888,MOTHER BUY CAR WHITE,MOTHER BUY CAR WHITE,The mother bought a white car.,ARTICLE_DROP|VERB_LEMMA|TENSE_NEUTRALIZATION|CONTROLLED_ADJECTIVE_ORDER|WORD_ORDER|PUNCTUATION_DROP|AGREEMENT_SIMPLIFICATION,synthetic_telegraphic,controlled_compositional,train
synthetic_telegraphic:a83f60c72a97dce83961,HERE GULF STREAM WIDENS,HERE GULF STREAM WIDENS,Here the Gulf Stream widens.,ARTICLE_DROP|PUNCTUATION_DROP,synthetic_telegraphic,public_librispeech_clean,train
synthetic_telegraphic:410ffe41927bbe5d1d56,PROFESSOR SHOW PUPIL PROBLEM,PROFESSOR SHOW PUPIL PROBLEM,The professor is showing the problem to the pupil.,ARTICLE_DROP|AUXILIARY_DROP|VERB_LEMMA|TENSE_NEUTRALIZATION|PREPOSITION_DROP|WORD_ORDER|PUNCTUATION_DROP|AGREEMENT_SIMPLIFICATION,synthetic_telegraphic,controlled_compositional,train
synthetic_telegraphic:346e3f365d61ad665ba7,WOMAN MAKE DINNER TODAY,WOMAN MAKE DINNER TODAY,The woman makes dinner today.,ARTICLE_DROP|VERB_LEMMA|TENSE_NEUTRALIZATION|PUNCTUATION_DROP|AGREEMENT_SIMPLIFICATION,synthetic_telegraphic,controlled_compositional,train
synthetic_telegraphic:f768565387c1c3785ad2,AND YET PLAY PART SPECTATOR AS OFTEN CASE DREAMS,AND YET PLAY PART SPECTATOR AS OFTEN CASE DREAMS,"and yet playing the part of spectator, as is often the case in dreams.",VERB_LEMMA|TENSE_NEUTRALIZATION|ARTICLE_DROP|PREPOSITION_DROP|AUXILIARY_DROP|PUNCTUATION_DROP|AGREEMENT_SIMPLIFICATION,synthetic_telegraphic,public_librispeech_clean,train
synthetic_telegraphic:d005019eab8cd9314344,NO FEAR SAY HER NEIGHBOUR GLOOMILY,NO FEAR SAY HER NEIGHBOUR GLOOMILY,"No fear, said her neighbour gloomily.",VERB_LEMMA|TENSE_NEUTRALIZATION|PUNCTUATION_DROP|AGREEMENT_SIMPLIFICATION,synthetic_telegraphic,public_librispeech_clean,test
synthetic_telegraphic:852fb4eac599d6e055ad,AND WISHED HIM COME AND LIVE THEM,AND WISHED HIM COME AND LIVE THEM,and wished him to come and live among them.,PREPOSITION_DROP|PUNCTUATION_DROP,synthetic_telegraphic,public_librispeech_clean,train
synthetic_telegraphic:6cf90218fd117613e847,OTHER SIDE ROAD LAY RIVER BORDERED WILLOWS AND GRASSY FLATS,OTHER SIDE ROAD LAY RIVER BORDERED WILLOWS AND GRASSY FLATS,"On the other side of the road lay the river, bordered by willows and grassy flats.",PREPOSITION_DROP|ARTICLE_DROP|PUNCTUATION_DROP,synthetic_telegraphic,public_librispeech_clean,train
synthetic_telegraphic:2b89ddef4ce51bed5c4a,AUNT BUY BOOK NEW,AUNT BUY BOOK NEW,The aunt will buy a new book.,ARTICLE_DROP|AUXILIARY_DROP|CONTROLLED_ADJECTIVE_ORDER|WORD_ORDER|PUNCTUATION_DROP|AGREEMENT_SIMPLIFICATION,synthetic_telegraphic,controlled_compositional,train
synthetic_telegraphic:d30d6695174c95e4380a,PROFESSOR EXPLAIN STUDENT PROBLEM,PROFESSOR EXPLAIN STUDENT PROBLEM,The professor explained the problem to the student.,ARTICLE_DROP|VERB_LEMMA|TENSE_NEUTRALIZATION|PREPOSITION_DROP|WORD_ORDER|PUNCTUATION_DROP|AGREEMENT_SIMPLIFICATION,synthetic_telegraphic,controlled_compositional,train
synthetic_telegraphic:227f9173492fa0f2977e,SISTER PREPARE SOUP TONIGHT,SISTER PREPARE SOUP TONIGHT,The sister prepares soup tonight.,ARTICLE_DROP|VERB_LEMMA|TENSE_NEUTRALIZATION|PUNCTUATION_DROP|AGREEMENT_SIMPLIFICATION,synthetic_telegraphic,controlled_compositional,validation
synthetic_telegraphic:8910363cab3fc1c87539,BUT I CHOOSE GAMES,BUT I CHOOSE GAMES,but I shall choose the games.,AUXILIARY_DROP|ARTICLE_DROP|PUNCTUATION_DROP,synthetic_telegraphic,public_librispeech_clean,test
synthetic_telegraphic:9322d95b46d8dc4f1c83,WHY RETURNED HOUSEKEEPER HESITATING I LITTLE THINK WE AS GOOD AS SO,WHY RETURNED HOUSEKEEPER HESITATING I LITTLE THINK WE AS GOOD AS SO,"Why, returned the housekeeper, hesitating a little, I thought we were as good as so.",ARTICLE_DROP|VERB_LEMMA|TENSE_NEUTRALIZATION|AUXILIARY_DROP|CONTROLLED_ADJECTIVE_ORDER|WORD_ORDER|PUNCTUATION_DROP|AGREEMENT_SIMPLIFICATION,synthetic_telegraphic,public_librispeech_clean,train
synthetic_telegraphic:9f8b1909f614d5f5c450,AND HE BADE IBRAHIM BIN AL MAHDI BRING HIM COURT THAT HE SEE HIM,AND HE BADE IBRAHIM BIN AL MAHDI BRING HIM COURT THAT HE SEE HIM,"And he bade Ibrahim bin al Mahdi bring him to court, that he might see him.",PREPOSITION_DROP|AUXILIARY_DROP|PUNCTUATION_DROP,synthetic_telegraphic,public_librispeech_clean,train
synthetic_telegraphic:4da19fb32d9a3d53181c,ME HASTENED AWAY AND TAKE SHORTEST PATH HOME,ME HASTENED AWAY AND TAKE SHORTEST PATH HOME,I hastened away and took the shortest path home.,VERB_LEMMA|TENSE_NEUTRALIZATION|ARTICLE_DROP|OPTIONAL_PRONOUN_REDUCTION|PUNCTUATION_DROP|AGREEMENT_SIMPLIFICATION,synthetic_telegraphic,public_librispeech_clean,train
synthetic_telegraphic:223c4392fe9363416aba,STUDENT READ SCIENCE SCHOOL,STUDENT READ SCIENCE SCHOOL,The student is reading the science at school.,ARTICLE_DROP|AUXILIARY_DROP|VERB_LEMMA|TENSE_NEUTRALIZATION|PREPOSITION_DROP|PUNCTUATION_DROP|AGREEMENT_SIMPLIFICATION,synthetic_telegraphic,controlled_compositional,validation
synthetic_telegraphic:8fd87303fc7d743dd5c2,WOMAN SELLING TICKET SMALL,WOMAN SELLING TICKET SMALL,The woman is selling a small ticket.,ARTICLE_DROP|AUXILIARY_DROP|CONTROLLED_ADJECTIVE_ORDER|WORD_ORDER|PUNCTUATION_DROP|AGREEMENT_SIMPLIFICATION,synthetic_telegraphic,controlled_compositional,train
synthetic_telegraphic:01c5d1ee22ba4e5c45f3,GIRL GOING STORE MORNING,GIRL GOING STORE MORNING,The girl is going to the store in the morning.,ARTICLE_DROP|AUXILIARY_DROP|PREPOSITION_DROP|PUNCTUATION_DROP,synthetic_telegraphic,controlled_schedules,train
synthetic_telegraphic:4e9b4918b5d6ab7ae85b,TUTOR EXPLAIN CHILD LESSON,TUTOR EXPLAIN CHILD LESSON,The tutor will explain the lesson to the child.,ARTICLE_DROP|AUXILIARY_DROP|PREPOSITION_DROP|WORD_ORDER|PUNCTUATION_DROP|AGREEMENT_SIMPLIFICATION,synthetic_telegraphic,controlled_compositional,test
synthetic_telegraphic:f05968cbbecf409848fe,TEACHER GO STORE AFTERNOON,TEACHER GO STORE AFTERNOON,The teacher goes to the store in the afternoon.,ARTICLE_DROP|VERB_LEMMA|TENSE_NEUTRALIZATION|PREPOSITION_DROP|PUNCTUATION_DROP|AGREEMENT_SIMPLIFICATION,synthetic_telegraphic,controlled_schedules,train
synthetic_telegraphic:18ee5906d88b0de4fe88,TUTOR TEACH STUDENT ALGEBRA,TUTOR TEACH STUDENT ALGEBRA,The tutor is teaching the student algebra.,ARTICLE_DROP|AUXILIARY_DROP|VERB_LEMMA|TENSE_NEUTRALIZATION|PUNCTUATION_DROP|AGREEMENT_SIMPLIFICATION,synthetic_telegraphic,controlled_compositional,train
synthetic_telegraphic:eb8df4231f6bdcf13211,SISTER PREPARE DINNER TONIGHT,SISTER PREPARE DINNER TONIGHT,The sister is preparing dinner tonight.,ARTICLE_DROP|AUXILIARY_DROP|VERB_LEMMA|TENSE_NEUTRALIZATION|PUNCTUATION_DROP|AGREEMENT_SIMPLIFICATION,synthetic_telegraphic,controlled_compositional,train
synthetic_telegraphic:ae61efb636ef1e182c53,MISTRESS ROBES HE SAY HER ONE DAY,MISTRESS ROBES HE SAY HER ONE DAY,"is to be Mistress of the Robes, he said to her one day.",AUXILIARY_DROP|PREPOSITION_DROP|ARTICLE_DROP|VERB_LEMMA|TENSE_NEUTRALIZATION|PUNCTUATION_DROP|AGREEMENT_SIMPLIFICATION,synthetic_telegraphic,public_librispeech_clean,test
synthetic_telegraphic:6eca71f2ca8d7d4de43a,THERE ANYTHING LEAST WONDERFUL OR REMARKABLE THIS NEIGHBOURHOOD,THERE ANYTHING LEAST WONDERFUL OR REMARKABLE THIS NEIGHBOURHOOD,Is there anything the least wonderful or remarkable about this neighbourhood'?,AUXILIARY_DROP|ARTICLE_DROP|PREPOSITION_DROP|PUNCTUATION_DROP,synthetic_telegraphic,public_librispeech_clean,train
synthetic_telegraphic:0f89bf966de76ac02b92,OR SOME NEW TEMPEST CALAMITY LET LOOSE FRANCE DROWNED MEMORY THEIR EXILE,OR SOME NEW TEMPEST CALAMITY LET LOOSE FRANCE DROWNED MEMORY THEIR EXILE,"Or had some new tempest of calamity, let loose upon France, drowned the memory of their exile?",AUXILIARY_DROP|PREPOSITION_DROP|ARTICLE_DROP|PUNCTUATION_DROP,synthetic_telegraphic,public_librispeech_clean,train
synthetic_telegraphic:e477227c3ef225590e85,FAMILY RUN OUTSIDE COLD,FAMILY RUN OUTSIDE COLD,The family ran outside when it is cold.,ARTICLE_DROP|VERB_LEMMA|TENSE_NEUTRALIZATION|AUXILIARY_DROP|OPTIONAL_PRONOUN_REDUCTION|PUNCTUATION_DROP|AGREEMENT_SIMPLIFICATION,synthetic_telegraphic,controlled_conditions,train
synthetic_telegraphic:861b45c20aee8f65bc36,BROTHER BUY BOOK SMALL,BROTHER BUY BOOK SMALL,The brother buys a small book.,ARTICLE_DROP|VERB_LEMMA|TENSE_NEUTRALIZATION|CONTROLLED_ADJECTIVE_ORDER|WORD_ORDER|PUNCTUATION_DROP|AGREEMENT_SIMPLIFICATION,synthetic_telegraphic,controlled_compositional,validation
synthetic_telegraphic:abd48a03d027589835dc,SECOND TEETH THIRD HEAD,SECOND TEETH THIRD HEAD,"a second the teeth, a third the head,.",ARTICLE_DROP|PUNCTUATION_DROP,synthetic_telegraphic,public_librispeech_clean,train
synthetic_telegraphic:1aa084d7b96762b2a0f0,I THINK YOU COUNT FERRALTI,I THINK YOU COUNT FERRALTI,I thought you were Count Ferralti.,VERB_LEMMA|TENSE_NEUTRALIZATION|AUXILIARY_DROP|PUNCTUATION_DROP|AGREEMENT_SIMPLIFICATION,synthetic_telegraphic,public_librispeech_clean,train
synthetic_telegraphic:796712d8e5e7b2fb82ae,WOMAN SERVE MEAL TOMORROW,WOMAN SERVE MEAL TOMORROW,The woman will serve meal tomorrow.,ARTICLE_DROP|AUXILIARY_DROP|PUNCTUATION_DROP,synthetic_telegraphic,controlled_compositional,train
synthetic_telegraphic:32c59b48559412edcdd8,PERPENDICULAR BLUFF ROSE HIGHWATER MARK LEAVE NO PLACE CAMP FIRE OR BED,PERPENDICULAR BLUFF ROSE HIGHWATER MARK LEAVE NO PLACE CAMP FIRE OR BED,"A perpendicular bluff rose from the highwater mark, leaving no place for camp fire or bed.",ARTICLE_DROP|PREPOSITION_DROP|VERB_LEMMA|TENSE_NEUTRALIZATION|PUNCTUATION_DROP|AGREEMENT_SIMPLIFICATION,synthetic_telegraphic,public_librispeech_clean,train
synthetic_telegraphic:a5fbd481396453f5a9fb,CLIMBED BACK TREE,CLIMBED BACK TREE,climbed back into the tree.,PREPOSITION_DROP|ARTICLE_DROP|PUNCTUATION_DROP,synthetic_telegraphic,public_librispeech_clean,validation
synthetic_telegraphic:8047b0d3d09778fb5a63,PROFESSOR SHOW PUPIL HISTORY,PROFESSOR SHOW PUPIL HISTORY,The professor showed history to the pupil.,ARTICLE_DROP|VERB_LEMMA|TENSE_NEUTRALIZATION|PREPOSITION_DROP|WORD_ORDER|PUNCTUATION_DROP|AGREEMENT_SIMPLIFICATION,synthetic_telegraphic,controlled_compositional,train
synthetic_telegraphic:65100a657c3332f632a5,DESPAIR INDEED ALMOST SECURED HER PREY AND I SOON SUNK THIS MISERY,DESPAIR INDEED ALMOST SECURED HER PREY AND I SOON SUNK THIS MISERY,"Despair had indeed almost secured her prey, and I should soon have sunk beneath this misery.",AUXILIARY_DROP|PREPOSITION_DROP|PUNCTUATION_DROP,synthetic_telegraphic,public_librispeech_clean,train
synthetic_telegraphic:6a5bb1f919c39b9814dc,NOT BECAUSE I LOVE HER ONLY BECAUSE I LEFT HER DISTRESS,NOT BECAUSE I LOVE HER ONLY BECAUSE I LEFT HER DISTRESS,Not because I was in love with her only because I had left her in distress.,AUXILIARY_DROP|PREPOSITION_DROP|PUNCTUATION_DROP,synthetic_telegraphic,public_librispeech_clean,train
synthetic_telegraphic:0abf215865c231e106c4,WOMAN CHOOSE BICYCLE GREEN,WOMAN CHOOSE BICYCLE GREEN,The woman is choosing a green bicycle.,ARTICLE_DROP|AUXILIARY_DROP|VERB_LEMMA|TENSE_NEUTRALIZATION|CONTROLLED_ADJECTIVE_ORDER|WORD_ORDER|PUNCTUATION_DROP|AGREEMENT_SIMPLIFICATION,synthetic_telegraphic,controlled_compositional,validation
synthetic_telegraphic:ddca007715a9df453705,SADDLE HOWEVER LIKE ITS OWNER DISAPPEARED HER BACK,SADDLE HOWEVER LIKE ITS OWNER DISAPPEARED HER BACK,"The saddle, however, like its owner, had disappeared from her back.",ARTICLE_DROP|AUXILIARY_DROP|PREPOSITION_DROP|PUNCTUATION_DROP,synthetic_telegraphic,public_librispeech_clean,train
synthetic_telegraphic:56ff08333bad81cac671,HEAD NORTH AND BEACH US BRITISH ISLES,HEAD NORTH AND BEACH US BRITISH ISLES,head up north and beach us on the British Isles?,PREPOSITION_DROP|ARTICLE_DROP|PUNCTUATION_DROP,synthetic_telegraphic,public_librispeech_clean,test
synthetic_telegraphic:b1c0a5da2a976733fa2f,MOTHER GO PARK NIGHT,MOTHER GO PARK NIGHT,The mother went to the park in the night.,ARTICLE_DROP|VERB_LEMMA|TENSE_NEUTRALIZATION|PREPOSITION_DROP|PUNCTUATION_DROP|AGREEMENT_SIMPLIFICATION,synthetic_telegraphic,controlled_schedules,validation
synthetic_telegraphic:de25c0f29559b9efbce3,PUPPY STUDIES OUTSIDE WARM,PUPPY STUDIES OUTSIDE WARM,The puppy studies outside when it is warm.,ARTICLE_DROP|AUXILIARY_DROP|OPTIONAL_PRONOUN_REDUCTION|PUNCTUATION_DROP|AGREEMENT_SIMPLIFICATION,synthetic_telegraphic,controlled_conditions,train
synthetic_telegraphic:c7abc679605dbb340dba,SIR ARTHUR FORGOTTEN THAT THEY THEMSELVES HAVE LARGE DINNER PARTIES TUESDAY AND FRIDAY,SIR ARTHUR FORGOTTEN THAT THEY THEMSELVES HAVE LARGE DINNER PARTIES TUESDAY AND FRIDAY,Had Sir Arthur forgotten that they themselves were having large dinner parties on Tuesday and Friday?,AUXILIARY_DROP|VERB_LEMMA|TENSE_NEUTRALIZATION|PREPOSITION_DROP|PUNCTUATION_DROP|AGREEMENT_SIMPLIFICATION,synthetic_telegraphic,public_librispeech_clean,train
synthetic_telegraphic:0fc32c6f99f78fa3553e,MEMBERS AGREED FIGHT NOT WOMAN BEAUTIFUL BUT UGLY MAN,MEMBERS AGREED FIGHT NOT WOMAN BEAUTIFUL BUT UGLY MAN,"The members agreed to fight, not about a beautiful woman, but about an ugly man.",ARTICLE_DROP|PREPOSITION_DROP|CONTROLLED_ADJECTIVE_ORDER|WORD_ORDER|PUNCTUATION_DROP|AGREEMENT_SIMPLIFICATION,synthetic_telegraphic,public_librispeech_clean,train
synthetic_telegraphic:1af7b38a5ce5f8e0a1f3,AS THOUGH ASCERTAIN WHETHER HE SPOKE SERIOUSLY,AS THOUGH ASCERTAIN WHETHER HE SPOKE SERIOUSLY,as though to ascertain whether he spoke seriously.,PREPOSITION_DROP|PUNCTUATION_DROP,synthetic_telegraphic,public_librispeech_clean,train
synthetic_telegraphic:753dac895674ec4fb4db,HIS HEART ACTION PRETTY WEAK EVEN YET,HIS HEART ACTION PRETTY WEAK EVEN YET,His heart action is pretty weak even yet.,AUXILIARY_DROP|PUNCTUATION_DROP,synthetic_telegraphic,public_librispeech_clean,train
synthetic_telegraphic:03d4cb7f9bf839954598,I SCARCELY CONTAIN MY FEELINGS TRIUMPH,I SCARCELY CONTAIN MY FEELINGS TRIUMPH,I could scarcely contain my feelings of triumph.,AUXILIARY_DROP|PREPOSITION_DROP|PUNCTUATION_DROP,synthetic_telegraphic,public_librispeech_clean,train
synthetic_telegraphic:e73629a205b7f2a0f266,AND WE AS FOOLISH AS YOU,AND WE AS FOOLISH AS YOU,And we have been as foolish as you.,AUXILIARY_DROP|PUNCTUATION_DROP,synthetic_telegraphic,public_librispeech_clean,train
synthetic_telegraphic:07319d13d6a1143c04ec,UNCLE MAKE BREAKFAST TOMORROW,UNCLE MAKE BREAKFAST TOMORROW,The uncle will make breakfast tomorrow.,ARTICLE_DROP|AUXILIARY_DROP|PUNCTUATION_DROP,synthetic_telegraphic,controlled_compositional,train
synthetic_telegraphic:1f7764db1b531ddfd0da,ISLAND BIRDS DEAR TEACHER I THINK I WRITE YOU COMPOSITION BIRDS,ISLAND BIRDS DEAR TEACHER I THINK I WRITE YOU COMPOSITION BIRDS,Island can birds 'Dear teacher I think I will write you a composition about birds.,AUXILIARY_DROP|ARTICLE_DROP|PREPOSITION_DROP|PUNCTUATION_DROP,synthetic_telegraphic,public_librispeech_clean,train
synthetic_telegraphic:2f6c22f607de4961a3e4,PLAYER READ OUTSIDE BRIGHT,PLAYER READ OUTSIDE BRIGHT,The player reads outside when it is bright.,ARTICLE_DROP|VERB_LEMMA|TENSE_NEUTRALIZATION|AUXILIARY_DROP|OPTIONAL_PRONOUN_REDUCTION|PUNCTUATION_DROP|AGREEMENT_SIMPLIFICATION,synthetic_telegraphic,controlled_conditions,train
synthetic_telegraphic:90c848e1b0d5d6884a6c,PROFESSOR TEACHES CHILD MATH,PROFESSOR TEACHES CHILD MATH,The professor teaches the child math.,ARTICLE_DROP|PUNCTUATION_DROP,synthetic_telegraphic,controlled_compositional,validation
synthetic_telegraphic:c825fc51917ad89f66bb,BUT LET US LEAVE JALIB AL KOOLLOOB AND HER MOTHER,BUT LET US LEAVE JALIB AL KOOLLOOB AND HER MOTHER,"But let us leave Jalib al Koolloob and her mother,.",PUNCTUATION_DROP,synthetic_telegraphic,public_librispeech_clean,train
synthetic_telegraphic:a972026946c0f6d73b26,NATURE EXHIBITS ONLY CHANGE WHICH HABITUALLY COINCIDE ONE ANOTHER,NATURE EXHIBITS ONLY CHANGE WHICH HABITUALLY COINCIDE ONE ANOTHER,"Nature exhibits only changes, which habitually coincide with one another.",VERB_LEMMA|TENSE_NEUTRALIZATION|PREPOSITION_DROP|PUNCTUATION_DROP|AGREEMENT_SIMPLIFICATION,synthetic_telegraphic,public_librispeech_clean,train
synthetic_telegraphic:28e55c904f7c83db3eed,SAY NICHOLL LET US ATTACK SECOND QUESTION INDISPENSABLE COMPLEMENT FIRST,SAY NICHOLL LET US ATTACK SECOND QUESTION INDISPENSABLE COMPLEMENT FIRST,"said Nicholl, let us attack the second question, an indispensable complement of the first.",VERB_LEMMA|TENSE_NEUTRALIZATION|ARTICLE_DROP|PREPOSITION_DROP|PUNCTUATION_DROP|AGREEMENT_SIMPLIFICATION,synthetic_telegraphic,public_librispeech_clean,validation
synthetic_telegraphic:3b85724f10fce2608978,SISTER BAKE BREAD THIS MORNING,SISTER BAKE BREAD THIS MORNING,The sister baked bread this morning.,ARTICLE_DROP|VERB_LEMMA|TENSE_NEUTRALIZATION|PUNCTUATION_DROP|AGREEMENT_SIMPLIFICATION,synthetic_telegraphic,controlled_compositional,train
synthetic_telegraphic:31595b51dc066dd99dc1,PUPPY VISIT LIBRARY,PUPPY VISIT LIBRARY,The puppy will visit the library.,ARTICLE_DROP|AUXILIARY_DROP|PUNCTUATION_DROP,synthetic_telegraphic,controlled_compositional,train
synthetic_telegraphic:8a763a4e930528cceed9,PUSHED UNDERBRUSH EDGE CLEARING,PUSHED UNDERBRUSH EDGE CLEARING,pushed through the underbrush at the edge of the clearing.,PREPOSITION_DROP|ARTICLE_DROP|PUNCTUATION_DROP,synthetic_telegraphic,public_librispeech_clean,train
synthetic_telegraphic:00de3483cb8c6c4158de,CONVINCING PROOFS AND MISS CARLYLE LENT HER EAR THEM,CONVINCING PROOFS AND MISS CARLYLE LENT HER EAR THEM,Convincing proofs and Miss Carlyle lent her ear to them.,PREPOSITION_DROP|PUNCTUATION_DROP,synthetic_telegraphic,public_librispeech_clean,train
synthetic_telegraphic:ddb9e99e34941e138a92,ME NOT YOUR HONOUR I SWEAR IT ABRAHAM,ME NOT YOUR HONOUR I SWEAR IT ABRAHAM,"I did not, your Honour I swear it by Abraham..",AUXILIARY_DROP|PREPOSITION_DROP|OPTIONAL_PRONOUN_REDUCTION|PUNCTUATION_DROP|AGREEMENT_SIMPLIFICATION,synthetic_telegraphic,public_librispeech_clean,train
synthetic_telegraphic:25f844dfdaeee04a50a8,AUNT SERVE BREAD THIS AFTERNOON,AUNT SERVE BREAD THIS AFTERNOON,The aunt is serving bread this afternoon.,ARTICLE_DROP|AUXILIARY_DROP|VERB_LEMMA|TENSE_NEUTRALIZATION|PUNCTUATION_DROP|AGREEMENT_SIMPLIFICATION,synthetic_telegraphic,controlled_compositional,validation
synthetic_telegraphic:3823864a825e87e8e7ce,TEACHER GO SCHOOL NIGHT,TEACHER GO SCHOOL NIGHT,The teacher went to the school in the night.,ARTICLE_DROP|VERB_LEMMA|TENSE_NEUTRALIZATION|PREPOSITION_DROP|PUNCTUATION_DROP|AGREEMENT_SIMPLIFICATION,synthetic_telegraphic,controlled_schedules,train
synthetic_telegraphic:9e92549c0e07c52ad802,UNCLE SELL BOOK GREEN,UNCLE SELL BOOK GREEN,The uncle will sell a green book.,ARTICLE_DROP|AUXILIARY_DROP|CONTROLLED_ADJECTIVE_ORDER|WORD_ORDER|PUNCTUATION_DROP|AGREEMENT_SIMPLIFICATION,synthetic_telegraphic,controlled_compositional,train
synthetic_telegraphic:dd372eae671625731e96,BROTHER CHOOSE GIFT GREEN,BROTHER CHOOSE GIFT GREEN,The brother chooses a green gift.,ARTICLE_DROP|VERB_LEMMA|TENSE_NEUTRALIZATION|CONTROLLED_ADJECTIVE_ORDER|WORD_ORDER|PUNCTUATION_DROP|AGREEMENT_SIMPLIFICATION,synthetic_telegraphic,controlled_compositional,train
synthetic_telegraphic:fba5198ee87f3e8d39b0,UNCLE MAKE BREAD THIS AFTERNOON,UNCLE MAKE BREAD THIS AFTERNOON,The uncle is making bread this afternoon.,ARTICLE_DROP|AUXILIARY_DROP|VERB_LEMMA|TENSE_NEUTRALIZATION|PUNCTUATION_DROP|AGREEMENT_SIMPLIFICATION,synthetic_telegraphic,controlled_compositional,train
synthetic_telegraphic:f2f601c2722cd032dfe2,AND SOON PLEASURE SEE ITS HAPPY EFFECT,AND SOON PLEASURE SEE ITS HAPPY EFFECT,and had soon the pleasure of seeing its happy effect.,AUXILIARY_DROP|ARTICLE_DROP|PREPOSITION_DROP|VERB_LEMMA|TENSE_NEUTRALIZATION|PUNCTUATION_DROP|AGREEMENT_SIMPLIFICATION,synthetic_telegraphic,public_librispeech_clean,train
synthetic_telegraphic:a723f83d2e15414f953f,THEY MAKE CLOSEST CANVAS FLOOR ONE PIECE,THEY MAKE CLOSEST CANVAS FLOOR ONE PIECE,"They were made of the closest canvas, with the floor in one piece.",AUXILIARY_DROP|VERB_LEMMA|TENSE_NEUTRALIZATION|PREPOSITION_DROP|ARTICLE_DROP|PUNCTUATION_DROP|AGREEMENT_SIMPLIFICATION,synthetic_telegraphic,public_librispeech_clean,train
synthetic_telegraphic:782f47439b733096b1fb,SHE PAINTED OUTSIDE AND WHITEWASHED EIGHT HUNDRED PILGRIMS MORE OR LESS,SHE PAINTED OUTSIDE AND WHITEWASHED EIGHT HUNDRED PILGRIMS MORE OR LESS,"After she had been painted outside and whitewashed inside, eight hundred pilgrims, more or less,.",PREPOSITION_DROP|AUXILIARY_DROP|PUNCTUATION_DROP,synthetic_telegraphic,public_librispeech_clean,train
synthetic_telegraphic:cf951c83a27dec83439f,MOTHER CHOOSE GIFT BLUE,MOTHER CHOOSE GIFT BLUE,The mother is choosing a blue gift.,ARTICLE_DROP|AUXILIARY_DROP|VERB_LEMMA|TENSE_NEUTRALIZATION|CONTROLLED_ADJECTIVE_ORDER|WORD_ORDER|PUNCTUATION_DROP|AGREEMENT_SIMPLIFICATION,synthetic_telegraphic,controlled_compositional,train
synthetic_telegraphic:10c2e1da24f0906b8f06,EVEN IF HE NOT WALK,EVEN IF HE NOT WALK,even if he could not walk.,AUXILIARY_DROP|PUNCTUATION_DROP,synthetic_telegraphic,public_librispeech_clean,validation
synthetic_telegraphic:1fb22ce24b6a3ac758d2,FATHER GO LIBRARY MORNING,FATHER GO LIBRARY MORNING,The father went to the library in the morning.,ARTICLE_DROP|VERB_LEMMA|TENSE_NEUTRALIZATION|PREPOSITION_DROP|PUNCTUATION_DROP|AGREEMENT_SIMPLIFICATION,synthetic_telegraphic,controlled_schedules,train
synthetic_telegraphic:ddd3239b6090f4f16e88,SEVERAL ARTICLES DRESS ONE PERSON USUALLY COLOURED DIFFERENTLY,SEVERAL ARTICLES DRESS ONE PERSON USUALLY COLOURED DIFFERENTLY,The several articles of dress on one person were usually coloured differently.,ARTICLE_DROP|PREPOSITION_DROP|AUXILIARY_DROP|PUNCTUATION_DROP,synthetic_telegraphic,public_librispeech_clean,train
synthetic_telegraphic:1a4da2a591b58f2b6b9d,IT NOT CHEERING RECORD WHICH HE READ THERE,IT NOT CHEERING RECORD WHICH HE READ THERE,It was not a cheering record which he read there.,AUXILIARY_DROP|ARTICLE_DROP|PUNCTUATION_DROP,synthetic_telegraphic,public_librispeech_clean,train
synthetic_telegraphic:bbd44f401966a0efd56f,CHILD READ SCIENCE SCHOOL,CHILD READ SCIENCE SCHOOL,The child is reading the science at school.,ARTICLE_DROP|AUXILIARY_DROP|VERB_LEMMA|TENSE_NEUTRALIZATION|PREPOSITION_DROP|PUNCTUATION_DROP|AGREEMENT_SIMPLIFICATION,synthetic_telegraphic,controlled_compositional,validation
synthetic_telegraphic:1126af618cd1a8aa5d19,CHILD WALK OUTSIDE RAINY,CHILD WALK OUTSIDE RAINY,The child will walk outside when it is rainy.,ARTICLE_DROP|AUXILIARY_DROP|OPTIONAL_PRONOUN_REDUCTION|PUNCTUATION_DROP|AGREEMENT_SIMPLIFICATION,synthetic_telegraphic,controlled_conditions,train
synthetic_telegraphic:13a58df58e05bbd59efe,I TRY MAKE JIM WANT MARRY ME,I TRY MAKE JIM WANT MARRY ME,I did try to make Jim want to marry me.,AUXILIARY_DROP|PREPOSITION_DROP|PUNCTUATION_DROP,synthetic_telegraphic,public_librispeech_clean,train
synthetic_telegraphic:2e6eda2534695c660ead,MAN MAKE MEAL THIS MORNING,MAN MAKE MEAL THIS MORNING,The man is making meal this morning.,ARTICLE_DROP|AUXILIARY_DROP|VERB_LEMMA|TENSE_NEUTRALIZATION|PUNCTUATION_DROP|AGREEMENT_SIMPLIFICATION,synthetic_telegraphic,controlled_compositional,validation
synthetic_telegraphic:38831bc47c1f9b5cf698,IF THEY KNOWN IT THEY NOT POSSIBLY LET IT GO SO FAR,IF THEY KNOWN IT THEY NOT POSSIBLY LET IT GO SO FAR,"For if they had known it, they could not possibly have let it go so far.",PREPOSITION_DROP|AUXILIARY_DROP|PUNCTUATION_DROP,synthetic_telegraphic,public_librispeech_clean,train
synthetic_telegraphic:703a0b7f7051cb0235ec,GREAT CALM TAKE ITS PLACE AND JANE DROPPED QUIETLY SLEEP,GREAT CALM TAKE ITS PLACE AND JANE DROPPED QUIETLY SLEEP,"a great calm took its place, and Jane dropped quietly off to sleep.",ARTICLE_DROP|VERB_LEMMA|TENSE_NEUTRALIZATION|PREPOSITION_DROP|PUNCTUATION_DROP|AGREEMENT_SIMPLIFICATION,synthetic_telegraphic,public_librispeech_clean,train
synthetic_telegraphic:350901fe82ebc1762b93,BROTHER CHOOSE BOOK WHITE,BROTHER CHOOSE BOOK WHITE,The brother chooses a white book.,ARTICLE_DROP|VERB_LEMMA|TENSE_NEUTRALIZATION|CONTROLLED_ADJECTIVE_ORDER|WORD_ORDER|PUNCTUATION_DROP|AGREEMENT_SIMPLIFICATION,synthetic_telegraphic,controlled_compositional,test
synthetic_telegraphic:10cb114d0bb7ea58edb6,MAN GO PARK EVENING,MAN GO PARK EVENING,The man goes to the park in the evening.,ARTICLE_DROP|VERB_LEMMA|TENSE_NEUTRALIZATION|PREPOSITION_DROP|PUNCTUATION_DROP|AGREEMENT_SIMPLIFICATION,synthetic_telegraphic,controlled_schedules,train
synthetic_telegraphic:fcb5b98ae328a435ce38,IT SOMETIMES MORE DIFFICULT SECOND THAN FIRST,IT SOMETIMES MORE DIFFICULT SECOND THAN FIRST,It is sometimes more difficult to be second than first.,AUXILIARY_DROP|PREPOSITION_DROP|PUNCTUATION_DROP,synthetic_telegraphic,public_librispeech_clean,train
synthetic_telegraphic:6e610b438ef03b5caefe,TUTOR TEACH PUPIL ALGEBRA,TUTOR TEACH PUPIL ALGEBRA,The tutor will teach the pupil algebra.,ARTICLE_DROP|AUXILIARY_DROP|PUNCTUATION_DROP,synthetic_telegraphic,controlled_compositional,train
synthetic_telegraphic:11d75a3ca10be306a9c7,I WRONG BELIEVING THAT ALL SCENERY NO MATTER HOW MAGNIFICENT OR HOW HOMELY IT,I WRONG BELIEVING THAT ALL SCENERY NO MATTER HOW MAGNIFICENT OR HOW HOMELY IT,"Am I wrong in believing that all scenery, no matter how magnificent or how homely it may be,.",AUXILIARY_DROP|PREPOSITION_DROP|PUNCTUATION_DROP,synthetic_telegraphic,public_librispeech_clean,train
synthetic_telegraphic:2190c17bd79c96216214,STUDENT RUN QUICKLY MARKET,STUDENT RUN QUICKLY MARKET,The student ran quickly in the market.,ARTICLE_DROP|VERB_LEMMA|TENSE_NEUTRALIZATION|PREPOSITION_DROP|PUNCTUATION_DROP|AGREEMENT_SIMPLIFICATION,synthetic_telegraphic,controlled_compositional,test
synthetic_telegraphic:a52549fdd66a09ffbae1,ME WANT ASK YOU,ME WANT ASK YOU,"I wanted to ask you,.",VERB_LEMMA|TENSE_NEUTRALIZATION|PREPOSITION_DROP|OPTIONAL_PRONOUN_REDUCTION|PUNCTUATION_DROP|AGREEMENT_SIMPLIFICATION,synthetic_telegraphic,public_librispeech_clean,train
synthetic_telegraphic:2a2836fb8b1dde4d2af9,DOG STUDY OUTSIDE COLD,DOG STUDY OUTSIDE COLD,The dog studied outside when it is cold.,ARTICLE_DROP|VERB_LEMMA|TENSE_NEUTRALIZATION|AUXILIARY_DROP|OPTIONAL_PRONOUN_REDUCTION|PUNCTUATION_DROP|AGREEMENT_SIMPLIFICATION,synthetic_telegraphic,controlled_conditions,train
synthetic_telegraphic:c45282861d2d6c870409,TIME HE WRITE THEM ALL AND MAKE BOOK THEM,TIME HE WRITE THEM ALL AND MAKE BOOK THEM,"In time he wrote them all down and made a book of them,.",PREPOSITION_DROP|VERB_LEMMA|TENSE_NEUTRALIZATION|ARTICLE_DROP|PUNCTUATION_DROP|AGREEMENT_SIMPLIFICATION,synthetic_telegraphic,public_librispeech_clean,validation
synthetic_telegraphic:fcff1b8fbbc55a571bb4,TEACHER SHOW PUPIL MATH,TEACHER SHOW PUPIL MATH,The teacher will show math to the pupil.,ARTICLE_DROP|AUXILIARY_DROP|PREPOSITION_DROP|WORD_ORDER|PUNCTUATION_DROP|AGREEMENT_SIMPLIFICATION,synthetic_telegraphic,controlled_compositional,train
synthetic_telegraphic:e759cf07f54f607c4267,KEPT ITS SECRET WELL AND CONTINUED PREACH NEUTRALITY IT NOT ENFORCE,KEPT ITS SECRET WELL AND CONTINUED PREACH NEUTRALITY IT NOT ENFORCE,kept its secret well and continued to preach a neutrality it could not enforce.,PREPOSITION_DROP|ARTICLE_DROP|AUXILIARY_DROP|PUNCTUATION_DROP,synthetic_telegraphic,public_librispeech_clean,validation
synthetic_telegraphic:cde18f355381a157190b,SISTER BAKE LUNCH THIS MORNING,SISTER BAKE LUNCH THIS MORNING,The sister bakes lunch this morning.,ARTICLE_DROP|VERB_LEMMA|TENSE_NEUTRALIZATION|PUNCTUATION_DROP|AGREEMENT_SIMPLIFICATION,synthetic_telegraphic,controlled_compositional,test
synthetic_telegraphic:683f5831af019fc339d2,PRESENT AND FUTURE INCOMES,PRESENT AND FUTURE INCOMES,between present and future incomes.,PREPOSITION_DROP|PUNCTUATION_DROP,synthetic_telegraphic,public_librispeech_clean,train
synthetic_telegraphic:6586f245dbae5dc2d649,TUTOR EXPLAIN STUDENT GRAMMAR,TUTOR EXPLAIN STUDENT GRAMMAR,The tutor explains grammar to the student.,ARTICLE_DROP|VERB_LEMMA|TENSE_NEUTRALIZATION|PREPOSITION_DROP|WORD_ORDER|PUNCTUATION_DROP|AGREEMENT_SIMPLIFICATION,synthetic_telegraphic,controlled_compositional,train
synthetic_telegraphic:273865227f445ab8a3ed,ROOSTING SHROUDS CREW EXAMINED HORIZON WHICH SHRANK AND DARKENED LITTLE LITTLE,ROOSTING SHROUDS CREW EXAMINED HORIZON WHICH SHRANK AND DARKENED LITTLE LITTLE,"Roosting in the shrouds, the crew examined the horizon, which shrank and darkened little by little.",PREPOSITION_DROP|ARTICLE_DROP|PUNCTUATION_DROP,synthetic_telegraphic,public_librispeech_clean,train
synthetic_telegraphic:b1f3db5dd4567bc95c9b,CAT PLAY OUTSIDE RAINY,CAT PLAY OUTSIDE RAINY,The cat will play outside when it is rainy.,ARTICLE_DROP|AUXILIARY_DROP|OPTIONAL_PRONOUN_REDUCTION|PUNCTUATION_DROP|AGREEMENT_SIMPLIFICATION,synthetic_telegraphic,controlled_conditions,validation
synthetic_telegraphic:84ea634a7924a007e7ab,STUDENT GO LIBRARY EVENING,STUDENT GO LIBRARY EVENING,The student went to the library in the evening.,ARTICLE_DROP|VERB_LEMMA|TENSE_NEUTRALIZATION|PREPOSITION_DROP|PUNCTUATION_DROP|AGREEMENT_SIMPLIFICATION,synthetic_telegraphic,controlled_schedules,train
synthetic_telegraphic:838e3ddb2295d64e492f,TUTOR TEACH CHILD LESSON,TUTOR TEACH CHILD LESSON,The tutor is teaching the child the lesson.,ARTICLE_DROP|AUXILIARY_DROP|VERB_LEMMA|TENSE_NEUTRALIZATION|PUNCTUATION_DROP|AGREEMENT_SIMPLIFICATION,synthetic_telegraphic,controlled_compositional,train
synthetic_telegraphic:f81de99bb2442f3f82de,PARENT CHOOSE CAR BLACK,PARENT CHOOSE CAR BLACK,The parent chose a black car.,ARTICLE_DROP|VERB_LEMMA|TENSE_NEUTRALIZATION|CONTROLLED_ADJECTIVE_ORDER|WORD_ORDER|PUNCTUATION_DROP|AGREEMENT_SIMPLIFICATION,synthetic_telegraphic,controlled_compositional,train
synthetic_telegraphic:b7a2828b2b3dc19138f4,CHILD READ SCIENCE SCHOOL,CHILD READ SCIENCE SCHOOL,The child will read the science at school.,ARTICLE_DROP|AUXILIARY_DROP|PREPOSITION_DROP|PUNCTUATION_DROP,synthetic_telegraphic,controlled_compositional,train
synthetic_telegraphic:b9ec38460efcdb94ab09,AND LENGTH REACHED STRANGE KINGDOM,AND LENGTH REACHED STRANGE KINGDOM,and at length reached a strange kingdom.,PREPOSITION_DROP|ARTICLE_DROP|PUNCTUATION_DROP,synthetic_telegraphic,public_librispeech_clean,train
synthetic_telegraphic:e69d20641aacb0d9c0d2,STUDENT VISIT STORE,STUDENT VISIT STORE,The student is visiting the store.,ARTICLE_DROP|AUXILIARY_DROP|VERB_LEMMA|TENSE_NEUTRALIZATION|PUNCTUATION_DROP|AGREEMENT_SIMPLIFICATION,synthetic_telegraphic,controlled_compositional,train
synthetic_telegraphic:42d8cd071ffb72ceaa62,SHE PROBABLY FORGOTTEN HER OWN PERSONAL EXPERIENCE,SHE PROBABLY FORGOTTEN HER OWN PERSONAL EXPERIENCE,She probably has forgotten her own personal experience.,AUXILIARY_DROP|PUNCTUATION_DROP,synthetic_telegraphic,public_librispeech_clean,train
synthetic_telegraphic:2c64b0b5aa8ae47ecb4d,SUPPRESSING UGLY TENDENCY HIS OWN EFFORT,SUPPRESSING UGLY TENDENCY HIS OWN EFFORT,of suppressing an ugly tendency by his own effort.,PREPOSITION_DROP|ARTICLE_DROP|PUNCTUATION_DROP,synthetic_telegraphic,public_librispeech_clean,train
synthetic_telegraphic:8b070c472af6312a9c0e,FIRST HE TRY PASS IT ME AS HIS OWN COMPOSITION,FIRST HE TRY PASS IT ME AS HIS OWN COMPOSITION,At first he tried to pass it off on me as his own composition.,PREPOSITION_DROP|VERB_LEMMA|TENSE_NEUTRALIZATION|PUNCTUATION_DROP|AGREEMENT_SIMPLIFICATION,synthetic_telegraphic,public_librispeech_clean,train
synthetic_telegraphic:32008458faaaa4ef93be,THIS INCLUDES WHEAT FORM BREAD PASTRY MACARONI CRACKERS NOODLES AND BREAKFAST FOODS,THIS INCLUDES WHEAT FORM BREAD PASTRY MACARONI CRACKERS NOODLES AND BREAKFAST FOODS,"This includes wheat in the form of bread, pastry, macaroni, crackers, noodles, and breakfast foods.",PREPOSITION_DROP|ARTICLE_DROP|PUNCTUATION_DROP,synthetic_telegraphic,public_librispeech_clean,train
synthetic_telegraphic:8a40d8b87a75201728f4,SHE NO MEANS ACTS ONLY PARALYZING SOCIAL ACTIVITIES AND DESTROYING POWERS LIFE,SHE NO MEANS ACTS ONLY PARALYZING SOCIAL ACTIVITIES AND DESTROYING POWERS LIFE,"She by no means acts only by paralyzing social activities and destroying the powers of life,.",PREPOSITION_DROP|ARTICLE_DROP|PUNCTUATION_DROP,synthetic_telegraphic,public_librispeech_clean,train
synthetic_telegraphic:f7a2c71113a0f6b02862,WOMAN SELL TABLE LARGE,WOMAN SELL TABLE LARGE,The woman will sell a large table.,ARTICLE_DROP|AUXILIARY_DROP|CONTROLLED_ADJECTIVE_ORDER|WORD_ORDER|PUNCTUATION_DROP|AGREEMENT_SIMPLIFICATION,synthetic_telegraphic,controlled_compositional,train
synthetic_telegraphic:e92a1c01d164136065d4,BOY GO LIBRARY NIGHT,BOY GO LIBRARY NIGHT,The boy went to the library in the night.,ARTICLE_DROP|VERB_LEMMA|TENSE_NEUTRALIZATION|PREPOSITION_DROP|PUNCTUATION_DROP|AGREEMENT_SIMPLIFICATION,synthetic_telegraphic,controlled_schedules,train
synthetic_telegraphic:f0431e317d83e7feb00f,BROTHER BAKE LUNCH THIS MORNING,BROTHER BAKE LUNCH THIS MORNING,The brother baked lunch this morning.,ARTICLE_DROP|VERB_LEMMA|TENSE_NEUTRALIZATION|PUNCTUATION_DROP|AGREEMENT_SIMPLIFICATION,synthetic_telegraphic,controlled_compositional,test
synthetic_telegraphic:f0e77180fe38d6822e14,DOG RUN QUICKLY SCHOOL,DOG RUN QUICKLY SCHOOL,The dog is running quickly in the school.,ARTICLE_DROP|AUXILIARY_DROP|VERB_LEMMA|TENSE_NEUTRALIZATION|PREPOSITION_DROP|PUNCTUATION_DROP|AGREEMENT_SIMPLIFICATION,synthetic_telegraphic,controlled_compositional,train
synthetic_telegraphic:96ffb91343f27b8077e9,HAVE MAKE THAT FAST HE PICKED NEEDLER ITS SLING,HAVE MAKE THAT FAST HE PICKED NEEDLER ITS SLING,Having made that fast he picked up a needler by its sling.,VERB_LEMMA|TENSE_NEUTRALIZATION|PREPOSITION_DROP|ARTICLE_DROP|PUNCTUATION_DROP|AGREEMENT_SIMPLIFICATION,synthetic_telegraphic,public_librispeech_clean,train
synthetic_telegraphic:fb01c5b8c47a31a4ff89,TEACHER GO PARK EVENING,TEACHER GO PARK EVENING,The teacher went to the park in the evening.,ARTICLE_DROP|VERB_LEMMA|TENSE_NEUTRALIZATION|PREPOSITION_DROP|PUNCTUATION_DROP|AGREEMENT_SIMPLIFICATION,synthetic_telegraphic,controlled_schedules,train
synthetic_telegraphic:49185b9637b02afed6aa,HERE MAN BUILT BOATS AND ROWED AWAY KEECHAWIK AND NEUKLUK CARRYING SUPPLIES HUNTING OR PROSPECTING,HERE MAN BUILT BOATS AND ROWED AWAY KEECHAWIK AND NEUKLUK CARRYING SUPPLIES HUNTING OR PROSPECTING,"Here men built boats, and rowed away to Keechawik and Neukluk, carrying supplies for hunting or prospecting.",VERB_LEMMA|TENSE_NEUTRALIZATION|PREPOSITION_DROP|PUNCTUATION_DROP|AGREEMENT_SIMPLIFICATION,synthetic_telegraphic,public_librispeech_clean,test
synthetic_telegraphic:82da8bee27323b52997e,TUTOR EXPLAIN STUDENT HISTORY,TUTOR EXPLAIN STUDENT HISTORY,The tutor explains history to the student.,ARTICLE_DROP|VERB_LEMMA|TENSE_NEUTRALIZATION|PREPOSITION_DROP|WORD_ORDER|PUNCTUATION_DROP|AGREEMENT_SIMPLIFICATION,synthetic_telegraphic,controlled_compositional,train
synthetic_telegraphic:3db2a478e98157bdaad6,HORSE PLAY PLAYGROUND,HORSE PLAY PLAYGROUND,The horse played in the playground.,ARTICLE_DROP|VERB_LEMMA|TENSE_NEUTRALIZATION|PREPOSITION_DROP|PUNCTUATION_DROP|AGREEMENT_SIMPLIFICATION,synthetic_telegraphic,controlled_compositional,train
synthetic_telegraphic:2504e40e414c3c4ed470,CAT WALK OUTSIDE RAINY,CAT WALK OUTSIDE RAINY,The cat walks outside when it is rainy.,ARTICLE_DROP|VERB_LEMMA|TENSE_NEUTRALIZATION|AUXILIARY_DROP|OPTIONAL_PRONOUN_REDUCTION|PUNCTUATION_DROP|AGREEMENT_SIMPLIFICATION,synthetic_telegraphic,controlled_conditions,validation
synthetic_telegraphic:01c11354dc1f86b00dbf,CAT RUN QUICKLY LIBRARY,CAT RUN QUICKLY LIBRARY,The cat runs quickly in the library.,ARTICLE_DROP|VERB_LEMMA|TENSE_NEUTRALIZATION|PREPOSITION_DROP|PUNCTUATION_DROP|AGREEMENT_SIMPLIFICATION,synthetic_telegraphic,controlled_compositional,train
synthetic_telegraphic:a62b380e3cc079aa394b,EVERYTHING TREMBLED SOUND HER VOICE WINDOW PANES FURNITURE AND PERSON,EVERYTHING TREMBLED SOUND HER VOICE WINDOW PANES FURNITURE AND PERSON,"Everything trembled at the sound of her voice, window panes, furniture, and people.",PREPOSITION_DROP|ARTICLE_DROP|VERB_LEMMA|TENSE_NEUTRALIZATION|PUNCTUATION_DROP|AGREEMENT_SIMPLIFICATION,synthetic_telegraphic,public_librispeech_clean,train
synthetic_telegraphic:66f5fa600f7338dee670,AND RIDERS FLYING AIR AS IF LAWS GRAVITATION NO LONGER EXISTED,AND RIDERS FLYING AIR AS IF LAWS GRAVITATION NO LONGER EXISTED,and the riders flying about in the air as if the laws of gravitation no longer existed.,ARTICLE_DROP|PREPOSITION_DROP|PUNCTUATION_DROP,synthetic_telegraphic,public_librispeech_clean,train
synthetic_telegraphic:967df60073cb01e8447c,OUR HEROINE OBEYED GREAT SWEETNESS AND HAVE ABLE TAKE LEAVE HER LOVER,OUR HEROINE OBEYED GREAT SWEETNESS AND HAVE ABLE TAKE LEAVE HER LOVER,"Our heroine obeyed with great sweetness, and without having been able to take leave of her lover.",PREPOSITION_DROP|VERB_LEMMA|TENSE_NEUTRALIZATION|AUXILIARY_DROP|PUNCTUATION_DROP|AGREEMENT_SIMPLIFICATION,synthetic_telegraphic,public_librispeech_clean,train
synthetic_telegraphic:1fbf06299afd9af83254,INSTRUCTOR TEACHES LEARNER HISTORY,INSTRUCTOR TEACHES LEARNER HISTORY,The instructor teaches the learner history.,ARTICLE_DROP|PUNCTUATION_DROP,synthetic_telegraphic,controlled_compositional,train
synthetic_telegraphic:b37bce62ad269803c271,HIS FACE RETURNED ITS LINES HABITUAL ANXIETY,HIS FACE RETURNED ITS LINES HABITUAL ANXIETY,His face returned into its lines of habitual anxiety.,PREPOSITION_DROP|PUNCTUATION_DROP,synthetic_telegraphic,public_librispeech_clean,validation
synthetic_telegraphic:10955c64e2f848486455,FIND ME IF YOU COUNT FERRALTI LIST,FIND ME IF YOU COUNT FERRALTI LIST,"Find me, if you can, a Count Ferralti in the list.",AUXILIARY_DROP|ARTICLE_DROP|PREPOSITION_DROP|PUNCTUATION_DROP,synthetic_telegraphic,public_librispeech_clean,train
synthetic_telegraphic:dd980724488b9299e9a0,THEY BUT EMPHASISED FACTS ALREADY KNOWN AND PRODUCED BUT LITTLE CHANGE GENERAL FEEL,THEY BUT EMPHASISED FACTS ALREADY KNOWN AND PRODUCED BUT LITTLE CHANGE GENERAL FEEL,"They but emphasised facts already known, and produced but little change in the general feeling,.",PREPOSITION_DROP|ARTICLE_DROP|VERB_LEMMA|TENSE_NEUTRALIZATION|PUNCTUATION_DROP|AGREEMENT_SIMPLIFICATION,synthetic_telegraphic,public_librispeech_clean,train
synthetic_telegraphic:d5fbac904c2e2886f2f7,INDIANS THOSE DAYS SEEMED WORK OR PLAY SPURTS AND SPELLS,INDIANS THOSE DAYS SEEMED WORK OR PLAY SPURTS AND SPELLS,The Indians in those days seemed to work or play by spurts and spells.,ARTICLE_DROP|PREPOSITION_DROP|PUNCTUATION_DROP,synthetic_telegraphic,public_librispeech_clean,train
synthetic_telegraphic:ceece835fe0c06027411,VISITOR MORE AND MORE LOST AMAZEMENT AND,VISITOR MORE AND MORE LOST AMAZEMENT AND,"The visitor was more and more lost in amazement, and,.",ARTICLE_DROP|AUXILIARY_DROP|PREPOSITION_DROP|PUNCTUATION_DROP,synthetic_telegraphic,public_librispeech_clean,test
synthetic_telegraphic:af0fcf4ac6a0381ccc27,HE LEAVE LOOSE ENDS EVERYWHERE,HE LEAVE LOOSE ENDS EVERYWHERE,He leaves loose ends everywhere.,VERB_LEMMA|TENSE_NEUTRALIZATION|PUNCTUATION_DROP|AGREEMENT_SIMPLIFICATION,synthetic_telegraphic,public_librispeech_clean,train
synthetic_telegraphic:2fd15e4b10f9f4872c64,CLASS STUDY HISTORY SCHOOL,CLASS STUDY HISTORY SCHOOL,The class is studying the history at school.,ARTICLE_DROP|AUXILIARY_DROP|VERB_LEMMA|TENSE_NEUTRALIZATION|PREPOSITION_DROP|PUNCTUATION_DROP|AGREEMENT_SIMPLIFICATION,synthetic_telegraphic,controlled_compositional,train
synthetic_telegraphic:63ac085d526f90b2dd95,BUT NOW LAST SHE VERY,BUT NOW LAST SHE VERY,"But now at last she was very near,.",PREPOSITION_DROP|AUXILIARY_DROP|PUNCTUATION_DROP,synthetic_telegraphic,public_librispeech_clean,train
synthetic_telegraphic:fe92d916888788ebc7b1,MOTHER PREPARE MEAL THIS AFTERNOON,MOTHER PREPARE MEAL THIS AFTERNOON,The mother prepared meal this afternoon.,ARTICLE_DROP|VERB_LEMMA|TENSE_NEUTRALIZATION|PUNCTUATION_DROP|AGREEMENT_SIMPLIFICATION,synthetic_telegraphic,controlled_compositional,train
synthetic_telegraphic:3412b99b55a41a131636,SISTER CHOOSE GIFT SMALL,SISTER CHOOSE GIFT SMALL,The sister will choose a small gift.,ARTICLE_DROP|AUXILIARY_DROP|CONTROLLED_ADJECTIVE_ORDER|WORD_ORDER|PUNCTUATION_DROP|AGREEMENT_SIMPLIFICATION,synthetic_telegraphic,controlled_compositional,train
synthetic_telegraphic:9a675dc5bc5f8ae48275,BIRDS VERY USEFUL ANIMALS,BIRDS VERY USEFUL ANIMALS,birds is very useful animals.,AUXILIARY_DROP|PUNCTUATION_DROP,synthetic_telegraphic,public_librispeech_clean,train
synthetic_telegraphic:17a1283981479f3ce67c,PROFESSOR SHOW STUDENT GRAMMAR,PROFESSOR SHOW STUDENT GRAMMAR,The professor is showing grammar to the student.,ARTICLE_DROP|AUXILIARY_DROP|VERB_LEMMA|TENSE_NEUTRALIZATION|PREPOSITION_DROP|WORD_ORDER|PUNCTUATION_DROP|AGREEMENT_SIMPLIFICATION,synthetic_telegraphic,controlled_compositional,train
synthetic_telegraphic:66232956f35fd1bb43c7,IT GIVE GREAT SATISFACTION AND WHILE FAMILY AND GUESTS ADMIRING IT,IT GIVE GREAT SATISFACTION AND WHILE FAMILY AND GUESTS ADMIRING IT,"It gave great satisfaction and while the family and guests were admiring it,.",VERB_LEMMA|TENSE_NEUTRALIZATION|ARTICLE_DROP|AUXILIARY_DROP|PUNCTUATION_DROP|AGREEMENT_SIMPLIFICATION,synthetic_telegraphic,public_librispeech_clean,train
synthetic_telegraphic:34a70cd88930e03d6aa8,AND LEAVE IT THERE WHILE HEAD GROWING,AND LEAVE IT THERE WHILE HEAD GROWING,and leaving it there while the head is growing.,VERB_LEMMA|TENSE_NEUTRALIZATION|ARTICLE_DROP|AUXILIARY_DROP|PUNCTUATION_DROP|AGREEMENT_SIMPLIFICATION,synthetic_telegraphic,public_librispeech_clean,train
synthetic_telegraphic:aee8c9e18ee1e0f2753d,WHEN GRAHAM SPENCER LEFT MILL THAT TUESDAY AFTERNOON IT VISIT MARION HAYDEN,WHEN GRAHAM SPENCER LEFT MILL THAT TUESDAY AFTERNOON IT VISIT MARION HAYDEN,"When Graham Spencer left the mill that Tuesday afternoon, it was to visit Marion Hayden.",ARTICLE_DROP|AUXILIARY_DROP|PREPOSITION_DROP|PUNCTUATION_DROP,synthetic_telegraphic,public_librispeech_clean,train
synthetic_telegraphic:f058c6a69c3a56c5edcb,AS HE LISTENED SWISH AND MURMUR WIND,AS HE LISTENED SWISH AND MURMUR WIND,"As he listened to the swish and murmur of the wind,.",PREPOSITION_DROP|ARTICLE_DROP|PUNCTUATION_DROP,synthetic_telegraphic,public_librispeech_clean,train
synthetic_telegraphic:1f15354b2fe5cd6e7edc,SUCH ABUSE AS HE SHOWERED HIS TRAVELLING COMPANION NO MAN EVER LISTENED,SUCH ABUSE AS HE SHOWERED HIS TRAVELLING COMPANION NO MAN EVER LISTENED,Such abuse as he showered upon his travelling companion no man ever listened to before.,PREPOSITION_DROP|PUNCTUATION_DROP,synthetic_telegraphic,public_librispeech_clean,train
synthetic_telegraphic:d01b2206e93e9a820254,EMMA ALLOWED HER FATHER TALK BUT SUPPLIED HER VISITORS MUCH MORE SATISFACTORY STYLE,EMMA ALLOWED HER FATHER TALK BUT SUPPLIED HER VISITORS MUCH MORE SATISFACTORY STYLE,"Emma allowed her father to talk but supplied her visitors in a much more satisfactory style,.",PREPOSITION_DROP|ARTICLE_DROP|PUNCTUATION_DROP,synthetic_telegraphic,public_librispeech_clean,train
synthetic_telegraphic:1cfc01870f9ce49ed5f7,SISTER BUY BICYCLE NEW,SISTER BUY BICYCLE NEW,The sister is buying a new bicycle.,ARTICLE_DROP|AUXILIARY_DROP|VERB_LEMMA|TENSE_NEUTRALIZATION|CONTROLLED_ADJECTIVE_ORDER|WORD_ORDER|PUNCTUATION_DROP|AGREEMENT_SIMPLIFICATION,synthetic_telegraphic,controlled_compositional,train
synthetic_telegraphic:957055e9c002491a3b29,PLACE HOWEVER MUFFLED CONVENIENCE AND DECORUM CONSTANTLY HUMMED HIM THAT THICK IRONY,PLACE HOWEVER MUFFLED CONVENIENCE AND DECORUM CONSTANTLY HUMMED HIM THAT THICK IRONY,"the place, however muffled in convenience and decorum, constantly hummed for him with that thick irony.",ARTICLE_DROP|PREPOSITION_DROP|PUNCTUATION_DROP,synthetic_telegraphic,public_librispeech_clean,train
synthetic_telegraphic:8b12a811f09cee39f437,BOY READ OUTSIDE COLD,BOY READ OUTSIDE COLD,The boy reads outside when it is cold.,ARTICLE_DROP|VERB_LEMMA|TENSE_NEUTRALIZATION|AUXILIARY_DROP|OPTIONAL_PRONOUN_REDUCTION|PUNCTUATION_DROP|AGREEMENT_SIMPLIFICATION,synthetic_telegraphic,controlled_conditions,train
synthetic_telegraphic:d6c0716b6cc768e30f34,AND INVENTING DISTINCTION HITHERTO UNHEARD OFFICE AND PERSON KING,AND INVENTING DISTINCTION HITHERTO UNHEARD OFFICE AND PERSON KING,"And inventing a distinction, hitherto unheard of, between the office and the person of the king,.",ARTICLE_DROP|PREPOSITION_DROP|PUNCTUATION_DROP,synthetic_telegraphic,public_librispeech_clean,train
synthetic_telegraphic:327faa3feef3e404016f,EVEN NOW THERE RUMOUR FIGHTING BEGINNING,EVEN NOW THERE RUMOUR FIGHTING BEGINNING,Even now there is a rumour of fighting beginning.,AUXILIARY_DROP|ARTICLE_DROP|PREPOSITION_DROP|PUNCTUATION_DROP,synthetic_telegraphic,public_librispeech_clean,validation
synthetic_telegraphic:44ed2946dd4951a1dff0,SYSTEM WHICH BETTER THAN PROPERTY GUARANTEES FORMATION CAPITAL AND KEEP COURAGE ALL,SYSTEM WHICH BETTER THAN PROPERTY GUARANTEES FORMATION CAPITAL AND KEEP COURAGE ALL,"a system which, better than property, guarantees the formation of capital and keeps up the courage of all.",ARTICLE_DROP|PREPOSITION_DROP|VERB_LEMMA|TENSE_NEUTRALIZATION|PUNCTUATION_DROP|AGREEMENT_SIMPLIFICATION,synthetic_telegraphic,public_librispeech_clean,test
synthetic_telegraphic:87b1c8fc7c3d0ea6c40b,HORSE WALK FAST MARKET,HORSE WALK FAST MARKET,The horse will walk fast in the market.,ARTICLE_DROP|AUXILIARY_DROP|PREPOSITION_DROP|PUNCTUATION_DROP,synthetic_telegraphic,controlled_compositional,validation
synthetic_telegraphic:a62dcc4c98c40ce3924f,TEACHER TEACH CHILD SCIENCE,TEACHER TEACH CHILD SCIENCE,The teacher is teaching the child science.,ARTICLE_DROP|AUXILIARY_DROP|VERB_LEMMA|TENSE_NEUTRALIZATION|PUNCTUATION_DROP|AGREEMENT_SIMPLIFICATION,synthetic_telegraphic,controlled_compositional,train
synthetic_telegraphic:b987a4633126e18afe16,FAMILY GO PARK AFTERNOON,FAMILY GO PARK AFTERNOON,The family went to the park in the afternoon.,ARTICLE_DROP|VERB_LEMMA|TENSE_NEUTRALIZATION|PREPOSITION_DROP|PUNCTUATION_DROP|AGREEMENT_SIMPLIFICATION,synthetic_telegraphic,controlled_schedules,train
synthetic_telegraphic:43335256aa1a1a142c14,GIRL GO GARDEN,GIRL GO GARDEN,The girl will go to the garden.,ARTICLE_DROP|AUXILIARY_DROP|PREPOSITION_DROP|PUNCTUATION_DROP,synthetic_telegraphic,controlled_compositional,validation
synthetic_telegraphic:f64f1dd035a448457e67,PERHAPS SHE MOTHER SOME ONE YOU,PERHAPS SHE MOTHER SOME ONE YOU,Perhaps she is the mother of some one of you.,AUXILIARY_DROP|ARTICLE_DROP|PREPOSITION_DROP|PUNCTUATION_DROP,synthetic_telegraphic,public_librispeech_clean,train
synthetic_telegraphic:69a32bfbf21989dd3c54,WOMAN BUY GIFT WHITE,WOMAN BUY GIFT WHITE,The woman will buy a white gift.,ARTICLE_DROP|AUXILIARY_DROP|CONTROLLED_ADJECTIVE_ORDER|WORD_ORDER|PUNCTUATION_DROP|AGREEMENT_SIMPLIFICATION,synthetic_telegraphic,controlled_compositional,train
synthetic_telegraphic:ebd0c784947599a22114,MOTHER CHOOSE BICYCLE RED,MOTHER CHOOSE BICYCLE RED,The mother chose a red bicycle.,ARTICLE_DROP|VERB_LEMMA|TENSE_NEUTRALIZATION|CONTROLLED_ADJECTIVE_ORDER|WORD_ORDER|PUNCTUATION_DROP|AGREEMENT_SIMPLIFICATION,synthetic_telegraphic,controlled_compositional,train
synthetic_telegraphic:1d0acb12958a7f42bb46,BUT DOING THAT HE AFFECTS AGENTS OWNED AND CONTROLLED OTHERS,BUT DOING THAT HE AFFECTS AGENTS OWNED AND CONTROLLED OTHERS,but in doing that he affects the agents owned and controlled by others.,PREPOSITION_DROP|ARTICLE_DROP|PUNCTUATION_DROP,synthetic_telegraphic,public_librispeech_clean,train
synthetic_telegraphic:5950a557e408c084da65,PROFESSOR SHOW LEARNER PROBLEM,PROFESSOR SHOW LEARNER PROBLEM,The professor shows the problem to the learner.,ARTICLE_DROP|VERB_LEMMA|TENSE_NEUTRALIZATION|PREPOSITION_DROP|WORD_ORDER|PUNCTUATION_DROP|AGREEMENT_SIMPLIFICATION,synthetic_telegraphic,controlled_compositional,validation
synthetic_telegraphic:5a022b2851810446994a,WAIT TALL ENGLISHMAN WHO CAPTURE IMPORTANT,WAIT TALL ENGLISHMAN WHO CAPTURE IMPORTANT,"to wait for the tall Englishman, who was the important capture.",PREPOSITION_DROP|ARTICLE_DROP|AUXILIARY_DROP|CONTROLLED_ADJECTIVE_ORDER|WORD_ORDER|PUNCTUATION_DROP|AGREEMENT_SIMPLIFICATION,synthetic_telegraphic,public_librispeech_clean,test
synthetic_telegraphic:6553d4032d0e76cdd170,WOMAN SELL BICYCLE BLACK,WOMAN SELL BICYCLE BLACK,The woman sells a black bicycle.,ARTICLE_DROP|VERB_LEMMA|TENSE_NEUTRALIZATION|CONTROLLED_ADJECTIVE_ORDER|WORD_ORDER|PUNCTUATION_DROP|AGREEMENT_SIMPLIFICATION,synthetic_telegraphic,controlled_compositional,train
synthetic_telegraphic:14d53f9eb4b6a7d88ad4,PLAYER RUN QUICKLY SCHOOL,PLAYER RUN QUICKLY SCHOOL,The player ran quickly in the school.,ARTICLE_DROP|VERB_LEMMA|TENSE_NEUTRALIZATION|PREPOSITION_DROP|PUNCTUATION_DROP|AGREEMENT_SIMPLIFICATION,synthetic_telegraphic,controlled_compositional,validation
synthetic_telegraphic:8a8bf720a3e558874eaf,MOST PART DEVOTED FORTIFYING THIS POSITION AND DEMOLISHING BELIEFS INCONSISTENT IT,MOST PART DEVOTED FORTIFYING THIS POSITION AND DEMOLISHING BELIEFS INCONSISTENT IT,"are for the most part devoted to fortifying this position, and demolishing beliefs inconsistent with it.",AUXILIARY_DROP|PREPOSITION_DROP|ARTICLE_DROP|PUNCTUATION_DROP,synthetic_telegraphic,public_librispeech_clean,validation
synthetic_telegraphic:50df716ee2ee1b3138b0,FATHER PREPARE RICE THIS EVENING,FATHER PREPARE RICE THIS EVENING,The father will prepare rice this evening.,ARTICLE_DROP|AUXILIARY_DROP|PUNCTUATION_DROP,synthetic_telegraphic,controlled_compositional,validation
synthetic_telegraphic:37384e9f4a9c9007de3e,WOMAN PREPARE LUNCH THIS MORNING,WOMAN PREPARE LUNCH THIS MORNING,The woman prepares lunch this morning.,ARTICLE_DROP|VERB_LEMMA|TENSE_NEUTRALIZATION|PUNCTUATION_DROP|AGREEMENT_SIMPLIFICATION,synthetic_telegraphic,controlled_compositional,train
synthetic_telegraphic:dff3accec01c03e1a9a1,PLAYER READ OUTSIDE WARM,PLAYER READ OUTSIDE WARM,The player reads outside when it is warm.,ARTICLE_DROP|VERB_LEMMA|TENSE_NEUTRALIZATION|AUXILIARY_DROP|OPTIONAL_PRONOUN_REDUCTION|PUNCTUATION_DROP|AGREEMENT_SIMPLIFICATION,synthetic_telegraphic,controlled_conditions,train
synthetic_telegraphic:84ac827ffd72c15c036e,THEY WHO WEAR PETTICOATS SQUAWS THEIR OWN RIVER,THEY WHO WEAR PETTICOATS SQUAWS THEIR OWN RIVER,"They who wear the petticoats of squaws, on their own river.",ARTICLE_DROP|PREPOSITION_DROP|PUNCTUATION_DROP,synthetic_telegraphic,public_librispeech_clean,train
synthetic_telegraphic:285ece25080558f0fe4e,TUTOR EXPLAIN LEARNER RULE,TUTOR EXPLAIN LEARNER RULE,The tutor explained the rule to the learner.,ARTICLE_DROP|VERB_LEMMA|TENSE_NEUTRALIZATION|PREPOSITION_DROP|WORD_ORDER|PUNCTUATION_DROP|AGREEMENT_SIMPLIFICATION,synthetic_telegraphic,controlled_compositional,train
synthetic_telegraphic:d66e6164f857ca830758,ADULT FEMALES RANGED HEIGHT TEN TWELVE FEET,ADULT FEMALES RANGED HEIGHT TEN TWELVE FEET,The adult females ranged in height from ten to twelve feet.,ARTICLE_DROP|PREPOSITION_DROP|PUNCTUATION_DROP,synthetic_telegraphic,public_librispeech_clean,train
synthetic_telegraphic:9975aae9b31f71c21b5c,CHILD PLAY LIBRARY,CHILD PLAY LIBRARY,The child played in the library.,ARTICLE_DROP|VERB_LEMMA|TENSE_NEUTRALIZATION|PREPOSITION_DROP|PUNCTUATION_DROP|AGREEMENT_SIMPLIFICATION,synthetic_telegraphic,controlled_compositional,train
synthetic_telegraphic:d83c257649ea8fbc77c6,TRY CONVEY HER THAT SHE GET HER THOUGHTS ME,TRY CONVEY HER THAT SHE GET HER THOUGHTS ME,trying to convey to her that she could get her thoughts to me.,VERB_LEMMA|TENSE_NEUTRALIZATION|PREPOSITION_DROP|AUXILIARY_DROP|PUNCTUATION_DROP|AGREEMENT_SIMPLIFICATION,synthetic_telegraphic,public_librispeech_clean,train
synthetic_telegraphic:3d33c1cb07cb81f666cf,HER PEACOCK HER,HER PEACOCK HER,with her peacock beside her.,PREPOSITION_DROP|PUNCTUATION_DROP,synthetic_telegraphic,public_librispeech_clean,train
synthetic_telegraphic:c0ee550cfe3fe217943a,FAMILY RUN OUTSIDE SUNNY,FAMILY RUN OUTSIDE SUNNY,The family runs outside when it is sunny.,ARTICLE_DROP|VERB_LEMMA|TENSE_NEUTRALIZATION|AUXILIARY_DROP|OPTIONAL_PRONOUN_REDUCTION|PUNCTUATION_DROP|AGREEMENT_SIMPLIFICATION,synthetic_telegraphic,controlled_conditions,train
synthetic_telegraphic:44c638e09930225d3ab8,TEACHER SHOW CHILD LESSON,TEACHER SHOW CHILD LESSON,The teacher shows the lesson to the child.,ARTICLE_DROP|VERB_LEMMA|TENSE_NEUTRALIZATION|PREPOSITION_DROP|WORD_ORDER|PUNCTUATION_DROP|AGREEMENT_SIMPLIFICATION,synthetic_telegraphic,controlled_compositional,test
synthetic_telegraphic:cb52c33cbbea3edf30e1,PUPIL RUN OUTSIDE RAINY,PUPIL RUN OUTSIDE RAINY,The pupil ran outside when it is rainy.,ARTICLE_DROP|VERB_LEMMA|TENSE_NEUTRALIZATION|AUXILIARY_DROP|OPTIONAL_PRONOUN_REDUCTION|PUNCTUATION_DROP|AGREEMENT_SIMPLIFICATION,synthetic_telegraphic,controlled_conditions,train
synthetic_telegraphic:743853193f53f0252a09,FATHER MAKE MEAL YESTERDAY,FATHER MAKE MEAL YESTERDAY,The father made meal yesterday.,ARTICLE_DROP|VERB_LEMMA|TENSE_NEUTRALIZATION|PUNCTUATION_DROP|AGREEMENT_SIMPLIFICATION,synthetic_telegraphic,controlled_compositional,train
synthetic_telegraphic:070dcf352b58a4ff7845,FATHER SELL BOOK BLUE,FATHER SELL BOOK BLUE,The father will sell a blue book.,ARTICLE_DROP|AUXILIARY_DROP|CONTROLLED_ADJECTIVE_ORDER|WORD_ORDER|PUNCTUATION_DROP|AGREEMENT_SIMPLIFICATION,synthetic_telegraphic,controlled_compositional,train
synthetic_telegraphic:9e44060b981a4a0d1f4e,PUPPY GOING SCHOOL,PUPPY GOING SCHOOL,The puppy is going to the school.,ARTICLE_DROP|AUXILIARY_DROP|PREPOSITION_DROP|PUNCTUATION_DROP,synthetic_telegraphic,controlled_compositional,train
synthetic_telegraphic:bff88c96fedf7c2f94c4,PUPPY VISIT PLAYGROUND,PUPPY VISIT PLAYGROUND,The puppy visits the playground.,ARTICLE_DROP|VERB_LEMMA|TENSE_NEUTRALIZATION|PUNCTUATION_DROP|AGREEMENT_SIMPLIFICATION,synthetic_telegraphic,controlled_compositional,validation
synthetic_telegraphic:8d3ba763a848a60f934e,CHILD RUN OUTSIDE BRIGHT,CHILD RUN OUTSIDE BRIGHT,The child ran outside when it is bright.,ARTICLE_DROP|VERB_LEMMA|TENSE_NEUTRALIZATION|AUXILIARY_DROP|OPTIONAL_PRONOUN_REDUCTION|PUNCTUATION_DROP|AGREEMENT_SIMPLIFICATION,synthetic_telegraphic,controlled_conditions,train
synthetic_telegraphic:c07e718ecc310bf2608b,SERVANT STOOD AND STARED LIKE ONE BEREFT WITS,SERVANT STOOD AND STARED LIKE ONE BEREFT WITS,The servant stood and stared like one bereft of wits.,ARTICLE_DROP|PREPOSITION_DROP|PUNCTUATION_DROP,synthetic_telegraphic,public_librispeech_clean,train
synthetic_telegraphic:a74fdb7bbb690e0634b3,AUNT PREPARE SOUP THIS AFTERNOON,AUNT PREPARE SOUP THIS AFTERNOON,The aunt prepared soup this afternoon.,ARTICLE_DROP|VERB_LEMMA|TENSE_NEUTRALIZATION|PUNCTUATION_DROP|AGREEMENT_SIMPLIFICATION,synthetic_telegraphic,controlled_compositional,test
synthetic_telegraphic:7a017c3234b1bdccf4b0,INSTRUCTOR TEACH LEARNER RULE,INSTRUCTOR TEACH LEARNER RULE,The instructor will teach the learner the rule.,ARTICLE_DROP|AUXILIARY_DROP|PUNCTUATION_DROP,synthetic_telegraphic,controlled_compositional,train
synthetic_telegraphic:786fe78f9eb72d6979b0,INSTRUCTOR SHOW CLASS RULE,INSTRUCTOR SHOW CLASS RULE,The instructor will show the rule to the class.,ARTICLE_DROP|AUXILIARY_DROP|PREPOSITION_DROP|WORD_ORDER|PUNCTUATION_DROP|AGREEMENT_SIMPLIFICATION,synthetic_telegraphic,controlled_compositional,train
synthetic_telegraphic:0b7c1cc780c4a3ad7172,I KNOW ENOUGH AND HELP MYSELF SPLENDIDLY,I KNOW ENOUGH AND HELP MYSELF SPLENDIDLY,"I know enough, and can help myself splendidly'.",AUXILIARY_DROP|PUNCTUATION_DROP,synthetic_telegraphic,public_librispeech_clean,train
synthetic_telegraphic:87570f53b3b12132c141,MOTHER BUY BICYCLE BLACK,MOTHER BUY BICYCLE BLACK,The mother is buying a black bicycle.,ARTICLE_DROP|AUXILIARY_DROP|VERB_LEMMA|TENSE_NEUTRALIZATION|CONTROLLED_ADJECTIVE_ORDER|WORD_ORDER|PUNCTUATION_DROP|AGREEMENT_SIMPLIFICATION,synthetic_telegraphic,controlled_compositional,validation
synthetic_telegraphic:e77f3fa74fb92c49690c,ME THINK NOW I RECALLED HEAR LOW MURMUR HIS VOICE THERE DOCTOR FRANK,ME THINK NOW I RECALLED HEAR LOW MURMUR HIS VOICE THERE DOCTOR FRANK,I thought now I recalled hearing the low murmur of his voice in there with doctor Frank.,VERB_LEMMA|TENSE_NEUTRALIZATION|ARTICLE_DROP|PREPOSITION_DROP|OPTIONAL_PRONOUN_REDUCTION|PUNCTUATION_DROP|AGREEMENT_SIMPLIFICATION,synthetic_telegraphic,public_librispeech_clean,train
synthetic_telegraphic:08be49172733f78e6f95,NIGHT HE PARTICULARLY SO SINCE HIS REPORT COMPANY FAVOURABLY COMMENTED,NIGHT HE PARTICULARLY SO SINCE HIS REPORT COMPANY FAVOURABLY COMMENTED,"To night he was particularly so, since his report to the company had been favourably commented upon,.",PREPOSITION_DROP|AUXILIARY_DROP|ARTICLE_DROP|PUNCTUATION_DROP,synthetic_telegraphic,public_librispeech_clean,train
synthetic_telegraphic:709612faf113f191d35b,TEACHER GO SCHOOL EVENING,TEACHER GO SCHOOL EVENING,The teacher will go to the school in the evening.,ARTICLE_DROP|AUXILIARY_DROP|PREPOSITION_DROP|PUNCTUATION_DROP,synthetic_telegraphic,controlled_schedules,train
synthetic_telegraphic:80f53dd1d5d7a0de69bd,FATHER PREPARE BREAKFAST TONIGHT,FATHER PREPARE BREAKFAST TONIGHT,The father is preparing breakfast tonight.,ARTICLE_DROP|AUXILIARY_DROP|VERB_LEMMA|TENSE_NEUTRALIZATION|PUNCTUATION_DROP|AGREEMENT_SIMPLIFICATION,synthetic_telegraphic,controlled_compositional,test
synthetic_telegraphic:114a253fa4e722e2c6fb,PROFESSOR TEACH PUPIL PROBLEM,PROFESSOR TEACH PUPIL PROBLEM,The professor will teach the pupil the problem.,ARTICLE_DROP|AUXILIARY_DROP|PUNCTUATION_DROP,synthetic_telegraphic,controlled_compositional,test
synthetic_telegraphic:ecd870595d14d8f99335,TEACHER EXPLAIN STUDENT ALGEBRA,TEACHER EXPLAIN STUDENT ALGEBRA,The teacher explained algebra to the student.,ARTICLE_DROP|VERB_LEMMA|TENSE_NEUTRALIZATION|PREPOSITION_DROP|WORD_ORDER|PUNCTUATION_DROP|AGREEMENT_SIMPLIFICATION,synthetic_telegraphic,controlled_compositional,validation
synthetic_telegraphic:6908193a86eb03f21cf2,CAT WALK QUICKLY STATION,CAT WALK QUICKLY STATION,The cat is walking quickly in the station.,ARTICLE_DROP|AUXILIARY_DROP|VERB_LEMMA|TENSE_NEUTRALIZATION|PREPOSITION_DROP|PUNCTUATION_DROP|AGREEMENT_SIMPLIFICATION,synthetic_telegraphic,controlled_compositional,train
synthetic_telegraphic:4ed4ba5ba47378ade8b8,WELL IT GETS LATE SAY WIDOW,WELL IT GETS LATE SAY WIDOW,"Well, it gets late, said the widow,.",VERB_LEMMA|TENSE_NEUTRALIZATION|ARTICLE_DROP|PUNCTUATION_DROP|AGREEMENT_SIMPLIFICATION,synthetic_telegraphic,public_librispeech_clean,train
synthetic_telegraphic:c16ca14c7a3947307eb0,WOMAN MAKE BREAD THIS MORNING,WOMAN MAKE BREAD THIS MORNING,The woman made bread this morning.,ARTICLE_DROP|VERB_LEMMA|TENSE_NEUTRALIZATION|PUNCTUATION_DROP|AGREEMENT_SIMPLIFICATION,synthetic_telegraphic,controlled_compositional,test
synthetic_telegraphic:c8e032a66e57b66792b5,SHE THINK GREAT DEAL HIM,SHE THINK GREAT DEAL HIM,"She thought a great deal of him,.",VERB_LEMMA|TENSE_NEUTRALIZATION|ARTICLE_DROP|PREPOSITION_DROP|PUNCTUATION_DROP|AGREEMENT_SIMPLIFICATION,synthetic_telegraphic,public_librispeech_clean,train
synthetic_telegraphic:6b794b02121c1626655d,HIS CONSCIENCE GIVE HIM NO CONCERN SUBJECT,HIS CONSCIENCE GIVE HIM NO CONCERN SUBJECT,His conscience gave him no concern upon the subject.,VERB_LEMMA|TENSE_NEUTRALIZATION|PREPOSITION_DROP|ARTICLE_DROP|PUNCTUATION_DROP|AGREEMENT_SIMPLIFICATION,synthetic_telegraphic,public_librispeech_clean,train
synthetic_telegraphic:dc5eb9258c2ad3fb7eb2,STUDENT WALK QUICKLY STORE,STUDENT WALK QUICKLY STORE,The student walks quickly in the store.,ARTICLE_DROP|VERB_LEMMA|TENSE_NEUTRALIZATION|PREPOSITION_DROP|PUNCTUATION_DROP|AGREEMENT_SIMPLIFICATION,synthetic_telegraphic,controlled_compositional,train
synthetic_telegraphic:d4b30a575326cb9062a9,PARENT COOK MEAL THIS MORNING,PARENT COOK MEAL THIS MORNING,The parent is cooking meal this morning.,ARTICLE_DROP|AUXILIARY_DROP|VERB_LEMMA|TENSE_NEUTRALIZATION|PUNCTUATION_DROP|AGREEMENT_SIMPLIFICATION,synthetic_telegraphic,controlled_compositional,validation
synthetic_telegraphic:f08d5fa71a5153cce5e8,MOTHER SERVE BREAD THIS EVENING,MOTHER SERVE BREAD THIS EVENING,The mother will serve bread this evening.,ARTICLE_DROP|AUXILIARY_DROP|PUNCTUATION_DROP,synthetic_telegraphic,controlled_compositional,train
synthetic_telegraphic:fd928f05e7360a39b024,FAMILY READ OUTSIDE WARM,FAMILY READ OUTSIDE WARM,The family will read outside when it is warm.,ARTICLE_DROP|AUXILIARY_DROP|OPTIONAL_PRONOUN_REDUCTION|PUNCTUATION_DROP|AGREEMENT_SIMPLIFICATION,synthetic_telegraphic,controlled_conditions,train
synthetic_telegraphic:aec2a109d90810d030d1,GIRL GO PARK NIGHT,GIRL GO PARK NIGHT,The girl went to the park in the night.,ARTICLE_DROP|VERB_LEMMA|TENSE_NEUTRALIZATION|PREPOSITION_DROP|PUNCTUATION_DROP|AGREEMENT_SIMPLIFICATION,synthetic_telegraphic,controlled_schedules,train
synthetic_telegraphic:6409d3557d691e4545a3,DOG READ OUTSIDE SUNNY,DOG READ OUTSIDE SUNNY,The dog is reading outside when it is sunny.,ARTICLE_DROP|AUXILIARY_DROP|VERB_LEMMA|TENSE_NEUTRALIZATION|OPTIONAL_PRONOUN_REDUCTION|PUNCTUATION_DROP|AGREEMENT_SIMPLIFICATION,synthetic_telegraphic,controlled_conditions,test
synthetic_telegraphic:99691bfd0c242a7cb9f2,ASK WHETHER IT TRUE THAT IF WOMAN CURED HAMS WHILE MENSTRUATING HAMS SPOILED,ASK WHETHER IT TRUE THAT IF WOMAN CURED HAMS WHILE MENSTRUATING HAMS SPOILED,asking whether it was true that if a woman cured hams while menstruating the hams would be spoiled.,VERB_LEMMA|TENSE_NEUTRALIZATION|AUXILIARY_DROP|ARTICLE_DROP|PUNCTUATION_DROP|AGREEMENT_SIMPLIFICATION,synthetic_telegraphic,public_librispeech_clean,train
synthetic_telegraphic:6360d7d6f5a76f7afa1a,AND I BECOME QUITE WELL AGAIN AS,AND I BECOME QUITE WELL AGAIN AS,and I shall become quite well again as before'.,AUXILIARY_DROP|PREPOSITION_DROP|PUNCTUATION_DROP,synthetic_telegraphic,public_librispeech_clean,train
synthetic_telegraphic:b32c8f9de7e68ad9d0cb,TEACHER EXPLAIN CLASS HISTORY,TEACHER EXPLAIN CLASS HISTORY,The teacher explains history to the class.,ARTICLE_DROP|VERB_LEMMA|TENSE_NEUTRALIZATION|PREPOSITION_DROP|WORD_ORDER|PUNCTUATION_DROP|AGREEMENT_SIMPLIFICATION,synthetic_telegraphic,controlled_compositional,test
synthetic_telegraphic:75d31c7d17e8027c626b,FATHER BAKE LUNCH THIS MORNING,FATHER BAKE LUNCH THIS MORNING,The father baked lunch this morning.,ARTICLE_DROP|VERB_LEMMA|TENSE_NEUTRALIZATION|PUNCTUATION_DROP|AGREEMENT_SIMPLIFICATION,synthetic_telegraphic,controlled_compositional,train
synthetic_telegraphic:a37920821830d7704591,SISTER CHOOSE BICYCLE WHITE,SISTER CHOOSE BICYCLE WHITE,The sister will choose a white bicycle.,ARTICLE_DROP|AUXILIARY_DROP|CONTROLLED_ADJECTIVE_ORDER|WORD_ORDER|PUNCTUATION_DROP|AGREEMENT_SIMPLIFICATION,synthetic_telegraphic,controlled_compositional,train
synthetic_telegraphic:ff631dc6571f22ba59ef,PLAYER CATCH BALL SKILLED,PLAYER CATCH BALL SKILLED,The skilled player caught the ball.,ARTICLE_DROP|VERB_LEMMA|TENSE_NEUTRALIZATION|CONTROLLED_ADJECTIVE_ORDER|WORD_ORDER|PUNCTUATION_DROP|AGREEMENT_SIMPLIFICATION,synthetic_telegraphic,controlled_compositional,validation
synthetic_telegraphic:94d57550028313d888cc,UNLESS I RESCUE THAT NOBLE LADY,UNLESS I RESCUE THAT NOBLE LADY,unless I may rescue that noble lady.,AUXILIARY_DROP|PUNCTUATION_DROP,synthetic_telegraphic,public_librispeech_clean,train
synthetic_telegraphic:7dbaf51b5774c0ed4fbb,OUR BODIES WOUNDED AND BLEEDING AND OUR HEARTS NO LESS THAN OUR BODIES,OUR BODIES WOUNDED AND BLEEDING AND OUR HEARTS NO LESS THAN OUR BODIES,"with our bodies wounded and bleeding, and our hearts no less than our bodies.",PREPOSITION_DROP|PUNCTUATION_DROP,synthetic_telegraphic,public_librispeech_clean,train
synthetic_telegraphic:5632b4d2ec14dbe9e599,AND EVERY YEAR THEIR RAVAGES PENETRATED FURTHER INLAND,AND EVERY YEAR THEIR RAVAGES PENETRATED FURTHER INLAND,and every year their ravages penetrated further inland.,PUNCTUATION_DROP,synthetic_telegraphic,public_librispeech_clean,train
synthetic_telegraphic:666e90736f69e17b087f,SAY HEALTH BRAVE CUCUMETTO AND FAIR RITA,SAY HEALTH BRAVE CUCUMETTO AND FAIR RITA,"saying, 'To the health of the brave Cucumetto and the fair Rita'.",VERB_LEMMA|TENSE_NEUTRALIZATION|PREPOSITION_DROP|ARTICLE_DROP|PUNCTUATION_DROP|AGREEMENT_SIMPLIFICATION,synthetic_telegraphic,public_librispeech_clean,train
synthetic_telegraphic:8ce7e69bbbd59321ccc9,EARLY TEUTONS SEE SANCTUM ALIQUID ET PROVIDUM WOMAN WHO MEDI VAL GERMAN PREACHER,EARLY TEUTONS SEE SANCTUM ALIQUID ET PROVIDUM WOMAN WHO MEDI VAL GERMAN PREACHER,"The early Teutons saw sanctum aliquid et providum in women who, for the medi val German preacher,.",ARTICLE_DROP|VERB_LEMMA|TENSE_NEUTRALIZATION|PREPOSITION_DROP|PUNCTUATION_DROP|AGREEMENT_SIMPLIFICATION,synthetic_telegraphic,public_librispeech_clean,train
synthetic_telegraphic:3723aa2e3ba4588c5227,CHILD GO MARKET MORNING,CHILD GO MARKET MORNING,The child went to the market in the morning.,ARTICLE_DROP|VERB_LEMMA|TENSE_NEUTRALIZATION|PREPOSITION_DROP|PUNCTUATION_DROP|AGREEMENT_SIMPLIFICATION,synthetic_telegraphic,controlled_schedules,train
synthetic_telegraphic:46e861cc7ae070456e09,TUTOR SHOW PUPIL MATH,TUTOR SHOW PUPIL MATH,The tutor showed math to the pupil.,ARTICLE_DROP|VERB_LEMMA|TENSE_NEUTRALIZATION|PREPOSITION_DROP|WORD_ORDER|PUNCTUATION_DROP|AGREEMENT_SIMPLIFICATION,synthetic_telegraphic,controlled_compositional,train
synthetic_telegraphic:4015830f36bdab234f9c,FIRST THESE CONSIDERED THIS SECTION,FIRST THESE CONSIDERED THIS SECTION,The first of these will be considered in this section.,ARTICLE_DROP|PREPOSITION_DROP|AUXILIARY_DROP|PUNCTUATION_DROP,synthetic_telegraphic,public_librispeech_clean,train
synthetic_telegraphic:4825215c2b03341bd5ff,TUTOR EXPLAIN PUPIL RULE,TUTOR EXPLAIN PUPIL RULE,The tutor will explain the rule to the pupil.,ARTICLE_DROP|AUXILIARY_DROP|PREPOSITION_DROP|WORD_ORDER|PUNCTUATION_DROP|AGREEMENT_SIMPLIFICATION,synthetic_telegraphic,controlled_compositional,test
synthetic_telegraphic:a1b41b08a0f0157a0d88,AND TAKE AWAY US AND PUT BACK HIS BOX,AND TAKE AWAY US AND PUT BACK HIS BOX,"and to take away from us and put back in his box,.",PREPOSITION_DROP|PUNCTUATION_DROP,synthetic_telegraphic,public_librispeech_clean,validation
synthetic_telegraphic:230e83695b4fa011dbd4,CHILD REVIEW ALGEBRA SCHOOL,CHILD REVIEW ALGEBRA SCHOOL,The child is reviewing the algebra at school.,ARTICLE_DROP|AUXILIARY_DROP|VERB_LEMMA|TENSE_NEUTRALIZATION|PREPOSITION_DROP|PUNCTUATION_DROP|AGREEMENT_SIMPLIFICATION,synthetic_telegraphic,controlled_compositional,train
synthetic_telegraphic:6669a2ddb70b4bcbfe10,SO CAKED LIMESTONE THESE WATERS,SO CAKED LIMESTONE THESE WATERS,"To be so caked with the limestone of these waters,.",PREPOSITION_DROP|AUXILIARY_DROP|ARTICLE_DROP|PUNCTUATION_DROP,synthetic_telegraphic,public_librispeech_clean,train
synthetic_telegraphic:ceda0b14be8f625a21ce,GIRL FLUNG HERS BACK,GIRL FLUNG HERS BACK,The girl flung hers back.,ARTICLE_DROP|PUNCTUATION_DROP,synthetic_telegraphic,public_librispeech_clean,train
synthetic_telegraphic:efce5271263f0ba7bb63,FOLLOWING CONDITIONS THEN SUBSEQUENT EVIDENCE DEPENDS CORRECTNESS MY PRECEDING ARGUMENTS,FOLLOWING CONDITIONS THEN SUBSEQUENT EVIDENCE DEPENDS CORRECTNESS MY PRECEDING ARGUMENTS,"On the following conditions, then, of subsequent evidence, depends the correctness of my preceding arguments.",PREPOSITION_DROP|ARTICLE_DROP|PUNCTUATION_DROP,synthetic_telegraphic,public_librispeech_clean,train
synthetic_telegraphic:970cc5cef523dac81158,TUTOR TEACHES STUDENT HISTORY,TUTOR TEACHES STUDENT HISTORY,The tutor teaches the student history.,ARTICLE_DROP|PUNCTUATION_DROP,synthetic_telegraphic,controlled_compositional,train
synthetic_telegraphic:9680a1611bd6e0f4a519,CHILD RUN OUTSIDE COLD,CHILD RUN OUTSIDE COLD,The child ran outside when it is cold.,ARTICLE_DROP|VERB_LEMMA|TENSE_NEUTRALIZATION|AUXILIARY_DROP|OPTIONAL_PRONOUN_REDUCTION|PUNCTUATION_DROP|AGREEMENT_SIMPLIFICATION,synthetic_telegraphic,controlled_conditions,train
synthetic_telegraphic:09aa65e76091829be447,CHILD GO SCHOOL,CHILD GO SCHOOL,The child went to the school.,ARTICLE_DROP|VERB_LEMMA|TENSE_NEUTRALIZATION|PREPOSITION_DROP|PUNCTUATION_DROP|AGREEMENT_SIMPLIFICATION,synthetic_telegraphic,controlled_compositional,train
synthetic_telegraphic:c65188dd5381a8fc5e02,WHERE YOU FEEL MISERY COLD AND FROST WHICH I IMPASSIVE,WHERE YOU FEEL MISERY COLD AND FROST WHICH I IMPASSIVE,"where you will feel the misery of cold and frost, to which I am impassive.",AUXILIARY_DROP|ARTICLE_DROP|PREPOSITION_DROP|PUNCTUATION_DROP,synthetic_telegraphic,public_librispeech_clean,train
synthetic_telegraphic:0eac411f4827fd67cdbd,HOW I GIVE MAN YOU I KNOW NOTHING ADVENTURER,HOW I GIVE MAN YOU I KNOW NOTHING ADVENTURER,"How can I give you to a man I know nothing about, an adventurer?",AUXILIARY_DROP|PREPOSITION_DROP|ARTICLE_DROP|WORD_ORDER|PUNCTUATION_DROP|AGREEMENT_SIMPLIFICATION,synthetic_telegraphic,public_librispeech_clean,test
synthetic_telegraphic:3de4f19fa70147b0c91b,AND OCCUPYING NEXT STATEROOM MINE,AND OCCUPYING NEXT STATEROOM MINE,and occupying the next stateroom to mine.,ARTICLE_DROP|PREPOSITION_DROP|PUNCTUATION_DROP,synthetic_telegraphic,public_librispeech_clean,train
synthetic_telegraphic:5ef039755f9b182d887e,STUDENT WALK OUTSIDE SUNNY,STUDENT WALK OUTSIDE SUNNY,The student is walking outside when it is sunny.,ARTICLE_DROP|AUXILIARY_DROP|VERB_LEMMA|TENSE_NEUTRALIZATION|OPTIONAL_PRONOUN_REDUCTION|PUNCTUATION_DROP|AGREEMENT_SIMPLIFICATION,synthetic_telegraphic,controlled_conditions,test
synthetic_telegraphic:d2a32edc3a0544b42e1a,BUT ALMOST IMMEDIATELY EVEN THAT PROPHYLACTIC DENIED HIM,BUT ALMOST IMMEDIATELY EVEN THAT PROPHYLACTIC DENIED HIM,But almost immediately even that prophylactic was denied him.,AUXILIARY_DROP|PUNCTUATION_DROP,synthetic_telegraphic,public_librispeech_clean,train
synthetic_telegraphic:4abf23224edfce5b31bd,THERE JUST ANOTHER WAY MOVE,THERE JUST ANOTHER WAY MOVE,There might just be another way to move.,AUXILIARY_DROP|PREPOSITION_DROP|PUNCTUATION_DROP,synthetic_telegraphic,public_librispeech_clean,train
synthetic_telegraphic:4fb757b1eae96e391f74,PARENT SELL GIFT RED,PARENT SELL GIFT RED,The parent sold a red gift.,ARTICLE_DROP|VERB_LEMMA|TENSE_NEUTRALIZATION|CONTROLLED_ADJECTIVE_ORDER|WORD_ORDER|PUNCTUATION_DROP|AGREEMENT_SIMPLIFICATION,synthetic_telegraphic,controlled_compositional,train
synthetic_telegraphic:9b3345dae74442b8c749,ACCORDINGLY THIS ALARMING ANNUNCIATION RECEIVED AS MAGUA INTENDED,ACCORDINGLY THIS ALARMING ANNUNCIATION RECEIVED AS MAGUA INTENDED,"Accordingly, this alarming annunciation was received, as Magua intended,.",AUXILIARY_DROP|PUNCTUATION_DROP,synthetic_telegraphic,public_librispeech_clean,train
synthetic_telegraphic:2dcfc479443bcb7a71df,STUDENT READ HISTORY SCHOOL,STUDENT READ HISTORY SCHOOL,The student reads the history at school.,ARTICLE_DROP|VERB_LEMMA|TENSE_NEUTRALIZATION|PREPOSITION_DROP|PUNCTUATION_DROP|AGREEMENT_SIMPLIFICATION,synthetic_telegraphic,controlled_compositional,train
synthetic_telegraphic:15b4f77bcf1fc018bbc3,PUPPY VISIT STATION,PUPPY VISIT STATION,The puppy is visiting the station.,ARTICLE_DROP|AUXILIARY_DROP|VERB_LEMMA|TENSE_NEUTRALIZATION|PUNCTUATION_DROP|AGREEMENT_SIMPLIFICATION,synthetic_telegraphic,controlled_compositional,train
synthetic_telegraphic:d9b969804e160ec9b2db,THEY IT ALMOST THEMSELVES THERE NOT MANY PERSON LEFT THAT PART LONDON,THEY IT ALMOST THEMSELVES THERE NOT MANY PERSON LEFT THAT PART LONDON,"They had it almost to themselves, for there were not many people left in that part of London.",AUXILIARY_DROP|PREPOSITION_DROP|VERB_LEMMA|TENSE_NEUTRALIZATION|PUNCTUATION_DROP|AGREEMENT_SIMPLIFICATION,synthetic_telegraphic,public_librispeech_clean,validation
synthetic_telegraphic:db692b027ec83119931a,CHILD GO STORE AFTERNOON,CHILD GO STORE AFTERNOON,The child goes to the store in the afternoon.,ARTICLE_DROP|VERB_LEMMA|TENSE_NEUTRALIZATION|PREPOSITION_DROP|PUNCTUATION_DROP|AGREEMENT_SIMPLIFICATION,synthetic_telegraphic,controlled_schedules,train
synthetic_telegraphic:d5718b381cbe2c53c548,SHE BROODED HER INJURY,SHE BROODED HER INJURY,she brooded over her injury.,PREPOSITION_DROP|PUNCTUATION_DROP,synthetic_telegraphic,public_librispeech_clean,train
synthetic_telegraphic:6d30a8d533fde83ed62b,AND AGAIN AMEER ALI SPENT NEARLY WHOLE MONTH SEARCHING JEWELS BUT ALL VAIN,AND AGAIN AMEER ALI SPENT NEARLY WHOLE MONTH SEARCHING JEWELS BUT ALL VAIN,"And again Ameer Ali spent nearly the whole month searching for the jewels, but all in vain.",ARTICLE_DROP|PREPOSITION_DROP|PUNCTUATION_DROP,synthetic_telegraphic,public_librispeech_clean,train
synthetic_telegraphic:1dc42537e713171edb7e,YOU ADMITTED THAT YOURSELVES GENTLEMEN,YOU ADMITTED THAT YOURSELVES GENTLEMEN,"You admitted that yourselves, gentlemen.",PUNCTUATION_DROP,synthetic_telegraphic,public_librispeech_clean,train
synthetic_telegraphic:c9c96a6f179ad04e7c3c,STATISTICS SHOW THAT MORTALITY ABANDONED CHILD FIFTY FIVE PER CENT,STATISTICS SHOW THAT MORTALITY ABANDONED CHILD FIFTY FIVE PER CENT,Statistics show that the mortality among abandoned children is fifty five per cent.,ARTICLE_DROP|PREPOSITION_DROP|VERB_LEMMA|TENSE_NEUTRALIZATION|AUXILIARY_DROP|PUNCTUATION_DROP|AGREEMENT_SIMPLIFICATION,synthetic_telegraphic,public_librispeech_clean,test
synthetic_telegraphic:8e9bc3aa28849bbd6749,BROTHER MAKE FOOD THIS MORNING,BROTHER MAKE FOOD THIS MORNING,The brother made food this morning.,ARTICLE_DROP|VERB_LEMMA|TENSE_NEUTRALIZATION|PUNCTUATION_DROP|AGREEMENT_SIMPLIFICATION,synthetic_telegraphic,controlled_compositional,train
synthetic_telegraphic:2af3869a31c15dff45d6,AUNT CHOOSE GIFT WHITE,AUNT CHOOSE GIFT WHITE,The aunt chooses a white gift.,ARTICLE_DROP|VERB_LEMMA|TENSE_NEUTRALIZATION|CONTROLLED_ADJECTIVE_ORDER|WORD_ORDER|PUNCTUATION_DROP|AGREEMENT_SIMPLIFICATION,synthetic_telegraphic,controlled_compositional,train
synthetic_telegraphic:6f29c6869cee36efeb01,I ALREADY PASSED THEM WHEN THEY BEGAN CALL ME,I ALREADY PASSED THEM WHEN THEY BEGAN CALL ME,"I had already passed them, when they began to call after me.",AUXILIARY_DROP|PREPOSITION_DROP|PUNCTUATION_DROP,synthetic_telegraphic,public_librispeech_clean,train
synthetic_telegraphic:496c3582ddc9186965c3,WHICH MASQUERADING AS ARTICLE PERSONAL ADORNMENT WINDOW LAST OUTLYING SHOP,WHICH MASQUERADING AS ARTICLE PERSONAL ADORNMENT WINDOW LAST OUTLYING SHOP,which was masquerading as an article of personal adornment in the window of the last outlying shop.,AUXILIARY_DROP|ARTICLE_DROP|PREPOSITION_DROP|PUNCTUATION_DROP,synthetic_telegraphic,public_librispeech_clean,train
synthetic_telegraphic:8f7a782224773fa5b23c,AUNT CHOOSE TABLE BLUE,AUNT CHOOSE TABLE BLUE,The aunt is choosing a blue table.,ARTICLE_DROP|AUXILIARY_DROP|VERB_LEMMA|TENSE_NEUTRALIZATION|CONTROLLED_ADJECTIVE_ORDER|WORD_ORDER|PUNCTUATION_DROP|AGREEMENT_SIMPLIFICATION,synthetic_telegraphic,controlled_compositional,validation
synthetic_telegraphic:130b0af1e65abc0e4b01,ACCOMPANIED ALL LEADING MAN DAY BAR LITERATURE OR ARMY,ACCOMPANIED ALL LEADING MAN DAY BAR LITERATURE OR ARMY,"accompanied by all the leading men of the day at the bar, in literature, or the army,.",PREPOSITION_DROP|ARTICLE_DROP|VERB_LEMMA|TENSE_NEUTRALIZATION|PUNCTUATION_DROP|AGREEMENT_SIMPLIFICATION,synthetic_telegraphic,public_librispeech_clean,train
synthetic_telegraphic:2d161c57c041d4e48c09,OTHERS WRENCHED NOT DIFFICULTY,OTHERS WRENCHED NOT DIFFICULTY,"Others have been wrenched, not without difficulty,.",AUXILIARY_DROP|PREPOSITION_DROP|PUNCTUATION_DROP,synthetic_telegraphic,public_librispeech_clean,train
synthetic_telegraphic:8e2ecf722012c2d8c69e,WHEN FULL VIEW DELAWARES HE STOPPED AND MAKE GESTURE AMITY,WHEN FULL VIEW DELAWARES HE STOPPED AND MAKE GESTURE AMITY,"When in full view of the Delawares he stopped, and made a gesture of amity,.",PREPOSITION_DROP|ARTICLE_DROP|VERB_LEMMA|TENSE_NEUTRALIZATION|PUNCTUATION_DROP|AGREEMENT_SIMPLIFICATION,synthetic_telegraphic,public_librispeech_clean,train
synthetic_telegraphic:89be5344b31c1cd4d0ca,THAT MAKE MACHINES STRONGER QUICKER AND BETTER,THAT MAKE MACHINES STRONGER QUICKER AND BETTER,"that make machines stronger, quicker, and better.",PUNCTUATION_DROP,synthetic_telegraphic,public_librispeech_clean,train
synthetic_telegraphic:9000f5eb522c7075ab2a,ME GO FOOT IT SORROW THAT CANNOT EXPRESSED,ME GO FOOT IT SORROW THAT CANNOT EXPRESSED,"I went on foot after it, with sorrow that cannot be expressed.",VERB_LEMMA|TENSE_NEUTRALIZATION|PREPOSITION_DROP|AUXILIARY_DROP|OPTIONAL_PRONOUN_REDUCTION|PUNCTUATION_DROP|AGREEMENT_SIMPLIFICATION,synthetic_telegraphic,public_librispeech_clean,train
synthetic_telegraphic:1a3fdf70dc9e966e43cd,WORK SHE NOT CHARGE,WORK SHE NOT CHARGE,"For the work, she did not charge,.",PREPOSITION_DROP|ARTICLE_DROP|AUXILIARY_DROP|PUNCTUATION_DROP,synthetic_telegraphic,public_librispeech_clean,validation
synthetic_telegraphic:3666ba2017cbac0932bb,WHAT INDEED PRINCE PRINCESS THAT LOST HER GRAVITY,WHAT INDEED PRINCE PRINCESS THAT LOST HER GRAVITY,For what indeed could a prince do with a princess that had lost her gravity?,PREPOSITION_DROP|AUXILIARY_DROP|ARTICLE_DROP|PUNCTUATION_DROP,synthetic_telegraphic,public_librispeech_clean,train
synthetic_telegraphic:9930c326386a48340f5f,AND SHAKE HANDS ME,AND SHAKE HANDS ME,and shake hands along with me.,PREPOSITION_DROP|PUNCTUATION_DROP,synthetic_telegraphic,public_librispeech_clean,train
synthetic_telegraphic:049a6f7d0c3d5a1ac1ae,BUT AFTERNOON THURSDAY SEVENTEENTH ULTIMO,BUT AFTERNOON THURSDAY SEVENTEENTH ULTIMO,"But on the afternoon of Thursday, the seventeenth ultimo,.",PREPOSITION_DROP|ARTICLE_DROP|PUNCTUATION_DROP,synthetic_telegraphic,public_librispeech_clean,train
synthetic_telegraphic:1cd6edbb969201fb1807,ASK HIM COME AND DINE US SOME DAY,ASK HIM COME AND DINE US SOME DAY,ask him to come and dine with us some day.,PREPOSITION_DROP|PUNCTUATION_DROP,synthetic_telegraphic,public_librispeech_clean,train
synthetic_telegraphic:b511be805e593ce0528e,MAN SELL VEHICLE BLACK,MAN SELL VEHICLE BLACK,The man will sell a black vehicle.,ARTICLE_DROP|AUXILIARY_DROP|CONTROLLED_ADJECTIVE_ORDER|WORD_ORDER|PUNCTUATION_DROP|AGREEMENT_SIMPLIFICATION,synthetic_telegraphic,controlled_compositional,train
synthetic_telegraphic:a57fb3558a7b4005c82c,EVERYWHERE MENSTRUATING WOMAN SUPPOSED POSSESSED SPIRITS AND CHARGED MYSTERIOUS FORCES,EVERYWHERE MENSTRUATING WOMAN SUPPOSED POSSESSED SPIRITS AND CHARGED MYSTERIOUS FORCES,Everywhere menstruating women are supposed to be possessed by spirits and charged with mysterious forces.,VERB_LEMMA|TENSE_NEUTRALIZATION|AUXILIARY_DROP|PREPOSITION_DROP|PUNCTUATION_DROP|AGREEMENT_SIMPLIFICATION,synthetic_telegraphic,public_librispeech_clean,train
synthetic_telegraphic:c9daa57735a30f8b202c,WHEN BARREL BEGAN ROLL SHEPHERD CRIED I QUITE WILLING MAYOR,WHEN BARREL BEGAN ROLL SHEPHERD CRIED I QUITE WILLING MAYOR,"When the barrel began to roll, the shepherd cried 'I am quite willing to be mayor'.",ARTICLE_DROP|PREPOSITION_DROP|AUXILIARY_DROP|PUNCTUATION_DROP,synthetic_telegraphic,public_librispeech_clean,train
synthetic_telegraphic:ab99ee7bbbc3bf2efe71,OH SIGHED MAN YOUNG CLASPING HIS NECK CONVULSIVELY HIS HAND AND SOB,OH SIGHED MAN YOUNG CLASPING HIS NECK CONVULSIVELY HIS HAND AND SOB,"Oh sighed the young man, clasping his neck convulsively with his hand, and with a sob.",ARTICLE_DROP|PREPOSITION_DROP|CONTROLLED_ADJECTIVE_ORDER|WORD_ORDER|PUNCTUATION_DROP|AGREEMENT_SIMPLIFICATION,synthetic_telegraphic,public_librispeech_clean,train
synthetic_telegraphic:8e187bc47d7f827bdff3,PARENT CHOOSE GIFT NEW,PARENT CHOOSE GIFT NEW,The parent will choose a new gift.,ARTICLE_DROP|AUXILIARY_DROP|CONTROLLED_ADJECTIVE_ORDER|WORD_ORDER|PUNCTUATION_DROP|AGREEMENT_SIMPLIFICATION,synthetic_telegraphic,controlled_compositional,train
synthetic_telegraphic:fc09bae0a98668154413,PLAYER PLAY STORE,PLAYER PLAY STORE,The player will play in the store.,ARTICLE_DROP|AUXILIARY_DROP|PREPOSITION_DROP|PUNCTUATION_DROP,synthetic_telegraphic,controlled_compositional,test
synthetic_telegraphic:5d33c021d51bdee7f1c3,BROTHER BAKE DINNER TOMORROW,BROTHER BAKE DINNER TOMORROW,The brother will bake dinner tomorrow.,ARTICLE_DROP|AUXILIARY_DROP|PUNCTUATION_DROP,synthetic_telegraphic,controlled_compositional,train
synthetic_telegraphic:dcd394b98b80d446060f,YOU MARRY GANEM AND I HERE DECLARE YOU NO LONGER MY SLAVE YOU FREE,YOU MARRY GANEM AND I HERE DECLARE YOU NO LONGER MY SLAVE YOU FREE,"You shall marry Ganem, and I here declare you are no longer my slave you are free.",AUXILIARY_DROP|PUNCTUATION_DROP,synthetic_telegraphic,public_librispeech_clean,test
synthetic_telegraphic:b9cc6b9a68c38d551ce2,AND SO MY VIEW,AND SO MY VIEW,"And so, in my view,.",PREPOSITION_DROP|PUNCTUATION_DROP,synthetic_telegraphic,public_librispeech_clean,test
synthetic_telegraphic:fb7293161d2759dc1026,STUDENT PLAY STATION,STUDENT PLAY STATION,The student will play in the station.,ARTICLE_DROP|AUXILIARY_DROP|PREPOSITION_DROP|PUNCTUATION_DROP,synthetic_telegraphic,controlled_compositional,train
synthetic_telegraphic:23edd2b5a9745d1c7181,PLAYER WALK FAST GARDEN,PLAYER WALK FAST GARDEN,The player will walk fast in the garden.,ARTICLE_DROP|AUXILIARY_DROP|PREPOSITION_DROP|PUNCTUATION_DROP,synthetic_telegraphic,controlled_compositional,test
synthetic_telegraphic:d1e40dfe1b82e779ce3d,BROTHER SELL BOOK WHITE,BROTHER SELL BOOK WHITE,The brother sold a white book.,ARTICLE_DROP|VERB_LEMMA|TENSE_NEUTRALIZATION|CONTROLLED_ADJECTIVE_ORDER|WORD_ORDER|PUNCTUATION_DROP|AGREEMENT_SIMPLIFICATION,synthetic_telegraphic,controlled_compositional,train
synthetic_telegraphic:4212784e243353e6bd46,DOG VISIT GARDEN,DOG VISIT GARDEN,The dog will visit the garden.,ARTICLE_DROP|AUXILIARY_DROP|PUNCTUATION_DROP,synthetic_telegraphic,controlled_compositional,train
synthetic_telegraphic:dfb31ebb41625ae3cdd7,CHIP BONNET OH DOZENS THINGS WEDDING AND HUNDREDS THINGS HOUSE WHITE,CHIP BONNET OH DOZENS THINGS WEDDING AND HUNDREDS THINGS HOUSE WHITE,"a white chip bonnet, oh dozens of things for the wedding, and hundreds of things for the house.",ARTICLE_DROP|PREPOSITION_DROP|CONTROLLED_ADJECTIVE_ORDER|WORD_ORDER|PUNCTUATION_DROP|AGREEMENT_SIMPLIFICATION,synthetic_telegraphic,public_librispeech_clean,test
synthetic_telegraphic:5a5cb879458b95a7174a,WOMAN BAKE LUNCH TONIGHT,WOMAN BAKE LUNCH TONIGHT,The woman is baking lunch tonight.,ARTICLE_DROP|AUXILIARY_DROP|VERB_LEMMA|TENSE_NEUTRALIZATION|PUNCTUATION_DROP|AGREEMENT_SIMPLIFICATION,synthetic_telegraphic,controlled_compositional,train
synthetic_telegraphic:b3efe75bc8a90b9a4eb3,THOU DIDST BREAK CROWN FRIEND MINE FAIR ELY LAST OCTOBER,THOU DIDST BREAK CROWN FRIEND MINE FAIR ELY LAST OCTOBER,Thou didst break the crown of a friend of mine at the fair at Ely last October.,ARTICLE_DROP|PREPOSITION_DROP|PUNCTUATION_DROP,synthetic_telegraphic,public_librispeech_clean,train
synthetic_telegraphic:e3d64199eef6f5ed7b80,PROFESSOR TEACH CHILD ALGEBRA,PROFESSOR TEACH CHILD ALGEBRA,The professor taught the child algebra.,ARTICLE_DROP|VERB_LEMMA|TENSE_NEUTRALIZATION|PUNCTUATION_DROP|AGREEMENT_SIMPLIFICATION,synthetic_telegraphic,controlled_compositional,train
synthetic_telegraphic:ba7e3b00a0a3382954af,CHILD WALK QUICKLY STORE,CHILD WALK QUICKLY STORE,The child walks quickly in the store.,ARTICLE_DROP|VERB_LEMMA|TENSE_NEUTRALIZATION|PREPOSITION_DROP|PUNCTUATION_DROP|AGREEMENT_SIMPLIFICATION,synthetic_telegraphic,controlled_compositional,train
synthetic_telegraphic:9636bd09c329ef90a554,BOY GOING PARK AFTERNOON,BOY GOING PARK AFTERNOON,The boy is going to the park in the afternoon.,ARTICLE_DROP|AUXILIARY_DROP|PREPOSITION_DROP|PUNCTUATION_DROP,synthetic_telegraphic,controlled_schedules,train
synthetic_telegraphic:7c59b90e1fd800479510,NO ONE COME SAY SERGEANT SULLENLY,NO ONE COME SAY SERGEANT SULLENLY,"No one came, said the sergeant sullenly.",VERB_LEMMA|TENSE_NEUTRALIZATION|ARTICLE_DROP|PUNCTUATION_DROP|AGREEMENT_SIMPLIFICATION,synthetic_telegraphic,public_librispeech_clean,train
synthetic_telegraphic:8c34d92c7ab1a445938f,FATHER SERVE LUNCH THIS EVENING,FATHER SERVE LUNCH THIS EVENING,The father serves lunch this evening.,ARTICLE_DROP|VERB_LEMMA|TENSE_NEUTRALIZATION|PUNCTUATION_DROP|AGREEMENT_SIMPLIFICATION,synthetic_telegraphic,controlled_compositional,train
synthetic_telegraphic:79087749bd37c16f7393,MAJOR STATION MEET THEM,MAJOR STATION MEET THEM,The Major was at the station to meet them.,ARTICLE_DROP|AUXILIARY_DROP|PREPOSITION_DROP|PUNCTUATION_DROP,synthetic_telegraphic,public_librispeech_clean,test
synthetic_telegraphic:96709c1a3f95af61b215,BOY GO PARK,BOY GO PARK,The boy goes to the park.,ARTICLE_DROP|VERB_LEMMA|TENSE_NEUTRALIZATION|PREPOSITION_DROP|PUNCTUATION_DROP|AGREEMENT_SIMPLIFICATION,synthetic_telegraphic,controlled_compositional,train
synthetic_telegraphic:ed46c231078d4560c4ea,CROWDS SEE PROCESSION COME,CROWDS SEE PROCESSION COME,The crowds saw the procession coming.,ARTICLE_DROP|VERB_LEMMA|TENSE_NEUTRALIZATION|PUNCTUATION_DROP|AGREEMENT_SIMPLIFICATION,synthetic_telegraphic,public_librispeech_clean,train
synthetic_telegraphic:02cc4f0dc69fcb7b69e4,GIRL PLAY STATION,GIRL PLAY STATION,The girl played in the station.,ARTICLE_DROP|VERB_LEMMA|TENSE_NEUTRALIZATION|PREPOSITION_DROP|PUNCTUATION_DROP|AGREEMENT_SIMPLIFICATION,synthetic_telegraphic,controlled_compositional,validation
synthetic_telegraphic:f9e2f049a6b16b2c8f3d,FOLKS TAK THEIR ROOMS MONTH ADVANCE THEY COME HERE FISHIN LOCH,FOLKS TAK THEIR ROOMS MONTH ADVANCE THEY COME HERE FISHIN LOCH,"Folks tak' their rooms a month in advance they come here for the fishin' on the loch,.",ARTICLE_DROP|PREPOSITION_DROP|PUNCTUATION_DROP,synthetic_telegraphic,public_librispeech_clean,train
synthetic_telegraphic:6397a325ffe7fce47bd5,BOY STUDY OUTSIDE RAINY,BOY STUDY OUTSIDE RAINY,The boy studied outside when it is rainy.,ARTICLE_DROP|VERB_LEMMA|TENSE_NEUTRALIZATION|AUXILIARY_DROP|OPTIONAL_PRONOUN_REDUCTION|PUNCTUATION_DROP|AGREEMENT_SIMPLIFICATION,synthetic_telegraphic,controlled_conditions,train
synthetic_telegraphic:4f61e8ada00d6bf70a1f,SO THEY EXAMINED IT AND FIND IT UNPIERCED,SO THEY EXAMINED IT AND FIND IT UNPIERCED,So they examined it and found it unpierced.,VERB_LEMMA|TENSE_NEUTRALIZATION|PUNCTUATION_DROP|AGREEMENT_SIMPLIFICATION,synthetic_telegraphic,public_librispeech_clean,train
synthetic_telegraphic:4af99fedec160510a75f,HE NEVER SEE HER BUT HE DREAMED HER,HE NEVER SEE HER BUT HE DREAMED HER,"He never saw her, but he dreamed of her,.",VERB_LEMMA|TENSE_NEUTRALIZATION|PREPOSITION_DROP|PUNCTUATION_DROP|AGREEMENT_SIMPLIFICATION,synthetic_telegraphic,public_librispeech_clean,test
synthetic_telegraphic:87796fca36a052c3404e,SHE DIE ANY TIME SHE LIVE TEN YEARS,SHE DIE ANY TIME SHE LIVE TEN YEARS,She may die at any time she may live ten years.,AUXILIARY_DROP|PREPOSITION_DROP|PUNCTUATION_DROP,synthetic_telegraphic,public_librispeech_clean,train
synthetic_telegraphic:6090140490cba4595345,CLASS STUDY LESSON SCHOOL,CLASS STUDY LESSON SCHOOL,The class will study the lesson at school.,ARTICLE_DROP|AUXILIARY_DROP|PREPOSITION_DROP|PUNCTUATION_DROP,synthetic_telegraphic,controlled_compositional,train
synthetic_telegraphic:a3f0b64fbdf0d6428382,CERTAINLY CUTTER LIKE HIS WIFE THINK HIM DEVIL,CERTAINLY CUTTER LIKE HIS WIFE THINK HIM DEVIL,Certainly Cutter liked to have his wife think him a devil.,VERB_LEMMA|TENSE_NEUTRALIZATION|PREPOSITION_DROP|AUXILIARY_DROP|ARTICLE_DROP|PUNCTUATION_DROP|AGREEMENT_SIMPLIFICATION,synthetic_telegraphic,public_librispeech_clean,train
synthetic_telegraphic:baee1c1b7c67e9f245aa,MAN BUY BICYCLE BLACK,MAN BUY BICYCLE BLACK,The man bought a black bicycle.,ARTICLE_DROP|VERB_LEMMA|TENSE_NEUTRALIZATION|CONTROLLED_ADJECTIVE_ORDER|WORD_ORDER|PUNCTUATION_DROP|AGREEMENT_SIMPLIFICATION,synthetic_telegraphic,controlled_compositional,test
synthetic_telegraphic:6ad24fb51b5a506631bb,WHILE WISHING FOLKS YOUNG WELL SECRETLY BLESSED MAN WHO INVENTED SCHOOLS,WHILE WISHING FOLKS YOUNG WELL SECRETLY BLESSED MAN WHO INVENTED SCHOOLS,"while wishing the young folks well, secretly blessed the man who invented schools.",ARTICLE_DROP|CONTROLLED_ADJECTIVE_ORDER|WORD_ORDER|PUNCTUATION_DROP|AGREEMENT_SIMPLIFICATION,synthetic_telegraphic,public_librispeech_clean,validation
synthetic_telegraphic:38cb37f72d38f8b02193,THERE NO EXTENUATING CIRCUMSTANCES HIS CASE,THERE NO EXTENUATING CIRCUMSTANCES HIS CASE,There were no extenuating circumstances in his case.,AUXILIARY_DROP|PREPOSITION_DROP|PUNCTUATION_DROP,synthetic_telegraphic,public_librispeech_clean,validation
synthetic_telegraphic:31a7a43e2f0299620fa5,TUTOR SHOW LEARNER HISTORY,TUTOR SHOW LEARNER HISTORY,The tutor is showing history to the learner.,ARTICLE_DROP|AUXILIARY_DROP|VERB_LEMMA|TENSE_NEUTRALIZATION|PREPOSITION_DROP|WORD_ORDER|PUNCTUATION_DROP|AGREEMENT_SIMPLIFICATION,synthetic_telegraphic,controlled_compositional,train
synthetic_telegraphic:db15b8a2974fe05017d1,HE IGNORES WHAT HAPPENED YESTERDAY,HE IGNORES WHAT HAPPENED YESTERDAY,He ignores what happened yesterday.,PUNCTUATION_DROP,synthetic_telegraphic,public_librispeech_clean,train
synthetic_telegraphic:d89c91276b07fa96e712,FATHER COOK BREAKFAST THIS MORNING,FATHER COOK BREAKFAST THIS MORNING,The father cooked breakfast this morning.,ARTICLE_DROP|VERB_LEMMA|TENSE_NEUTRALIZATION|PUNCTUATION_DROP|AGREEMENT_SIMPLIFICATION,synthetic_telegraphic,controlled_compositional,train
synthetic_telegraphic:cb044f350876787f6c53,HE FIND HIMSELF MOST OPPORTUNELY ARMED,HE FIND HIMSELF MOST OPPORTUNELY ARMED,"He found himself most opportunely armed,.",VERB_LEMMA|TENSE_NEUTRALIZATION|PUNCTUATION_DROP|AGREEMENT_SIMPLIFICATION,synthetic_telegraphic,public_librispeech_clean,train
synthetic_telegraphic:01253e72a9b884bb6813,BAB SPOKE AS IF DOG UNDERSTAND AND ANSWER,BAB SPOKE AS IF DOG UNDERSTAND AND ANSWER,Bab spoke as if the dog could understand and answer.,ARTICLE_DROP|AUXILIARY_DROP|PUNCTUATION_DROP,synthetic_telegraphic,public_librispeech_clean,validation
synthetic_telegraphic:e871d030afa032dc90fb,THEN CABLE RESUBMERGED,THEN CABLE RESUBMERGED,then the cable was resubmerged.,ARTICLE_DROP|AUXILIARY_DROP|PUNCTUATION_DROP,synthetic_telegraphic,public_librispeech_clean,train
synthetic_telegraphic:b5283ab8cc84e8d8094f,YOU ALWAYS THREE DOORWAYS,YOU ALWAYS THREE DOORWAYS,Do you always have three doorways?,AUXILIARY_DROP|PUNCTUATION_DROP,synthetic_telegraphic,public_librispeech_clean,train
synthetic_telegraphic:652e9940e6808ad012a3,PARENT SELL TABLE BLUE,PARENT SELL TABLE BLUE,The parent will sell a blue table.,ARTICLE_DROP|AUXILIARY_DROP|CONTROLLED_ADJECTIVE_ORDER|WORD_ORDER|PUNCTUATION_DROP|AGREEMENT_SIMPLIFICATION,synthetic_telegraphic,controlled_compositional,train
synthetic_telegraphic:8d1cfc8bcfa85b039fb5,GIRL RUN OUTSIDE BRIGHT,GIRL RUN OUTSIDE BRIGHT,The girl runs outside when it is bright.,ARTICLE_DROP|VERB_LEMMA|TENSE_NEUTRALIZATION|AUXILIARY_DROP|OPTIONAL_PRONOUN_REDUCTION|PUNCTUATION_DROP|AGREEMENT_SIMPLIFICATION,synthetic_telegraphic,controlled_conditions,train
synthetic_telegraphic:624083f23f75391dba87,PLAYER READ OUTSIDE RAINY,PLAYER READ OUTSIDE RAINY,The player reads outside when it is rainy.,ARTICLE_DROP|VERB_LEMMA|TENSE_NEUTRALIZATION|AUXILIARY_DROP|OPTIONAL_PRONOUN_REDUCTION|PUNCTUATION_DROP|AGREEMENT_SIMPLIFICATION,synthetic_telegraphic,controlled_conditions,validation
synthetic_telegraphic:dcddbc10e54b73fd2511,BOY VISIT PARK,BOY VISIT PARK,The boy visited the park.,ARTICLE_DROP|VERB_LEMMA|TENSE_NEUTRALIZATION|PUNCTUATION_DROP|AGREEMENT_SIMPLIFICATION,synthetic_telegraphic,controlled_compositional,train
synthetic_telegraphic:deeafd5cf7e2fb075513,ME THINK I WHAT YOU CALL MY THINK TELEGRAPH PERFECTED EXPERIMENTALLY HE EXPLAIN RAPIDLY,ME THINK I WHAT YOU CALL MY THINK TELEGRAPH PERFECTED EXPERIMENTALLY HE EXPLAIN RAPIDLY,"I think I have what you call my thought telegraph perfected, experimentally, he explained rapidly.",AUXILIARY_DROP|VERB_LEMMA|TENSE_NEUTRALIZATION|OPTIONAL_PRONOUN_REDUCTION|PUNCTUATION_DROP|AGREEMENT_SIMPLIFICATION,synthetic_telegraphic,public_librispeech_clean,test
synthetic_telegraphic:d41e828b96c11a3f4e9e,PROFESSOR TEACHES LEARNER SCIENCE,PROFESSOR TEACHES LEARNER SCIENCE,The professor teaches the learner science.,ARTICLE_DROP|PUNCTUATION_DROP,synthetic_telegraphic,controlled_compositional,train
synthetic_telegraphic:a151e797bf42823ab979,AH AH BEHOLD OMNIPOTENCE WOMAN,AH AH BEHOLD OMNIPOTENCE WOMAN,Ah ah behold omnipotence women.,VERB_LEMMA|TENSE_NEUTRALIZATION|PUNCTUATION_DROP|AGREEMENT_SIMPLIFICATION,synthetic_telegraphic,public_librispeech_clean,train
synthetic_telegraphic:a668867cef3b71dd91f2,MOTHER BAKE FOOD THIS MORNING,MOTHER BAKE FOOD THIS MORNING,The mother is baking food this morning.,ARTICLE_DROP|AUXILIARY_DROP|VERB_LEMMA|TENSE_NEUTRALIZATION|PUNCTUATION_DROP|AGREEMENT_SIMPLIFICATION,synthetic_telegraphic,controlled_compositional,train
synthetic_telegraphic:6007079bcc7394866e07,TUTOR EXPLAIN CHILD RULE,TUTOR EXPLAIN CHILD RULE,The tutor explains the rule to the child.,ARTICLE_DROP|VERB_LEMMA|TENSE_NEUTRALIZATION|PREPOSITION_DROP|WORD_ORDER|PUNCTUATION_DROP|AGREEMENT_SIMPLIFICATION,synthetic_telegraphic,controlled_compositional,train
synthetic_telegraphic:eb7c7f787765cf64af9e,HIS VOICE CHANGE AS HE SPOKE NEXT,HIS VOICE CHANGE AS HE SPOKE NEXT,His voice was changed as he spoke next.,AUXILIARY_DROP|VERB_LEMMA|TENSE_NEUTRALIZATION|PUNCTUATION_DROP|AGREEMENT_SIMPLIFICATION,synthetic_telegraphic,public_librispeech_clean,train
synthetic_telegraphic:ff5877b20339274d2069,FAMILY GO MARKET AFTERNOON,FAMILY GO MARKET AFTERNOON,The family goes to the market in the afternoon.,ARTICLE_DROP|VERB_LEMMA|TENSE_NEUTRALIZATION|PREPOSITION_DROP|PUNCTUATION_DROP|AGREEMENT_SIMPLIFICATION,synthetic_telegraphic,controlled_schedules,train
synthetic_telegraphic:ab5c0de4a9b16199ace6,STATIONARY BALLOON SHOW WHERE JERRY AND OBSERVATION OFFICER DOING DUTY THAT FATEFUL DAY,STATIONARY BALLOON SHOW WHERE JERRY AND OBSERVATION OFFICER DOING DUTY THAT FATEFUL DAY,a stationary balloon showed where Jerry and an observation officer were doing duty on that fateful day.,ARTICLE_DROP|VERB_LEMMA|TENSE_NEUTRALIZATION|AUXILIARY_DROP|PREPOSITION_DROP|PUNCTUATION_DROP|AGREEMENT_SIMPLIFICATION,synthetic_telegraphic,public_librispeech_clean,train
synthetic_telegraphic:6d90da8fecc8c90d1403,WHY NAUTILUS COME VISIT ITS GRAVE,WHY NAUTILUS COME VISIT ITS GRAVE,Why had the Nautilus come to visit its grave?,AUXILIARY_DROP|ARTICLE_DROP|PREPOSITION_DROP|PUNCTUATION_DROP,synthetic_telegraphic,public_librispeech_clean,train
synthetic_telegraphic:e206926bb92b751450e0,AND FREE OLD LIFE KEEP HIM SAFE TEMPTATIONS THAT BESET HIM CITIES,AND FREE OLD LIFE KEEP HIM SAFE TEMPTATIONS THAT BESET HIM CITIES,and the old free life would keep him safe from the temptations that beset him in cities.,ARTICLE_DROP|AUXILIARY_DROP|PREPOSITION_DROP|CONTROLLED_ADJECTIVE_ORDER|WORD_ORDER|PUNCTUATION_DROP|AGREEMENT_SIMPLIFICATION,synthetic_telegraphic,public_librispeech_clean,train
synthetic_telegraphic:fe092f199f6474550795,HALF HOUR WE FELT CARAVAN COMMENCE PADDLING AGAIN,HALF HOUR WE FELT CARAVAN COMMENCE PADDLING AGAIN,In about half an hour we felt the Caravan commence paddling again.,PREPOSITION_DROP|ARTICLE_DROP|PUNCTUATION_DROP,synthetic_telegraphic,public_librispeech_clean,train
synthetic_telegraphic:289742c4b26c35603c9d,IMPERIOUSLY COMMANDING HER SATELLITES WAIT HER CORRIDOR,IMPERIOUSLY COMMANDING HER SATELLITES WAIT HER CORRIDOR,"After imperiously commanding her satellites to wait for her in the corridor,.",PREPOSITION_DROP|ARTICLE_DROP|PUNCTUATION_DROP,synthetic_telegraphic,public_librispeech_clean,validation
synthetic_telegraphic:c23a90bc9e9408d00a52,BLOOD NO LESS POWERFUL THAN LOVE GREAT MINDS,BLOOD NO LESS POWERFUL THAN LOVE GREAT MINDS,Blood is no less powerful than love in great minds.,AUXILIARY_DROP|PREPOSITION_DROP|PUNCTUATION_DROP,synthetic_telegraphic,public_librispeech_clean,train
synthetic_telegraphic:2db5f07d2da758092967,GRAHAM FULLY DRESSED STOOD SIDE BED,GRAHAM FULLY DRESSED STOOD SIDE BED,"Graham, fully dressed, stood at the side of the bed.",PREPOSITION_DROP|ARTICLE_DROP|PUNCTUATION_DROP,synthetic_telegraphic,public_librispeech_clean,train
synthetic_telegraphic:c592574671b40b465b20,AUNT SELL TICKET BLACK,AUNT SELL TICKET BLACK,The aunt sold a black ticket.,ARTICLE_DROP|VERB_LEMMA|TENSE_NEUTRALIZATION|CONTROLLED_ADJECTIVE_ORDER|WORD_ORDER|PUNCTUATION_DROP|AGREEMENT_SIMPLIFICATION,synthetic_telegraphic,controlled_compositional,train
synthetic_telegraphic:3e898e8fd05bd1b00000,BROTHER SELL CAR NEW,BROTHER SELL CAR NEW,The brother sold a new car.,ARTICLE_DROP|VERB_LEMMA|TENSE_NEUTRALIZATION|CONTROLLED_ADJECTIVE_ORDER|WORD_ORDER|PUNCTUATION_DROP|AGREEMENT_SIMPLIFICATION,synthetic_telegraphic,controlled_compositional,train
synthetic_telegraphic:442161b76b13685d8341,AUNT CHOOSE COAT LARGE,AUNT CHOOSE COAT LARGE,The aunt will choose a large coat.,ARTICLE_DROP|AUXILIARY_DROP|CONTROLLED_ADJECTIVE_ORDER|WORD_ORDER|PUNCTUATION_DROP|AGREEMENT_SIMPLIFICATION,synthetic_telegraphic,controlled_compositional,train
synthetic_telegraphic:42e1f6458724a7db366d,AND I PROMISED YOU THAT I NOT DISOBEY YOU,AND I PROMISED YOU THAT I NOT DISOBEY YOU,And I have promised you that I will not disobey you.,AUXILIARY_DROP|PUNCTUATION_DROP,synthetic_telegraphic,public_librispeech_clean,validation
synthetic_telegraphic:a78ba463a84067cd3ecd,RECOMMENDED EXPRESS TOWN ONE MOST EMINENT PHYSICIANS,RECOMMENDED EXPRESS TOWN ONE MOST EMINENT PHYSICIANS,recommended an express to town for one of the most eminent physicians.,ARTICLE_DROP|PREPOSITION_DROP|PUNCTUATION_DROP,synthetic_telegraphic,public_librispeech_clean,train
synthetic_telegraphic:ef5b7f738903bea9863b,SMALL SUSPICION ABBEY CHURCH OLASTON THAT MORNING,SMALL SUSPICION ABBEY CHURCH OLASTON THAT MORNING,"Small was the suspicion in the Abbey Church of Olaston that morning,.",AUXILIARY_DROP|ARTICLE_DROP|PREPOSITION_DROP|PUNCTUATION_DROP,synthetic_telegraphic,public_librispeech_clean,train
synthetic_telegraphic:b59561216db3060a45a0,AND PERHAPS AS FULL CONSIDERATION AS POSSIBLE CONTENTS THIS LONDON LETTER,AND PERHAPS AS FULL CONSIDERATION AS POSSIBLE CONTENTS THIS LONDON LETTER,"and were, perhaps, as full of consideration as to the possible contents of this London letter,.",AUXILIARY_DROP|PREPOSITION_DROP|ARTICLE_DROP|PUNCTUATION_DROP,synthetic_telegraphic,public_librispeech_clean,train
synthetic_telegraphic:9446e3c5665a9c72edc9,ONE WHO GIVEN FLORINA FOUR EGGS,ONE WHO GIVEN FLORINA FOUR EGGS,the one who had given Florina the four eggs.,ARTICLE_DROP|AUXILIARY_DROP|PUNCTUATION_DROP,synthetic_telegraphic,public_librispeech_clean,train
synthetic_telegraphic:1e53aac5352c39226df9,WE GET FIFTY MEMBERS AND TAKE THREE LONDON PAPERS ONE NORTHERN STAR AND TWO MORAL WORLDS,WE GET FIFTY MEMBERS AND TAKE THREE LONDON PAPERS ONE NORTHERN STAR AND TWO MORAL WORLDS,"we have got fifty members, and take in three London papers one 'Northern Star' and two 'Moral Worlds'.",AUXILIARY_DROP|VERB_LEMMA|TENSE_NEUTRALIZATION|PREPOSITION_DROP|PUNCTUATION_DROP|AGREEMENT_SIMPLIFICATION,synthetic_telegraphic,public_librispeech_clean,validation
synthetic_telegraphic:8adaea81e69c2f1ad647,HE EMPLOYED ALL ADVANTAGES WHICH REMAINED HIM AND ROUSED HIS ADHERENTS ARMS,HE EMPLOYED ALL ADVANTAGES WHICH REMAINED HIM AND ROUSED HIS ADHERENTS ARMS,"he employed all the advantages which remained to him, and roused up his adherents to arms.",ARTICLE_DROP|PREPOSITION_DROP|PUNCTUATION_DROP,synthetic_telegraphic,public_librispeech_clean,train
synthetic_telegraphic:49765eec6f19f8c7562b,CLASS READ ALGEBRA SCHOOL,CLASS READ ALGEBRA SCHOOL,The class will read the algebra at school.,ARTICLE_DROP|AUXILIARY_DROP|PREPOSITION_DROP|PUNCTUATION_DROP,synthetic_telegraphic,controlled_compositional,train
synthetic_telegraphic:aa17c5a11dbf3567f01f,SOME INSTANCES CURVING NEARLY THEIR HIGH SET EARS,SOME INSTANCES CURVING NEARLY THEIR HIGH SET EARS,in some instances curving nearly to their high set ears.,PREPOSITION_DROP|PUNCTUATION_DROP,synthetic_telegraphic,public_librispeech_clean,train
synthetic_telegraphic:34ef077a45558e08b04b,BROTHER COOK SOUP THIS MORNING,BROTHER COOK SOUP THIS MORNING,The brother cooks soup this morning.,ARTICLE_DROP|VERB_LEMMA|TENSE_NEUTRALIZATION|PUNCTUATION_DROP|AGREEMENT_SIMPLIFICATION,synthetic_telegraphic,controlled_compositional,train
synthetic_telegraphic:9af88f89a09c713840cb,TEACHER EXPLAIN PUPIL MATH,TEACHER EXPLAIN PUPIL MATH,The teacher explains math to the pupil.,ARTICLE_DROP|VERB_LEMMA|TENSE_NEUTRALIZATION|PREPOSITION_DROP|WORD_ORDER|PUNCTUATION_DROP|AGREEMENT_SIMPLIFICATION,synthetic_telegraphic,controlled_compositional,train
synthetic_telegraphic:ac4f1f126b4e018c66f8,LONG HE BEGUN LEARN LESSONS STATE CRAFT,LONG HE BEGUN LEARN LESSONS STATE CRAFT,long before he had begun to learn the lessons of state craft.,PREPOSITION_DROP|AUXILIARY_DROP|ARTICLE_DROP|PUNCTUATION_DROP,synthetic_telegraphic,public_librispeech_clean,train
synthetic_telegraphic:a3abca36425098b029d0,LEARNER REVIEW LESSON SCHOOL,LEARNER REVIEW LESSON SCHOOL,The learner reviewed the lesson at school.,ARTICLE_DROP|VERB_LEMMA|TENSE_NEUTRALIZATION|PREPOSITION_DROP|PUNCTUATION_DROP|AGREEMENT_SIMPLIFICATION,synthetic_telegraphic,controlled_compositional,train
synthetic_telegraphic:965b10651306017a74c4,FATHER SELL TABLE RED,FATHER SELL TABLE RED,The father sells a red table.,ARTICLE_DROP|VERB_LEMMA|TENSE_NEUTRALIZATION|CONTROLLED_ADJECTIVE_ORDER|WORD_ORDER|PUNCTUATION_DROP|AGREEMENT_SIMPLIFICATION,synthetic_telegraphic,controlled_compositional,validation
synthetic_telegraphic:fac5881247058fd7ca60,FATHER SELL VEHICLE LARGE,FATHER SELL VEHICLE LARGE,The father sold a large vehicle.,ARTICLE_DROP|VERB_LEMMA|TENSE_NEUTRALIZATION|CONTROLLED_ADJECTIVE_ORDER|WORD_ORDER|PUNCTUATION_DROP|AGREEMENT_SIMPLIFICATION,synthetic_telegraphic,controlled_compositional,train
synthetic_telegraphic:31d4cfc3b1e9bcc9ae49,CHILD GO LIBRARY EVENING,CHILD GO LIBRARY EVENING,The child went to the library in the evening.,ARTICLE_DROP|VERB_LEMMA|TENSE_NEUTRALIZATION|PREPOSITION_DROP|PUNCTUATION_DROP|AGREEMENT_SIMPLIFICATION,synthetic_telegraphic,controlled_schedules,train
synthetic_telegraphic:25050e41c7b63f11e0e6,BOY GO SCHOOL AFTERNOON,BOY GO SCHOOL AFTERNOON,The boy goes to the school in the afternoon.,ARTICLE_DROP|VERB_LEMMA|TENSE_NEUTRALIZATION|PREPOSITION_DROP|PUNCTUATION_DROP|AGREEMENT_SIMPLIFICATION,synthetic_telegraphic,controlled_schedules,train
synthetic_telegraphic:7040ab66647cc23632e6,STUDENT GO PARK NIGHT,STUDENT GO PARK NIGHT,The student goes to the park in the night.,ARTICLE_DROP|VERB_LEMMA|TENSE_NEUTRALIZATION|PREPOSITION_DROP|PUNCTUATION_DROP|AGREEMENT_SIMPLIFICATION,synthetic_telegraphic,controlled_schedules,test
synthetic_telegraphic:6b8d421fbcd03d9480f1,AND GO EXCHANGING I CERTAINLY LOSE AND THEREFORE NOT EXCHANGE,AND GO EXCHANGING I CERTAINLY LOSE AND THEREFORE NOT EXCHANGE,"and go on exchanging, I shall certainly lose, and therefore should not exchange.",PREPOSITION_DROP|AUXILIARY_DROP|PUNCTUATION_DROP,synthetic_telegraphic,public_librispeech_clean,train
synthetic_telegraphic:77dea47c96c7f2900813,PARENT MAKE SOUP THIS MORNING,PARENT MAKE SOUP THIS MORNING,The parent makes soup this morning.,ARTICLE_DROP|VERB_LEMMA|TENSE_NEUTRALIZATION|PUNCTUATION_DROP|AGREEMENT_SIMPLIFICATION,synthetic_telegraphic,controlled_compositional,train
synthetic_telegraphic:b51d7d06cbc6dc23dda8,UNCLE COOK BREAKFAST THIS EVENING,UNCLE COOK BREAKFAST THIS EVENING,The uncle will cook breakfast this evening.,ARTICLE_DROP|AUXILIARY_DROP|PUNCTUATION_DROP,synthetic_telegraphic,controlled_compositional,train
synthetic_telegraphic:d03c37ee6d642735cc3d,TEACHER SHOW CHILD RULE,TEACHER SHOW CHILD RULE,The teacher will show the rule to the child.,ARTICLE_DROP|AUXILIARY_DROP|PREPOSITION_DROP|WORD_ORDER|PUNCTUATION_DROP|AGREEMENT_SIMPLIFICATION,synthetic_telegraphic,controlled_compositional,train
synthetic_telegraphic:9f7673dfbbd5d2f332aa,ME REMOVED BED AND EXAMINED CORPSE,ME REMOVED BED AND EXAMINED CORPSE,I removed the bed and examined the corpse.,ARTICLE_DROP|OPTIONAL_PRONOUN_REDUCTION|PUNCTUATION_DROP|AGREEMENT_SIMPLIFICATION,synthetic_telegraphic,public_librispeech_clean,train
synthetic_telegraphic:f6ff6d6677d8993630ac,PLAYER GO PLAYGROUND,PLAYER GO PLAYGROUND,The player went to the playground.,ARTICLE_DROP|VERB_LEMMA|TENSE_NEUTRALIZATION|PREPOSITION_DROP|PUNCTUATION_DROP|AGREEMENT_SIMPLIFICATION,synthetic_telegraphic,controlled_compositional,train
synthetic_telegraphic:53e3fc82f904a722caf7,YOU BELIEVE THAT I MEAN WELL YOU,YOU BELIEVE THAT I MEAN WELL YOU,Do you believe that I mean well by you?,AUXILIARY_DROP|PREPOSITION_DROP|PUNCTUATION_DROP,synthetic_telegraphic,public_librispeech_clean,test
synthetic_telegraphic:9ada6abb0da3614c1407,CHILD READ ALGEBRA SCHOOL,CHILD READ ALGEBRA SCHOOL,The child reads the algebra at school.,ARTICLE_DROP|VERB_LEMMA|TENSE_NEUTRALIZATION|PREPOSITION_DROP|PUNCTUATION_DROP|AGREEMENT_SIMPLIFICATION,synthetic_telegraphic,controlled_compositional,train
synthetic_telegraphic:f6618348ad81eafa5501,AS NOBODY SUPPOSED TOWN NOBODY ASK MEET HIM,AS NOBODY SUPPOSED TOWN NOBODY ASK MEET HIM,"as nobody was supposed to be in town, nobody had been asked to meet him.",AUXILIARY_DROP|PREPOSITION_DROP|VERB_LEMMA|TENSE_NEUTRALIZATION|PUNCTUATION_DROP|AGREEMENT_SIMPLIFICATION,synthetic_telegraphic,public_librispeech_clean,train
synthetic_telegraphic:d89aae51279244eb59ca,HAVE SO LONG SERVICE IT BECOME DREADFULLY RICKETY,HAVE SO LONG SERVICE IT BECOME DREADFULLY RICKETY,"Having been so long out of service, it had become dreadfully rickety.",VERB_LEMMA|TENSE_NEUTRALIZATION|AUXILIARY_DROP|PREPOSITION_DROP|PUNCTUATION_DROP|AGREEMENT_SIMPLIFICATION,synthetic_telegraphic,public_librispeech_clean,train
synthetic_telegraphic:0c05f07f2e8c85e52b75,UNCLE MAKE SOUP THIS EVENING,UNCLE MAKE SOUP THIS EVENING,The uncle will make soup this evening.,ARTICLE_DROP|AUXILIARY_DROP|PUNCTUATION_DROP,synthetic_telegraphic,controlled_compositional,test
synthetic_telegraphic:7cece69cde97390969bf,WHILE MY PATRONS SOCIAL AND POLITICAL SCIENCES FULMINATING ANATHEMAS MY BROCHURE,WHILE MY PATRONS SOCIAL AND POLITICAL SCIENCES FULMINATING ANATHEMAS MY BROCHURE,"While my patrons in the social and political sciences were fulminating anathemas against my brochure,.",PREPOSITION_DROP|ARTICLE_DROP|AUXILIARY_DROP|PUNCTUATION_DROP,synthetic_telegraphic,public_librispeech_clean,train
synthetic_telegraphic:ce8ad48ed1a878089628,MOTHER CHOOSE BICYCLE LARGE,MOTHER CHOOSE BICYCLE LARGE,The mother will choose a large bicycle.,ARTICLE_DROP|AUXILIARY_DROP|CONTROLLED_ADJECTIVE_ORDER|WORD_ORDER|PUNCTUATION_DROP|AGREEMENT_SIMPLIFICATION,synthetic_telegraphic,controlled_compositional,train
synthetic_telegraphic:95f34472cc22460cc07b,BROTHER SERVE BREAKFAST THIS MORNING,BROTHER SERVE BREAKFAST THIS MORNING,The brother serves breakfast this morning.,ARTICLE_DROP|VERB_LEMMA|TENSE_NEUTRALIZATION|PUNCTUATION_DROP|AGREEMENT_SIMPLIFICATION,synthetic_telegraphic,controlled_compositional,train
synthetic_telegraphic:5c2961b8949959be5b28,GIRL GO PARK AFTERNOON,GIRL GO PARK AFTERNOON,The girl went to the park in the afternoon.,ARTICLE_DROP|VERB_LEMMA|TENSE_NEUTRALIZATION|PREPOSITION_DROP|PUNCTUATION_DROP|AGREEMENT_SIMPLIFICATION,synthetic_telegraphic,controlled_schedules,train
synthetic_telegraphic:4a45304f562af0631864,MAN INDEED ONCE SO POWERFUL SO VIRTUOUS AND MAGNIFICENT YET SO VICIOUS AND BASE,MAN INDEED ONCE SO POWERFUL SO VIRTUOUS AND MAGNIFICENT YET SO VICIOUS AND BASE,"Was man, indeed, at once so powerful, so virtuous and magnificent, yet so vicious and base?",AUXILIARY_DROP|PREPOSITION_DROP|PUNCTUATION_DROP,synthetic_telegraphic,public_librispeech_clean,train
synthetic_telegraphic:468672f1eab2ff582157,PARENT BUY CAR WHITE,PARENT BUY CAR WHITE,The parent will buy a white car.,ARTICLE_DROP|AUXILIARY_DROP|CONTROLLED_ADJECTIVE_ORDER|WORD_ORDER|PUNCTUATION_DROP|AGREEMENT_SIMPLIFICATION,synthetic_telegraphic,controlled_compositional,train
synthetic_telegraphic:11172c393b4fb956588c,YOU SEE HOPPERSON LAST NIGHT CONGRESSIONAL PRAYER MEETING,YOU SEE HOPPERSON LAST NIGHT CONGRESSIONAL PRAYER MEETING,Did you see Hopperson last night after the congressional prayer meeting?,AUXILIARY_DROP|PREPOSITION_DROP|ARTICLE_DROP|PUNCTUATION_DROP,synthetic_telegraphic,public_librispeech_clean,train
synthetic_telegraphic:c59c848071f4acd83996,HE DECLARED THAT HE SYSTEM,HE DECLARED THAT HE SYSTEM,He declared that he had a system.,AUXILIARY_DROP|ARTICLE_DROP|PUNCTUATION_DROP,synthetic_telegraphic,public_librispeech_clean,train
synthetic_telegraphic:297a3e7e50a25a670172,MEMORIALS ROYAL PARTY CHIEFLY COMPOSED,MEMORIALS ROYAL PARTY CHIEFLY COMPOSED,were the memorials of the royal party chiefly composed.,AUXILIARY_DROP|ARTICLE_DROP|PREPOSITION_DROP|PUNCTUATION_DROP,synthetic_telegraphic,public_librispeech_clean,train
synthetic_telegraphic:f61c4b4dae8de20fe912,THEY SEEMED TRUSTED ALTOGETHER FAMILIAR OLD INSTRUMENTS PRAISE AND BLAME REWARD AND PUNISHMENT,THEY SEEMED TRUSTED ALTOGETHER FAMILIAR OLD INSTRUMENTS PRAISE AND BLAME REWARD AND PUNISHMENT,"They seemed to have trusted altogether to the old familiar instruments, praise and blame, reward and punishment.",PREPOSITION_DROP|AUXILIARY_DROP|ARTICLE_DROP|CONTROLLED_ADJECTIVE_ORDER|WORD_ORDER|PUNCTUATION_DROP|AGREEMENT_SIMPLIFICATION,synthetic_telegraphic,public_librispeech_clean,train
synthetic_telegraphic:4295582ebd1cc9347688,BUT SURELY IT VERY EASY JOURNEY LONDON,BUT SURELY IT VERY EASY JOURNEY LONDON,"But surely, it is a very easy journey to London.",AUXILIARY_DROP|ARTICLE_DROP|PREPOSITION_DROP|PUNCTUATION_DROP,synthetic_telegraphic,public_librispeech_clean,train
synthetic_telegraphic:f9cd8e27fa2c9c1c4229,HE ANY RATE LEARNED HIS LESSON AS IT NATURAL THAT HE,HE ANY RATE LEARNED HIS LESSON AS IT NATURAL THAT HE,"He, at any rate, had learned his lesson as it was natural that he should do.",PREPOSITION_DROP|AUXILIARY_DROP|PUNCTUATION_DROP,synthetic_telegraphic,public_librispeech_clean,train
synthetic_telegraphic:3965ef4b3c0891b25ae3,THEIR HIGH VALUE DUE IMPOSSIBILITY COMPETITION,THEIR HIGH VALUE DUE IMPOSSIBILITY COMPETITION,their high value is due to the impossibility of competition.,AUXILIARY_DROP|PREPOSITION_DROP|ARTICLE_DROP|PUNCTUATION_DROP,synthetic_telegraphic,public_librispeech_clean,train
synthetic_telegraphic:be5d1896a1f3b1be6dec,MAN GO PARK EVENING,MAN GO PARK EVENING,The man will go to the park in the evening.,ARTICLE_DROP|AUXILIARY_DROP|PREPOSITION_DROP|PUNCTUATION_DROP,synthetic_telegraphic,controlled_schedules,train
synthetic_telegraphic:e72d7c6519189ff6aad0,THIS EVENT VERY IMPORTANT MOHAMMEDAN HISTORY,THIS EVENT VERY IMPORTANT MOHAMMEDAN HISTORY,This event is very important in Mohammedan history.,AUXILIARY_DROP|PREPOSITION_DROP|PUNCTUATION_DROP,synthetic_telegraphic,public_librispeech_clean,train
synthetic_telegraphic:7312479a8bb7984fd7e5,REGIMENT REPORTERS ENTRENCHED FRONT SEATS,REGIMENT REPORTERS ENTRENCHED FRONT SEATS,"A regiment of reporters was entrenched in the front seats,.",ARTICLE_DROP|PREPOSITION_DROP|AUXILIARY_DROP|PUNCTUATION_DROP,synthetic_telegraphic,public_librispeech_clean,train
synthetic_telegraphic:513e299f3e4e7eb4b374,FIERCE BURNING INTERESTS THAT COME HIS LIFE CROWDED ONES OLD NEW,FIERCE BURNING INTERESTS THAT COME HIS LIFE CROWDED ONES OLD NEW,"The new, fierce, burning interests that came into his life crowded the old ones out.",ARTICLE_DROP|VERB_LEMMA|TENSE_NEUTRALIZATION|PREPOSITION_DROP|CONTROLLED_ADJECTIVE_ORDER|WORD_ORDER|PUNCTUATION_DROP|AGREEMENT_SIMPLIFICATION,synthetic_telegraphic,public_librispeech_clean,train
synthetic_telegraphic:e47aebd656cb9d40207e,NOT EXACTLY HE SAY I TELL YOU WHAT HE SAY,NOT EXACTLY HE SAY I TELL YOU WHAT HE SAY,"Not exactly, he said shall I tell you what he said?",VERB_LEMMA|TENSE_NEUTRALIZATION|AUXILIARY_DROP|PUNCTUATION_DROP|AGREEMENT_SIMPLIFICATION,synthetic_telegraphic,public_librispeech_clean,train
synthetic_telegraphic:52c740ce9e463fec8f32,SISTER COOK MEAL THIS AFTERNOON,SISTER COOK MEAL THIS AFTERNOON,The sister cooked meal this afternoon.,ARTICLE_DROP|VERB_LEMMA|TENSE_NEUTRALIZATION|PUNCTUATION_DROP|AGREEMENT_SIMPLIFICATION,synthetic_telegraphic,controlled_compositional,train
synthetic_telegraphic:185f5ed45032a223163f,HE INCLUDED COMPANY HIS CIRCLING TURN HEAD,HE INCLUDED COMPANY HIS CIRCLING TURN HEAD,He included the company in his circling turn of the head.,ARTICLE_DROP|PREPOSITION_DROP|PUNCTUATION_DROP,synthetic_telegraphic,public_librispeech_clean,train
synthetic_telegraphic:fe183a7a21a6ef8825b7,BROTHER BAKE BREAD TONIGHT,BROTHER BAKE BREAD TONIGHT,The brother is baking bread tonight.,ARTICLE_DROP|AUXILIARY_DROP|VERB_LEMMA|TENSE_NEUTRALIZATION|PUNCTUATION_DROP|AGREEMENT_SIMPLIFICATION,synthetic_telegraphic,controlled_compositional,validation
synthetic_telegraphic:d884cdc5dd2a625d26d1,I GLANCED HER,I GLANCED HER,I glanced down at her.,PREPOSITION_DROP|PUNCTUATION_DROP,synthetic_telegraphic,public_librispeech_clean,test
synthetic_telegraphic:0df275fc1cdc383bfa5e,HEARD AND APPROVED MY DEVOTION BUT FURIES POSSESSED ME AS I CONCLUDED AND RAGE CHOKED MY UTTERANCE,HEARD AND APPROVED MY DEVOTION BUT FURIES POSSESSED ME AS I CONCLUDED AND RAGE CHOKED MY UTTERANCE,"heard and approved my devotion, but the furies possessed me as I concluded, and rage choked my utterance.",ARTICLE_DROP|PUNCTUATION_DROP,synthetic_telegraphic,public_librispeech_clean,train
synthetic_telegraphic:817a30cda963181dc692,THEN HE AROSE AND LIFTED HIS VOICE GENERAL SILENCE,THEN HE AROSE AND LIFTED HIS VOICE GENERAL SILENCE,Then he arose and lifted his voice in the general silence.,PREPOSITION_DROP|ARTICLE_DROP|PUNCTUATION_DROP,synthetic_telegraphic,public_librispeech_clean,train
synthetic_telegraphic:72a0fcb23311687f195e,HOW I FIND HER,HOW I FIND HER,was how I found her.,AUXILIARY_DROP|VERB_LEMMA|TENSE_NEUTRALIZATION|PUNCTUATION_DROP|AGREEMENT_SIMPLIFICATION,synthetic_telegraphic,public_librispeech_clean,train
synthetic_telegraphic:7cb05d828064cd165b56,ENCHANTER FIND THIS BRIDE SO UGLY,ENCHANTER FIND THIS BRIDE SO UGLY,The enchanter found this bride so ugly.,ARTICLE_DROP|VERB_LEMMA|TENSE_NEUTRALIZATION|PUNCTUATION_DROP|AGREEMENT_SIMPLIFICATION,synthetic_telegraphic,public_librispeech_clean,train
synthetic_telegraphic:3c526bd617d37224ef67,IT PRISON PRISON,IT PRISON PRISON,It is a prison within a prison.,AUXILIARY_DROP|ARTICLE_DROP|PREPOSITION_DROP|PUNCTUATION_DROP,synthetic_telegraphic,public_librispeech_clean,train
synthetic_telegraphic:26fb346bfd94c95ca301,HERE HUGE BONEYARD FORMS FISH MOLLUSKS,HERE HUGE BONEYARD FORMS FISH MOLLUSKS,"Here a huge boneyard forms from fish, mollusks,.",ARTICLE_DROP|PREPOSITION_DROP|PUNCTUATION_DROP,synthetic_telegraphic,public_librispeech_clean,train
synthetic_telegraphic:3ff1e00dc9608e2a277c,BUT STILL YOU KNOW YOUR FATHER OLD MAN,BUT STILL YOU KNOW YOUR FATHER OLD MAN,but still you know your father is old man.,AUXILIARY_DROP|PUNCTUATION_DROP,synthetic_telegraphic,public_librispeech_clean,test
synthetic_telegraphic:66076e58f57e395239b2,MOTHER BAKE BREAKFAST TONIGHT,MOTHER BAKE BREAKFAST TONIGHT,The mother will bake breakfast tonight.,ARTICLE_DROP|AUXILIARY_DROP|PUNCTUATION_DROP,synthetic_telegraphic,controlled_compositional,train
synthetic_telegraphic:bf3a26f4139adb569953,AND VERY CONSIDERABLE ONE THAT I MAKE MATCH MYSELF,AND VERY CONSIDERABLE ONE THAT I MAKE MATCH MYSELF,and a very considerable one that I made the match myself.,ARTICLE_DROP|VERB_LEMMA|TENSE_NEUTRALIZATION|PUNCTUATION_DROP|AGREEMENT_SIMPLIFICATION,synthetic_telegraphic,public_librispeech_clean,train
synthetic_telegraphic:e8c1c7e1bcb91df7dcf9,MOTHER PREPARE DINNER TOMORROW,MOTHER PREPARE DINNER TOMORROW,The mother will prepare dinner tomorrow.,ARTICLE_DROP|AUXILIARY_DROP|PUNCTUATION_DROP,synthetic_telegraphic,controlled_compositional,train
synthetic_telegraphic:ac3fa5434e8c50cdf17d,STUDENT REVIEW GRAMMAR SCHOOL,STUDENT REVIEW GRAMMAR SCHOOL,The student will review the grammar at school.,ARTICLE_DROP|AUXILIARY_DROP|PREPOSITION_DROP|PUNCTUATION_DROP,synthetic_telegraphic,controlled_compositional,train
synthetic_telegraphic:67b4a7088fb65c86a79f,MY UNKLE ADOPTED CAT,MY UNKLE ADOPTED CAT,My unkle has adopted a cat.,AUXILIARY_DROP|ARTICLE_DROP|PUNCTUATION_DROP,synthetic_telegraphic,public_librispeech_clean,train
synthetic_telegraphic:1bd149bf653bd61e366e,SHE AND I DESTINED SAME THEATER FERROK SHAHN,SHE AND I DESTINED SAME THEATER FERROK SHAHN,She and I are destined for the same theater in Ferrok Shahn.,AUXILIARY_DROP|PREPOSITION_DROP|ARTICLE_DROP|PUNCTUATION_DROP,synthetic_telegraphic,public_librispeech_clean,test
synthetic_telegraphic:963fcaafc2eda252e721,AND AXLETREES SEEMED WORN FATIGUE,AND AXLETREES SEEMED WORN FATIGUE,and the axletrees seemed worn out with fatigue.,ARTICLE_DROP|PREPOSITION_DROP|PUNCTUATION_DROP,synthetic_telegraphic,public_librispeech_clean,test
synthetic_telegraphic:32125fdc86723db42055,HOW THESE TWO WOMAN ATTRACT YOUR ATTENTION,HOW THESE TWO WOMAN ATTRACT YOUR ATTENTION,How did these two women attract your attention?,AUXILIARY_DROP|VERB_LEMMA|TENSE_NEUTRALIZATION|PUNCTUATION_DROP|AGREEMENT_SIMPLIFICATION,synthetic_telegraphic,public_librispeech_clean,validation
synthetic_telegraphic:0c796cbb8a09865e280e,FAMILY GO STORE AFTERNOON,FAMILY GO STORE AFTERNOON,The family goes to the store in the afternoon.,ARTICLE_DROP|VERB_LEMMA|TENSE_NEUTRALIZATION|PREPOSITION_DROP|PUNCTUATION_DROP|AGREEMENT_SIMPLIFICATION,synthetic_telegraphic,controlled_schedules,train
synthetic_telegraphic:9c7b1796a7c78aabc667,YOU COME SHE PANTED LAST HEAR MY DECISION,YOU COME SHE PANTED LAST HEAR MY DECISION,"You have come, she panted out at last, to hear my decision.",AUXILIARY_DROP|PREPOSITION_DROP|PUNCTUATION_DROP,synthetic_telegraphic,public_librispeech_clean,train
synthetic_telegraphic:e9533f05ff0fea979840,WHILE ENTERING WE SALUTED MANNER BECOMING INHABITANTS THIS SAVAGE LAND,WHILE ENTERING WE SALUTED MANNER BECOMING INHABITANTS THIS SAVAGE LAND,While entering we were saluted in a manner becoming the inhabitants of this savage land.,AUXILIARY_DROP|PREPOSITION_DROP|ARTICLE_DROP|PUNCTUATION_DROP,synthetic_telegraphic,public_librispeech_clean,validation
synthetic_telegraphic:e27b1c184251b503cb2e,CHILD CATCH BALL RED PARK,CHILD CATCH BALL RED PARK,The child will catch the red ball in the park.,ARTICLE_DROP|AUXILIARY_DROP|PREPOSITION_DROP|CONTROLLED_ADJECTIVE_ORDER|WORD_ORDER|PUNCTUATION_DROP|AGREEMENT_SIMPLIFICATION,synthetic_telegraphic,controlled_compositional,validation
synthetic_telegraphic:2da634f969edef3f826f,STUDENT REVIEW HISTORY SCHOOL,STUDENT REVIEW HISTORY SCHOOL,The student will review the history at school.,ARTICLE_DROP|AUXILIARY_DROP|PREPOSITION_DROP|PUNCTUATION_DROP,synthetic_telegraphic,controlled_compositional,train
synthetic_telegraphic:5ea40b24918682e68a73,DOG GOING PLAYGROUND,DOG GOING PLAYGROUND,The dog is going to the playground.,ARTICLE_DROP|AUXILIARY_DROP|PREPOSITION_DROP|PUNCTUATION_DROP,synthetic_telegraphic,controlled_compositional,validation
synthetic_telegraphic:a0a388de2f0d5bb6568b,MOTHER GOING LIBRARY MORNING,MOTHER GOING LIBRARY MORNING,The mother is going to the library in the morning.,ARTICLE_DROP|AUXILIARY_DROP|PREPOSITION_DROP|PUNCTUATION_DROP,synthetic_telegraphic,controlled_schedules,validation
synthetic_telegraphic:c5bd7418163b4f0faf99,TOO TROUBLED ATTENTION SHE MOVE VAIN CIRCLE,TOO TROUBLED ATTENTION SHE MOVE VAIN CIRCLE,Too troubled for attention she moved in a vain circle.,PREPOSITION_DROP|VERB_LEMMA|TENSE_NEUTRALIZATION|ARTICLE_DROP|PUNCTUATION_DROP|AGREEMENT_SIMPLIFICATION,synthetic_telegraphic,public_librispeech_clean,train
synthetic_telegraphic:df82169fd12dfb40200a,FATHER SERVE RICE THIS EVENING,FATHER SERVE RICE THIS EVENING,The father will serve rice this evening.,ARTICLE_DROP|AUXILIARY_DROP|PUNCTUATION_DROP,synthetic_telegraphic,controlled_compositional,train
synthetic_telegraphic:c332fbd7b33445f0436c,AND LASTLY THERE CHANCE THAT MASTER UNDERRATE HIS OPPONENT,AND LASTLY THERE CHANCE THAT MASTER UNDERRATE HIS OPPONENT,"And, lastly, there was the chance that the Master might underrate his opponent,.",AUXILIARY_DROP|ARTICLE_DROP|PUNCTUATION_DROP,synthetic_telegraphic,public_librispeech_clean,test
synthetic_telegraphic:fda47dc752fb66ec0509,PUPPY STUDY OUTSIDE SUNNY,PUPPY STUDY OUTSIDE SUNNY,The puppy studied outside when it is sunny.,ARTICLE_DROP|VERB_LEMMA|TENSE_NEUTRALIZATION|AUXILIARY_DROP|OPTIONAL_PRONOUN_REDUCTION|PUNCTUATION_DROP|AGREEMENT_SIMPLIFICATION,synthetic_telegraphic,controlled_conditions,train
synthetic_telegraphic:febd8ccb284c0995109f,PARENT BUY VEHICLE BLACK,PARENT BUY VEHICLE BLACK,The parent bought a black vehicle.,ARTICLE_DROP|VERB_LEMMA|TENSE_NEUTRALIZATION|CONTROLLED_ADJECTIVE_ORDER|WORD_ORDER|PUNCTUATION_DROP|AGREEMENT_SIMPLIFICATION,synthetic_telegraphic,controlled_compositional,train
synthetic_telegraphic:9b50377fa5483b7b7aae,AND THAT SOMETHING BESIDES JUSTICE ACTUATED AMABEL HER TREATMENT THIS YOUNG MAN,AND THAT SOMETHING BESIDES JUSTICE ACTUATED AMABEL HER TREATMENT THIS YOUNG MAN,and that something besides justice had actuated Amabel in her treatment of this young man.,AUXILIARY_DROP|PREPOSITION_DROP|PUNCTUATION_DROP,synthetic_telegraphic,public_librispeech_clean,train
synthetic_telegraphic:47aa7e0a03479c9856fb,NO DOUBT CONTACT DANGEROUS,NO DOUBT CONTACT DANGEROUS,No doubt the contact was dangerous.,ARTICLE_DROP|AUXILIARY_DROP|PUNCTUATION_DROP,synthetic_telegraphic,public_librispeech_clean,train
synthetic_telegraphic:fedf416aef71bb73acb2,BROTHER MAKE SOUP YESTERDAY,BROTHER MAKE SOUP YESTERDAY,The brother made soup yesterday.,ARTICLE_DROP|VERB_LEMMA|TENSE_NEUTRALIZATION|PUNCTUATION_DROP|AGREEMENT_SIMPLIFICATION,synthetic_telegraphic,controlled_compositional,train
synthetic_telegraphic:53c0f5425c31ddd24717,WOMAN PREPARE SOUP THIS MORNING,WOMAN PREPARE SOUP THIS MORNING,The woman prepared soup this morning.,ARTICLE_DROP|VERB_LEMMA|TENSE_NEUTRALIZATION|PUNCTUATION_DROP|AGREEMENT_SIMPLIFICATION,synthetic_telegraphic,controlled_compositional,test
synthetic_telegraphic:b630945f6b4cbbe14bdc,SIMON SCREECHER CUT HIS WHISTLE RIGHT MIDDLE IT,SIMON SCREECHER CUT HIS WHISTLE RIGHT MIDDLE IT,Simon Screecher cut his whistle off right in the middle of it.,PREPOSITION_DROP|ARTICLE_DROP|PUNCTUATION_DROP,synthetic_telegraphic,public_librispeech_clean,train
synthetic_telegraphic:7983b60c71febd5e3810,FASHION WEARING BEARD VARIED,FASHION WEARING BEARD VARIED,The fashion of wearing the beard varied.,ARTICLE_DROP|PREPOSITION_DROP|PUNCTUATION_DROP,synthetic_telegraphic,public_librispeech_clean,train
synthetic_telegraphic:79b4ee2931bea1045f81,THIS BOY DESCRIBED MANNER WHICH THEY KILLED HELD SMOKE AND THUS CHOKED,THIS BOY DESCRIBED MANNER WHICH THEY KILLED HELD SMOKE AND THUS CHOKED,This boy described the manner in which they are killed by being held over smoke and thus choked.,ARTICLE_DROP|PREPOSITION_DROP|AUXILIARY_DROP|PUNCTUATION_DROP,synthetic_telegraphic,public_librispeech_clean,train
synthetic_telegraphic:9fa29a050b1832b1b83b,PANAMANIAN CHANGE HIS CLOTHING,PANAMANIAN CHANGE HIS CLOTHING,The Panamanian had changed his clothing.,ARTICLE_DROP|AUXILIARY_DROP|VERB_LEMMA|TENSE_NEUTRALIZATION|PUNCTUATION_DROP|AGREEMENT_SIMPLIFICATION,synthetic_telegraphic,public_librispeech_clean,train
synthetic_telegraphic:2577354a8a0d9cb63c4b,WAITED ACCORDINGLY HE AND FEW MINUTES GIMBLET,WAITED ACCORDINGLY HE AND FEW MINUTES GIMBLET,"Waited for accordingly he was and in a few minutes Gimblet,.",PREPOSITION_DROP|AUXILIARY_DROP|ARTICLE_DROP|PUNCTUATION_DROP,synthetic_telegraphic,public_librispeech_clean,train
synthetic_telegraphic:ef5f62d7d231b40e1d38,WHAT THIS RADIANT GLORY,WHAT THIS RADIANT GLORY,What was this radiant glory?,AUXILIARY_DROP|PUNCTUATION_DROP,synthetic_telegraphic,public_librispeech_clean,train
synthetic_telegraphic:c13282bba4efaa2b028b,THESE TRAITS CANNOT CHANGE OVERNIGHT,THESE TRAITS CANNOT CHANGE OVERNIGHT,These traits cannot be changed overnight.,AUXILIARY_DROP|VERB_LEMMA|TENSE_NEUTRALIZATION|PUNCTUATION_DROP|AGREEMENT_SIMPLIFICATION,synthetic_telegraphic,public_librispeech_clean,train
synthetic_telegraphic:34720f8c24e9fff91cca,RAPID TEMPI THIS ALWAYS TAKE AS COMPOUND DUPLE MEASURE DOTTED QUARTER NOTE HAVE BEAT,RAPID TEMPI THIS ALWAYS TAKE AS COMPOUND DUPLE MEASURE DOTTED QUARTER NOTE HAVE BEAT,"In rapid tempi this is always taken as compound duple measure, a dotted quarter note having a beat.",PREPOSITION_DROP|AUXILIARY_DROP|VERB_LEMMA|TENSE_NEUTRALIZATION|ARTICLE_DROP|PUNCTUATION_DROP|AGREEMENT_SIMPLIFICATION,synthetic_telegraphic,public_librispeech_clean,train
synthetic_telegraphic:5b5b4d125596bd2e07ab,YOU BRING BILL EXCHANGE YOU,YOU BRING BILL EXCHANGE YOU,Have you brought the bill of exchange with you?,AUXILIARY_DROP|VERB_LEMMA|TENSE_NEUTRALIZATION|ARTICLE_DROP|PREPOSITION_DROP|PUNCTUATION_DROP|AGREEMENT_SIMPLIFICATION,synthetic_telegraphic,public_librispeech_clean,train
synthetic_telegraphic:c8f95c73f5f216017f4b,THEY HUDDLED WAVERED BROKE COVER,THEY HUDDLED WAVERED BROKE COVER,"They huddled, wavered, broke for cover.",PREPOSITION_DROP|PUNCTUATION_DROP,synthetic_telegraphic,public_librispeech_clean,train
synthetic_telegraphic:1a1f374fa81111118716,STUDENT GO PARK AFTERNOON,STUDENT GO PARK AFTERNOON,The student will go to the park in the afternoon.,ARTICLE_DROP|AUXILIARY_DROP|PREPOSITION_DROP|PUNCTUATION_DROP,synthetic_telegraphic,controlled_schedules,train
synthetic_telegraphic:f809dd4697b3869fa859,FATHER GO LIBRARY EVENING,FATHER GO LIBRARY EVENING,The father goes to the library in the evening.,ARTICLE_DROP|VERB_LEMMA|TENSE_NEUTRALIZATION|PREPOSITION_DROP|PUNCTUATION_DROP|AGREEMENT_SIMPLIFICATION,synthetic_telegraphic,controlled_schedules,train
synthetic_telegraphic:442d3732ca8c01827cd2,STUDENT PLAY OUTSIDE WARM,STUDENT PLAY OUTSIDE WARM,The student plays outside when it is warm.,ARTICLE_DROP|VERB_LEMMA|TENSE_NEUTRALIZATION|AUXILIARY_DROP|OPTIONAL_PRONOUN_REDUCTION|PUNCTUATION_DROP|AGREEMENT_SIMPLIFICATION,synthetic_telegraphic,controlled_conditions,train
synthetic_telegraphic:ba2596c4df5af68a70f2,AND WHEN HE SAY THIS GREAT DEAL FIRMNESS,AND WHEN HE SAY THIS GREAT DEAL FIRMNESS,"And when he had said this with a great deal of firmness,.",AUXILIARY_DROP|VERB_LEMMA|TENSE_NEUTRALIZATION|PREPOSITION_DROP|ARTICLE_DROP|PUNCTUATION_DROP|AGREEMENT_SIMPLIFICATION,synthetic_telegraphic,public_librispeech_clean,train
synthetic_telegraphic:f65fbe59422ff932aae3,IT ONLY SLEEPING POTION SAY ENCHANTRESS PRINCE JASON,IT ONLY SLEEPING POTION SAY ENCHANTRESS PRINCE JASON,"It is only a sleeping potion, said the enchantress to Prince Jason.",AUXILIARY_DROP|ARTICLE_DROP|VERB_LEMMA|TENSE_NEUTRALIZATION|PREPOSITION_DROP|PUNCTUATION_DROP|AGREEMENT_SIMPLIFICATION,synthetic_telegraphic,public_librispeech_clean,validation
synthetic_telegraphic:413cd7a776bbc7f61b17,FIVE BEAT SEVEN BEAT NINE BEAT AND TWELVE BEAT MEASURES,FIVE BEAT SEVEN BEAT NINE BEAT AND TWELVE BEAT MEASURES,"Five beat, seven beat, nine beat, and twelve beat measures.",PUNCTUATION_DROP,synthetic_telegraphic,public_librispeech_clean,test
synthetic_telegraphic:0d2a41a941b01b427808,AUNT PREPARE LUNCH TODAY,AUNT PREPARE LUNCH TODAY,The aunt is preparing lunch today.,ARTICLE_DROP|AUXILIARY_DROP|VERB_LEMMA|TENSE_NEUTRALIZATION|PUNCTUATION_DROP|AGREEMENT_SIMPLIFICATION,synthetic_telegraphic,controlled_compositional,train
synthetic_telegraphic:0d5a5cd38653eb8bbb6e,CLASS READ GRAMMAR SCHOOL,CLASS READ GRAMMAR SCHOOL,The class will read the grammar at school.,ARTICLE_DROP|AUXILIARY_DROP|PREPOSITION_DROP|PUNCTUATION_DROP,synthetic_telegraphic,controlled_compositional,train
synthetic_telegraphic:449077679e92a1f352e4,WOMAN CHOOSE TABLE SMALL,WOMAN CHOOSE TABLE SMALL,The woman is choosing a small table.,ARTICLE_DROP|AUXILIARY_DROP|VERB_LEMMA|TENSE_NEUTRALIZATION|CONTROLLED_ADJECTIVE_ORDER|WORD_ORDER|PUNCTUATION_DROP|AGREEMENT_SIMPLIFICATION,synthetic_telegraphic,controlled_compositional,train
synthetic_telegraphic:9e2ee195e536cf57ad48,NO HELEN WHEN I TRUST I TRUST AND,NO HELEN WHEN I TRUST I TRUST AND,"No, Helen when I trust, I trust out and out.",PREPOSITION_DROP|PUNCTUATION_DROP,synthetic_telegraphic,public_librispeech_clean,train
synthetic_telegraphic:e5a56a8de94df00dabe9,BUT ERE LONG I FELT MYSELF GETTING PALE AND WISHED THEM GO,BUT ERE LONG I FELT MYSELF GETTING PALE AND WISHED THEM GO,"But, ere long, I felt myself getting pale and wished them gone.",VERB_LEMMA|TENSE_NEUTRALIZATION|PUNCTUATION_DROP|AGREEMENT_SIMPLIFICATION,synthetic_telegraphic,public_librispeech_clean,train
synthetic_telegraphic:c4665b04ea83ea5f7b48,AUNT BUY VEHICLE BLUE,AUNT BUY VEHICLE BLUE,The aunt will buy a blue vehicle.,ARTICLE_DROP|AUXILIARY_DROP|CONTROLLED_ADJECTIVE_ORDER|WORD_ORDER|PUNCTUATION_DROP|AGREEMENT_SIMPLIFICATION,synthetic_telegraphic,controlled_compositional,train
synthetic_telegraphic:274ed89aad02785108eb,YOU PAIN ME YOU WASTING YOUR ROW,YOU PAIN ME YOU WASTING YOUR ROW,"you pain me, you are wasting your row.",AUXILIARY_DROP|PUNCTUATION_DROP,synthetic_telegraphic,public_librispeech_clean,train
synthetic_telegraphic:a1f3173f892aa74fefde,IMPULSE I REACHED DOOR JERKED IT OPEN,IMPULSE I REACHED DOOR JERKED IT OPEN,"Upon impulse I reached for the door, jerked it open.",PREPOSITION_DROP|ARTICLE_DROP|PUNCTUATION_DROP,synthetic_telegraphic,public_librispeech_clean,train
synthetic_telegraphic:b33f183225292a1eae00,MAN GOING LIBRARY AFTERNOON,MAN GOING LIBRARY AFTERNOON,The man is going to the library in the afternoon.,ARTICLE_DROP|AUXILIARY_DROP|PREPOSITION_DROP|PUNCTUATION_DROP,synthetic_telegraphic,controlled_schedules,test
synthetic_telegraphic:6570c884ebb2618811c4,ALICE AFRAID HER BUT I HOPE THAT YOU CASSANDRA,ALICE AFRAID HER BUT I HOPE THAT YOU CASSANDRA,"Alice is afraid of her but I hope that you, Cassandra,.",AUXILIARY_DROP|PREPOSITION_DROP|PUNCTUATION_DROP,synthetic_telegraphic,public_librispeech_clean,train
synthetic_telegraphic:6a5eccce72c725f8fc9d,PARENT CHOOSE BICYCLE WHITE,PARENT CHOOSE BICYCLE WHITE,The parent is choosing a white bicycle.,ARTICLE_DROP|AUXILIARY_DROP|VERB_LEMMA|TENSE_NEUTRALIZATION|CONTROLLED_ADJECTIVE_ORDER|WORD_ORDER|PUNCTUATION_DROP|AGREEMENT_SIMPLIFICATION,synthetic_telegraphic,controlled_compositional,test
synthetic_telegraphic:50c7393aa51362bef525,MOST NATURAL THING WORLD,MOST NATURAL THING WORLD,is the most natural thing in the world.,AUXILIARY_DROP|ARTICLE_DROP|PREPOSITION_DROP|PUNCTUATION_DROP,synthetic_telegraphic,public_librispeech_clean,train
synthetic_telegraphic:d8a6760900bd8710460f,JUST ONE WORD PARTING TROPE,JUST ONE WORD PARTING TROPE,"Just one word, a parting trope.",ARTICLE_DROP|PUNCTUATION_DROP,synthetic_telegraphic,public_librispeech_clean,train
synthetic_telegraphic:cc2468247c988d024f70,STRANGE CONTRADICTIONS HUMAN HEART ITS MOST SUBLIME MOMENTS,STRANGE CONTRADICTIONS HUMAN HEART ITS MOST SUBLIME MOMENTS,Strange contradictions of the human heart at its most sublime moments.,PREPOSITION_DROP|ARTICLE_DROP|PUNCTUATION_DROP,synthetic_telegraphic,public_librispeech_clean,train
synthetic_telegraphic:d1b7c247cc86faa2aca5,GIRL RUN FAST PARK,GIRL RUN FAST PARK,The girl runs fast in the park.,ARTICLE_DROP|VERB_LEMMA|TENSE_NEUTRALIZATION|PREPOSITION_DROP|PUNCTUATION_DROP|AGREEMENT_SIMPLIFICATION,synthetic_telegraphic,controlled_compositional,train
synthetic_telegraphic:331b2a425454d71b2516,VERY SOFTLY YOU SURE CONTINUED JESSICA BUT IT HISSING JUST SAME,VERY SOFTLY YOU SURE CONTINUED JESSICA BUT IT HISSING JUST SAME,"Very softly, you may be sure, continued Jessica, but it was hissing, just the same.",AUXILIARY_DROP|ARTICLE_DROP|PUNCTUATION_DROP,synthetic_telegraphic,public_librispeech_clean,train
synthetic_telegraphic:65969a150be00b7d1242,CAT VISIT STORE,CAT VISIT STORE,The cat will visit the store.,ARTICLE_DROP|AUXILIARY_DROP|PUNCTUATION_DROP,synthetic_telegraphic,controlled_compositional,train
synthetic_telegraphic:22943e0088ed728f7bbe,HE WIND VANE OFFICES DIRECTING,HE WIND VANE OFFICES DIRECTING,He is at the wind vane offices directing.,AUXILIARY_DROP|PREPOSITION_DROP|ARTICLE_DROP|PUNCTUATION_DROP,synthetic_telegraphic,public_librispeech_clean,train
synthetic_telegraphic:141dcdd6d6bcb47ca36f,AND NO DUPLICATE ALL KNOWN WORLD,AND NO DUPLICATE ALL KNOWN WORLD,and has no duplicate in all the known world.,AUXILIARY_DROP|PREPOSITION_DROP|ARTICLE_DROP|PUNCTUATION_DROP,synthetic_telegraphic,public_librispeech_clean,train
synthetic_telegraphic:d9377cef32551e089d79,AND YELL PAIN AND ANGER SHE VANISHED DARKNESS,AND YELL PAIN AND ANGER SHE VANISHED DARKNESS,and with a yell of pain and anger she vanished into the darkness.,PREPOSITION_DROP|ARTICLE_DROP|PUNCTUATION_DROP,synthetic_telegraphic,public_librispeech_clean,train
synthetic_telegraphic:81b3e8482952bdb6caed,ME GLAD HEAR IT SAY FIDDLER,ME GLAD HEAR IT SAY FIDDLER,"I am glad to hear it, says the Fiddler.",AUXILIARY_DROP|PREPOSITION_DROP|VERB_LEMMA|TENSE_NEUTRALIZATION|ARTICLE_DROP|OPTIONAL_PRONOUN_REDUCTION|PUNCTUATION_DROP|AGREEMENT_SIMPLIFICATION,synthetic_telegraphic,public_librispeech_clean,train
synthetic_telegraphic:0f8864f8dc7f8cf282cb,OR LIFELESS SUPERIOR NUMBERS,OR LIFELESS SUPERIOR NUMBERS,or lifeless before superior numbers.,PREPOSITION_DROP|PUNCTUATION_DROP,synthetic_telegraphic,public_librispeech_clean,test
synthetic_telegraphic:aaf1e9fd1a013ee813d0,HE ALIVE SAY SHE BUT LONG TIME AGO RHINOCEROS CARRIED HIM ITS HORN,HE ALIVE SAY SHE BUT LONG TIME AGO RHINOCEROS CARRIED HIM ITS HORN,He is alive said she but a long time ago a rhinoceros carried him off on its horn.,AUXILIARY_DROP|VERB_LEMMA|TENSE_NEUTRALIZATION|ARTICLE_DROP|PREPOSITION_DROP|PUNCTUATION_DROP|AGREEMENT_SIMPLIFICATION,synthetic_telegraphic,public_librispeech_clean,train
synthetic_telegraphic:74ba6b9be5b8961c0e2b,AUNT BUY TABLE RED,AUNT BUY TABLE RED,The aunt bought a red table.,ARTICLE_DROP|VERB_LEMMA|TENSE_NEUTRALIZATION|CONTROLLED_ADJECTIVE_ORDER|WORD_ORDER|PUNCTUATION_DROP|AGREEMENT_SIMPLIFICATION,synthetic_telegraphic,controlled_compositional,train
synthetic_telegraphic:e0022e23c6b70263393a,WOMAN SELL GIFT SMALL,WOMAN SELL GIFT SMALL,The woman sells a small gift.,ARTICLE_DROP|VERB_LEMMA|TENSE_NEUTRALIZATION|CONTROLLED_ADJECTIVE_ORDER|WORD_ORDER|PUNCTUATION_DROP|AGREEMENT_SIMPLIFICATION,synthetic_telegraphic,controlled_compositional,train
synthetic_telegraphic:7c624d5e82d56e948af9,STUDENT VISIT SCHOOL,STUDENT VISIT SCHOOL,The student visited the school.,ARTICLE_DROP|VERB_LEMMA|TENSE_NEUTRALIZATION|PUNCTUATION_DROP|AGREEMENT_SIMPLIFICATION,synthetic_telegraphic,controlled_compositional,train
synthetic_telegraphic:c915e9da389cda3793f1,POSSESSION ALONE PRODUCED ALL THAT,POSSESSION ALONE PRODUCED ALL THAT,Possession alone produced all that.,PUNCTUATION_DROP,synthetic_telegraphic,public_librispeech_clean,test
synthetic_telegraphic:2de5bcb1de518fe2cba9,NEITHER MISSES SPENCER ALTHOUGH SHE GENERALLY,NEITHER MISSES SPENCER ALTHOUGH SHE GENERALLY,Neither was misses Spencer although she generally is.,AUXILIARY_DROP|PUNCTUATION_DROP,synthetic_telegraphic,public_librispeech_clean,train
synthetic_telegraphic:fb13e059e6e4261566d2,AND STEPPED RANKS,AND STEPPED RANKS,and stepped out of the ranks.,PREPOSITION_DROP|ARTICLE_DROP|PUNCTUATION_DROP,synthetic_telegraphic,public_librispeech_clean,train
synthetic_telegraphic:4d5e98fe297d9b0ae78f,ROUND ROCKS AND SHALLOWS AND MUD SHE ROWED,ROUND ROCKS AND SHALLOWS AND MUD SHE ROWED,"Round rocks, and over shallows, and through mud she rowed,.",PREPOSITION_DROP|PUNCTUATION_DROP,synthetic_telegraphic,public_librispeech_clean,train
synthetic_telegraphic:0c7484f1b0652dbbacd5,ME FELT TENDER PITY WHICH INTERESTED ME HIS BEHALF OR RATHER NATURE ITS DUTY,ME FELT TENDER PITY WHICH INTERESTED ME HIS BEHALF OR RATHER NATURE ITS DUTY,"I felt a tender pity, which interested me on his behalf, or rather, nature did its duty.",ARTICLE_DROP|PREPOSITION_DROP|AUXILIARY_DROP|OPTIONAL_PRONOUN_REDUCTION|PUNCTUATION_DROP|AGREEMENT_SIMPLIFICATION,synthetic_telegraphic,public_librispeech_clean,train
synthetic_telegraphic:5a2f128d67da030bc446,BOY VISIT STATION,BOY VISIT STATION,The boy is visiting the station.,ARTICLE_DROP|AUXILIARY_DROP|VERB_LEMMA|TENSE_NEUTRALIZATION|PUNCTUATION_DROP|AGREEMENT_SIMPLIFICATION,synthetic_telegraphic,controlled_compositional,test
synthetic_telegraphic:8d4bb79dec09d30977a9,DESIRE DRUG SOMETHING TERRIBLE,DESIRE DRUG SOMETHING TERRIBLE,The desire for the drug was something terrible.,ARTICLE_DROP|PREPOSITION_DROP|AUXILIARY_DROP|PUNCTUATION_DROP,synthetic_telegraphic,public_librispeech_clean,train
synthetic_telegraphic:ee7bc4ac96d78194bcb8,SINCE PUBLIC INTEREST STAKE AND TRANSOCEANIC TRAVEL SUFFERING,SINCE PUBLIC INTEREST STAKE AND TRANSOCEANIC TRAVEL SUFFERING,"Since the public interest was at stake and transoceanic travel was suffering,.",ARTICLE_DROP|AUXILIARY_DROP|PREPOSITION_DROP|PUNCTUATION_DROP,synthetic_telegraphic,public_librispeech_clean,train
synthetic_telegraphic:1a2424429a763ce72f80,OPEN FOREPEAK HATCH I HEARD SPLASHING THERE,OPEN FOREPEAK HATCH I HEARD SPLASHING THERE,After opening the forepeak hatch I heard splashing in there.,PREPOSITION_DROP|VERB_LEMMA|TENSE_NEUTRALIZATION|ARTICLE_DROP|PUNCTUATION_DROP|AGREEMENT_SIMPLIFICATION,synthetic_telegraphic,public_librispeech_clean,train
synthetic_telegraphic:d3a2a398be13d7b3d3fb,JUNIORS FOREVER HURRAH FANS HURRAH OUR TEAM WINNER OUR,JUNIORS FOREVER HURRAH FANS HURRAH OUR TEAM WINNER OUR,"The juniors forever, hurrah, fans, hurrah Our team is a winner, our.",ARTICLE_DROP|AUXILIARY_DROP|PUNCTUATION_DROP,synthetic_telegraphic,public_librispeech_clean,train
